{
    "0": {
        "0.1": {
            "0": 95.44,
            "1": 94.8,
            "hypercube": 92.16
        },
        "0.2": {
            "0": 90.56,
            "1": 85.52,
            "hypercube": 78.48
        },
        "0.3": {
            "0": 84.64,
            "1": 79.36,
            "hypercube": 67.12
        },
        "0.4": {
            "0": 78.32000000000001,
            "1": 71.92,
            "hypercube": 55.52
        },
        "0.5": {
            "0": 69.92,
            "1": 66.4,
            "hypercube": 46.08
        },
        "0.6": {
            "0": 62.160000000000004,
            "1": 58.160000000000004,
            "hypercube": 35.6
        },
        "0.7": {
            "0": 51.76,
            "1": 52.080000000000005,
            "hypercube": 24.48
        },
        "0.8": {
            "0": 42.8,
            "1": 43.120000000000005,
            "hypercube": 16.96
        },
        "0.9": {
            "0": 27.439999999999998,
            "1": 32.08,
            "hypercube": 9.36
        }
    },
    "1": {
        "0.1": {
            "0": 91.67999999999999,
            "1": 95.52000000000001,
            "hypercube": 89.75999999999999
        },
        "0.2": {
            "0": 88.24,
            "1": 86.88,
            "hypercube": 78.08
        },
        "0.3": {
            "0": 78.64,
            "1": 83.36,
            "hypercube": 65.84
        },
        "0.4": {
            "0": 74.16,
            "1": 79.2,
            "hypercube": 58.64
        },
        "0.5": {
            "0": 65.2,
            "1": 73.04,
            "hypercube": 46.64
        },
        "0.6": {
            "0": 56.08,
            "1": 67.04,
            "hypercube": 35.52
        },
        "0.7": {
            "0": 49.28,
            "1": 59.040000000000006,
            "hypercube": 26.8
        },
        "0.8": {
            "0": 38.4,
            "1": 44.72,
            "hypercube": 16.32
        },
        "0.9": {
            "0": 30.959999999999997,
            "1": 36.16,
            "hypercube": 10.32
        }
    },
    "2": {
        "0.1": {
            "0": 93.92,
            "1": 89.12,
            "hypercube": 85.52
        },
        "0.2": {
            "0": 88.24,
            "1": 78.88,
            "hypercube": 70.64
        },
        "0.3": {
            "0": 83.84,
            "1": 73.11999999999999,
            "hypercube": 61.199999999999996
        },
        "0.4": {
            "0": 77.60000000000001,
            "1": 68.0,
            "hypercube": 51.12
        },
        "0.5": {
            "0": 70.88,
            "1": 60.31999999999999,
            "hypercube": 41.92
        },
        "0.6": {
            "0": 62.08,
            "1": 53.92,
            "hypercube": 32.4
        },
        "0.7": {
            "0": 54.96,
            "1": 51.76,
            "hypercube": 27.439999999999998
        },
        "0.8": {
            "0": 50.56,
            "1": 45.36,
            "hypercube": 22.16
        },
        "0.9": {
            "0": 38.16,
            "1": 30.64,
            "hypercube": 11.68
        }
    },
    "3": {
        "0.1": {
            "0": 94.64,
            "1": 94.96,
            "hypercube": 91.28
        },
        "0.2": {
            "0": 91.44,
            "1": 91.03999999999999,
            "hypercube": 84.39999999999999
        },
        "0.3": {
            "0": 80.64,
            "1": 84.16,
            "hypercube": 67.67999999999999
        },
        "0.4": {
            "0": 78.0,
            "1": 78.8,
            "hypercube": 60.56
        },
        "0.5": {
            "0": 72.16,
            "1": 73.04,
            "hypercube": 51.04
        },
        "0.6": {
            "0": 64.4,
            "1": 63.68000000000001,
            "hypercube": 40.0
        },
        "0.7": {
            "0": 59.519999999999996,
            "1": 55.52,
            "hypercube": 31.759999999999998
        },
        "0.8": {
            "0": 48.4,
            "1": 43.519999999999996,
            "hypercube": 20.880000000000003
        },
        "0.9": {
            "0": 31.36,
            "1": 35.199999999999996,
            "hypercube": 11.76
        }
    },
    "4": {
        "0.1": {
            "0": 95.12,
            "1": 94.16,
            "hypercube": 91.60000000000001
        },
        "0.2": {
            "0": 92.56,
            "1": 90.96,
            "hypercube": 85.92
        },
        "0.3": {
            "0": 83.91999999999999,
            "1": 84.88,
            "hypercube": 72.48
        },
        "0.4": {
            "0": 80.47999999999999,
            "1": 76.08,
            "hypercube": 61.36000000000001
        },
        "0.5": {
            "0": 76.48,
            "1": 67.67999999999999,
            "hypercube": 51.04
        },
        "0.6": {
            "0": 73.28,
            "1": 62.0,
            "hypercube": 45.440000000000005
        },
        "0.7": {
            "0": 60.96,
            "1": 56.24,
            "hypercube": 34.96
        },
        "0.8": {
            "0": 46.239999999999995,
            "1": 43.120000000000005,
            "hypercube": 18.96
        },
        "0.9": {
            "0": 28.64,
            "1": 30.0,
            "hypercube": 9.84
        }
    },
    "5": {
        "0.1": {
            "0": 93.59487590072058,
            "1": 94.71577261809448,
            "hypercube": 90.63250600480384
        },
        "0.2": {
            "0": 86.22898318654923,
            "1": 89.83186549239392,
            "hypercube": 79.02321857485988
        },
        "0.3": {
            "0": 81.66533226581265,
            "1": 82.94635708566854,
            "hypercube": 69.17534027221778
        },
        "0.4": {
            "0": 74.45956765412329,
            "1": 78.14251401120896,
            "hypercube": 58.206565252201756
        },
        "0.5": {
            "0": 65.97277822257807,
            "1": 76.30104083266613,
            "hypercube": 49.55964771817454
        },
        "0.6": {
            "0": 60.448358686949554,
            "1": 64.61168935148119,
            "hypercube": 37.630104083266616
        },
        "0.7": {
            "0": 56.44515612489992,
            "1": 57.08566853482786,
            "hypercube": 30.184147317854283
        },
        "0.8": {
            "0": 48.35868694955965,
            "1": 40.27221777421938,
            "hypercube": 17.69415532425941
        },
        "0.9": {
            "0": 31.785428342674138,
            "1": 32.90632506004803,
            "hypercube": 10.568454763811049
        }
    },
    "6": {
        "0.1": {
            "0": 94.07526020816654,
            "1": 94.71577261809448,
            "hypercube": 90.79263410728583
        },
        "0.2": {
            "0": 90.63250600480384,
            "1": 89.59167333867094,
            "hypercube": 82.78622898318655
        },
        "0.3": {
            "0": 87.42994395516413,
            "1": 83.18654923939151,
            "hypercube": 74.29943955164131
        },
        "0.4": {
            "0": 83.58686949559647,
            "1": 71.65732586068854,
            "hypercube": 61.32906325060048
        },
        "0.5": {
            "0": 75.5004003202562,
            "1": 60.76861489191353,
            "hypercube": 47.71817453963171
        },
        "0.6": {
            "0": 69.41553242594075,
            "1": 52.602081665332264,
            "hypercube": 36.82946357085669
        },
        "0.7": {
            "0": 51.48118494795837,
            "1": 44.59567654123299,
            "hypercube": 23.058446757405925
        },
        "0.8": {
            "0": 39.31144915932746,
            "1": 39.63170536429143,
            "hypercube": 16.413130504403522
        },
        "0.9": {
            "0": 30.904723779023218,
            "1": 27.702161729383505,
            "hypercube": 9.287429943955164
        }
    },
    "7": {
        "0.1": {
            "0": 95.6765412329864,