{
    "0": {
        "0.1": {
            "0": 94.64,
            "1": 94.0,
            "hypercube": 90.88000000000001
        },
        "0.2": {
            "0": 90.24,
            "1": 87.92,
            "hypercube": 81.04
        },
        "0.3": {
            "0": 84.72,
            "1": 83.28,
            "hypercube": 71.6
        },
        "0.4": {
            "0": 78.0,
            "1": 72.0,
            "hypercube": 57.120000000000005
        },
        "0.5": {
            "0": 72.39999999999999,
            "1": 62.63999999999999,
            "hypercube": 45.92
        },
        "0.6": {
            "0": 60.160000000000004,
            "1": 56.879999999999995,
            "hypercube": 35.04
        },
        "0.7": {
            "0": 52.400000000000006,
            "1": 51.12,
            "hypercube": 27.200000000000003
        },
        "0.8": {
            "0": 40.239999999999995,
            "1": 45.36,
            "hypercube": 18.8
        },
        "0.9": {
            "0": 24.08,
            "1": 30.080000000000002,
            "hypercube": 7.84
        }
    },
    "1": {
        "0.1": {
            "0": 89.60000000000001,
            "1": 96.0,
            "hypercube": 87.44
        },
        "0.2": {
            "0": 82.88,
            "1": 91.84,
            "hypercube": 77.92
        },
        "0.3": {
            "0": 78.48,
            "1": 86.4,
            "hypercube": 69.36
        },
        "0.4": {
            "0": 71.2,
            "1": 78.16,
            "hypercube": 56.8
        },
        "0.5": {
            "0": 63.44,
            "1": 72.72,
            "hypercube": 46.96
        },
        "0.6": {
            "0": 58.48,
            "1": 65.60000000000001,
            "hypercube": 39.04
        },
        "0.7": {
            "0": 46.72,
            "1": 52.559999999999995,
            "hypercube": 23.919999999999998
        },
        "0.8": {
            "0": 34.48,
            "1": 42.64,
            "hypercube": 13.28
        },
        "0.9": {
            "0": 25.759999999999998,
            "1": 29.360000000000003,
            "hypercube": 7.4399999999999995
        }
    },
    "2": {
        "0.1": {
            "0": 97.6,
            "1": 93.04,
            "hypercube": 92.56
        },
        "0.2": {
            "0": 89.03999999999999,
            "1": 85.76,
            "hypercube": 78.16
        },
        "0.3": {
            "0": 81.76,
            "1": 76.48,
            "hypercube": 63.68000000000001
        },
        "0.4": {
            "0": 76.24,
            "1": 64.48,
            "hypercube": 50.72
        },
        "0.5": {
            "0": 70.96000000000001,
            "1": 58.64,
            "hypercube": 42.88
        },
        "0.6": {
            "0": 64.88000000000001,
            "1": 51.839999999999996,
            "hypercube": 34.64
        },
        "0.7": {
            "0": 58.24,
            "1": 47.760000000000005,
            "hypercube": 27.6
        },
        "0.8": {
            "0": 47.92,
            "1": 39.76,
            "hypercube": 18.0
        },
        "0.9": {
            "0": 30.56,
            "1": 31.840000000000003,
            "hypercube": 9.2
        }
    },
    "3": {
        "0.1": {
            "0": 94.08,
            "1": 93.44,
            "hypercube": 89.28
        },
        "0.2": {
            "0": 92.24,
            "1": 90.64,
            "hypercube": 84.96000000000001
        },
        "0.3": {
            "0": 85.68,
            "1": 89.75999999999999,
            "hypercube": 78.0
        },
        "0.4": {
            "0": 76.24,
            "1": 81.84,
            "hypercube": 63.6
        },
        "0.5": {
            "0": 70.64,
            "1": 68.4,
            "hypercube": 49.120000000000005
        },
        "0.6": {
            "0": 62.4,
            "1": 58.8,
            "hypercube": 36.559999999999995
        },
        "0.7": {
            "0": 54.879999999999995,
            "1": 44.48,
            "hypercube": 22.88
        },
        "0.8": {
            "0": 49.120000000000005,
            "1": 37.519999999999996,
            "hypercube": 16.32
        },
        "0.9": {
            "0": 24.72,
            "1": 25.6,
            "hypercube": 5.28
        }
    },
    "4": {
        "0.1": {
            "0": 95.92,
            "1": 95.52000000000001,
            "hypercube": 93.28
        },
        "0.2": {
            "0": 92.88,
            "1": 91.84,
            "hypercube": 87.36
        },
        "0.3": {
            "0": 85.92,
            "1": 85.11999999999999,
            "hypercube": 74.64
        },
        "0.4": {
            "0": 81.04,
            "1": 81.36,
            "hypercube": 67.04
        },
        "0.5": {
            "0": 78.24,
            "1": 74.08,
            "hypercube": 59.519999999999996
        },
        "0.6": {
            "0": 73.68,
            "1": 63.6,
            "hypercube": 48.64
        },
        "0.7": {
            "0": 63.92,
            "1": 47.28,
            "hypercube": 30.72
        },
        "0.8": {
            "0": 42.32,
            "1": 38.4,
            "hypercube": 16.32
        },
        "0.9": {
            "0": 26.56,
            "1": 21.2,
            "hypercube": 5.4399999999999995
        }
    },
    "5": {
        "0.1": {
            "0": 91.43314651721377,
            "1": 93.2746196957566,
            "hypercube": 87.18975180144115
        },
        "0.2": {
            "0": 86.38911128903123,
            "1": 87.34987990392314,
            "hypercube": 77.18174539631705
        },
        "0.3": {
            "0": 78.54283426741392,
            "1": 82.46597277822258,
            "hypercube": 66.21297037630104
        },
        "0.4": {
            "0": 68.45476381104884,
            "1": 74.29943955164131,
            "hypercube": 52.602081665332264
        },
        "0.5": {
            "0": 62.85028022417934,
            "1": 67.65412329863891,
            "hypercube": 43.71497197758207
        },
        "0.6": {
            "0": 57.16573258606885,
            "1": 58.28662930344275,
            "hypercube": 33.14651721377101
        },
        "0.7": {
            "0": 47.55804643714972,
            "1": 55.64451561248999,
            "hypercube": 26.261008807045638
        },
        "0.8": {
            "0": 37.06965572457966,
            "1": 46.27702161729383,
            "hypercube": 17.21377101681345
        },
        "0.9": {
            "0": 28.182546036829464,
            "1": 33.226581265012015,
            "hypercube": 9.44755804643715
        }
    },
    "6": {
        "0.1": {
            "0": 94.23538831064852,
            "1": 92.95436349079263,
            "hypercube": 89.43154523618895
        },
        "0.2": {
            "0": 90.47237790232185,
            "1": 84.78783026421138,
            "hypercube": 78.06244995996798
        },
        "0.3": {
            "0": 85.10808646917533,
            "1": 79.58366693354684,
            "hypercube": 68.77502001601282
        },
        "0.4": {
            "0": 82.70616493194555,
            "1": 75.6605284227382,
            "hypercube": 63.41072858286629
        },
        "0.5": {
            "0": 78.54283426741392,
            "1": 70.37630104083267,
            "hypercube": 55.484387510008006
        },
        "0.6": {
            "0": 69.73578863090472,
            "1": 60.368294635708565,
            "hypercube": 42.03362690152122
        },
        "0.7": {
            "0": 53.803042433947155,
            "1": 54.68374699759808,
            "hypercube": 28.502802241793436
        },
        "0.8": {
            "0": 40.51240992794236,
            "1": 43.23458767013611,
            "hypercube": 15.852682145716573
        },
        "0.9": {
            "0": 27.381905524419537,
            "1": 28.422738190552444,
            "hypercube": 7.686148919135308
        }
    },
    "7": {
        "0.1": {
            "0": 95.03602882305844,