{
    "0": {
        "0.1": {
            "0": 93.84,
            "1": 92.4,
            "hypercube": 88.56
        },
        "0.2": {
            "0": 89.68,
            "1": 87.83999999999999,
            "hypercube": 80.4
        },
        "0.3": {
            "0": 86.96000000000001,
            "1": 84.08,
            "hypercube": 74.48
        },
        "0.4": {
            "0": 80.32000000000001,
            "1": 72.96000000000001,
            "hypercube": 59.519999999999996
        },
        "0.5": {
            "0": 72.72,
            "1": 65.28,
            "hypercube": 48.24
        },
        "0.6": {
            "0": 59.199999999999996,
            "1": 55.279999999999994,
            "hypercube": 33.6
        },
        "0.7": {
            "0": 52.400000000000006,
            "1": 51.12,
            "hypercube": 27.200000000000003
        },
        "0.8": {
            "0": 41.28,
            "1": 46.88,
            "hypercube": 19.6
        },
        "0.9": {
            "0": 25.52,
            "1": 30.320000000000004,
            "hypercube": 8.559999999999999
        }
    },
    "1": {
        "0.1": {
            "0": 89.60000000000001,
            "1": 96.0,
            "hypercube": 87.44
        },
        "0.2": {
            "0": 82.88,
            "1": 91.84,
            "hypercube": 77.92
        },
        "0.3": {
            "0": 73.92,
            "1": 84.96000000000001,
            "hypercube": 64.32
        },
        "0.4": {
            "0": 71.2,
            "1": 78.16,
            "hypercube": 56.8
        },
        "0.5": {
            "0": 62.4,
            "1": 72.64,
            "hypercube": 46.0
        },
        "0.6": {
            "0": 56.56,
            "1": 63.839999999999996,
            "hypercube": 36.8
        },
        "0.7": {
            "0": 46.72,
            "1": 52.559999999999995,
            "hypercube": 23.919999999999998
        },
        "0.8": {
            "0": 34.48,
            "1": 42.64,
            "hypercube": 13.28
        },
        "0.9": {
            "0": 25.759999999999998,
            "1": 29.360000000000003,
            "hypercube": 7.4399999999999995
        }
    },
    "2": {
        "0.1": {
            "0": 92.96,
            "1": 89.28,
            "hypercube": 84.8
        },
        "0.2": {
            "0": 88.4,
            "1": 82.08,
            "hypercube": 74.16
        },
        "0.3": {
            "0": 81.28,
            "1": 76.4,
            "hypercube": 63.28
        },
        "0.4": {
            "0": 76.24,
            "1": 64.48,
            "hypercube": 50.72
        },
        "0.5": {
            "0": 70.96000000000001,
            "1": 58.64,
            "hypercube": 42.88
        },
        "0.6": {
            "0": 65.36,
            "1": 53.44,
            "hypercube": 35.52
        },
        "0.7": {
            "0": 60.72,
            "1": 49.6,
            "hypercube": 30.48
        },
        "0.8": {
            "0": 53.839999999999996,
            "1": 42.16,
            "hypercube": 22.24
        },
        "0.9": {
            "0": 35.92,
            "1": 33.12,
            "hypercube": 11.360000000000001
        }
    },
    "3": {
        "0.1": {
            "0": 94.08,
            "1": 93.44,
            "hypercube": 89.28
        },
        "0.2": {
            "0": 92.24,
            "1": 90.64,
            "hypercube": 84.96000000000001
        },
        "0.3": {
            "0": 87.36,
            "1": 89.92,
            "hypercube": 79.67999999999999
        },
        "0.4": {
            "0": 78.0,
            "1": 83.12,
            "hypercube": 66.16
        },
        "0.5": {
            "0": 71.76,
            "1": 69.19999999999999,
            "hypercube": 50.480000000000004
        },
        "0.6": {
            "0": 62.0,
            "1": 58.8,
            "hypercube": 36.16
        },
        "0.7": {
            "0": 56.32,
            "1": 46.32,
            "hypercube": 25.44
        },
        "0.8": {
            "0": 50.32,
            "1": 38.800000000000004,
            "hypercube": 17.76
        },
        "0.9": {
            "0": 23.119999999999997,
            "1": 22.720000000000002,
            "hypercube": 4.24
        }
    },
    "4": {
        "0.1": {
            "0": 95.76,
            "1": 95.12,
            "hypercube": 92.88
        },
        "0.2": {
            "0": 92.32000000000001,
            "1": 90.96,
            "hypercube": 85.92
        },
        "0.3": {
            "0": 85.68,
            "1": 85.04,
            "hypercube": 74.32
        },
        "0.4": {
            "0": 80.80000000000001,
            "1": 81.04,
            "hypercube": 66.47999999999999
        },
        "0.5": {
            "0": 78.24,
            "1": 74.08,
            "hypercube": 59.519999999999996
        },
        "0.6": {
            "0": 74.0,
            "1": 65.36,
            "hypercube": 50.080000000000005
        },
        "0.7": {
            "0": 64.32,
            "1": 53.04,
            "hypercube": 35.120000000000005
        },
        "0.8": {
            "0": 47.68,
            "1": 39.36,
            "hypercube": 18.56
        },
        "0.9": {
            "0": 32.96,
            "1": 30.159999999999997,
            "hypercube": 9.68
        }
    },
    "5": {
        "0.1": {
            "0": 91.35308246597278,
            "1": 91.43314651721377,
            "hypercube": 85.5084067253803
        },
        "0.2": {
            "0": 86.38911128903123,
            "1": 87.10968775020017,
            "hypercube": 76.94155324259407
        },
        "0.3": {
            "0": 78.54283426741392,
            "1": 82.46597277822258,
            "hypercube": 66.21297037630104
        },
        "0.4": {
            "0": 68.45476381104884,
            "1": 74.29943955164131,
            "hypercube": 52.602081665332264
        },
        "0.5": {
            "0": 61.809447558046436,
            "1": 65.41232986389112,
            "hypercube": 41.47317854283427
        },
        "0.6": {
            "0": 58.52682145716573,
            "1": 58.52682145716573,
            "hypercube": 34.34747798238591
        },
        "0.7": {
            "0": 51.080864691753405,
            "1": 55.64451561248999,
            "hypercube": 28.022417934347477
        },
        "0.8": {
            "0": 40.27221777421938,
            "1": 47.23779023218575,
            "hypercube": 18.975180144115292
        },
        "0.9": {
            "0": 28.182546036829464,
            "1": 33.226581265012015,
            "hypercube": 9.44755804643715
        }
    },
    "6": {
        "0.1": {
            "0": 94.15532425940752,
            "1": 92.87429943955165,
            "hypercube": 89.27141713370696
        },
        "0.2": {
            "0": 90.47237790232185,
            "1": 84.3875100080064,
            "hypercube": 77.662129703763
        },
        "0.3": {
            "0": 85.10808646917533,
            "1": 78.06244995996798,
            "hypercube": 67.33386709367494
        },
        "0.4": {
            "0": 83.02642113690952,
            "1": 76.46116893514812,
            "hypercube": 64.21136909527621
        },
        "0.5": {
            "0": 80.0640512409928,
            "1": 71.01681345076061,
            "hypercube": 57.32586068855085
        },
        "0.6": {
            "0": 73.81905524419535,
            "1": 63.250600480384314,
            "hypercube": 47.157726180944756
        },
        "0.7": {
            "0": 61.1689351481185,
            "1": 59.647718174539634,
            "hypercube": 35.86869495596477
        },
        "0.8": {
            "0": 40.352281825460366,
            "1": 42.43394715772618,
            "hypercube": 15.532425940752603
        },
        "0.9": {
            "0": 26.261008807045638,
            "1": 28.102481985588472,
            "hypercube": 7.365892714171338
        }
    },