{
    "0": {
        "0.05131670194948623": {
            "0": 96.72,
            "1": 96.24000000000001,
            "hypercube": 94.32000000000001
        },
        "0.10557280900008414": {
            "0": 91.44,
            "1": 87.44,
            "hypercube": 81.28
        },
        "0.16333997346592444": {
            "0": 86.56,
            "1": 80.72,
            "hypercube": 70.16
        },
        "0.2254033307585166": {
            "0": 80.96,
            "1": 75.28,
            "hypercube": 60.56
        },
        "0.2928932188134524": {
            "0": 70.88,
            "1": 68.8,
            "hypercube": 47.92
        },
        "0.3675444679663241": {
            "0": 63.36000000000001,
            "1": 62.56,
            "hypercube": 38.96
        },
        "0.4522774424948338": {
            "0": 53.76,
            "1": 53.12,
            "hypercube": 26.479999999999997
        },
        "0.5527864045000421": {
            "0": 45.839999999999996,
            "1": 46.400000000000006,
            "hypercube": 19.040000000000003
        },
        "0.6837722339831621": {
            "0": 30.8,
            "1": 33.36,
            "hypercube": 10.879999999999999
        }
    },
    "1": {
        "0.05131670194948623": {
            "0": 95.44,
            "1": 95.84,
            "hypercube": 93.60000000000001
        },
        "0.10557280900008414": {
            "0": 88.72,
            "1": 88.88000000000001,
            "hypercube": 80.4
        },
        "0.16333997346592444": {
            "0": 81.6,
            "1": 83.91999999999999,
            "hypercube": 68.88
        },
        "0.2254033307585166": {
            "0": 74.64,
            "1": 79.2,
            "hypercube": 58.96
        },
        "0.2928932188134524": {
            "0": 66.24,
            "1": 73.11999999999999,
            "hypercube": 47.52
        },
        "0.3675444679663241": {
            "0": 58.879999999999995,
            "1": 67.60000000000001,
            "hypercube": 38.4
        },
        "0.4522774424948338": {
            "0": 49.76,
            "1": 59.199999999999996,
            "hypercube": 27.12
        },
        "0.5527864045000421": {
            "0": 41.839999999999996,
            "1": 44.72,
            "hypercube": 17.28
        },
        "0.6837722339831621": {
            "0": 31.119999999999997,
            "1": 36.24,
            "hypercube": 10.48
        }
    },
    "2": {
        "0.05131670194948623": {
            "0": 94.32000000000001,
            "1": 89.84,
            "hypercube": 86.56
        },
        "0.10557280900008414": {
            "0": 88.24,
            "1": 79.03999999999999,
            "hypercube": 70.8
        },
        "0.16333997346592444": {
            "0": 84.56,
            "1": 74.08,
            "hypercube": 62.72
        },
        "0.2254033307585166": {
            "0": 79.03999999999999,
            "1": 69.84,
            "hypercube": 54.0
        },
        "0.2928932188134524": {
            "0": 70.88,
            "1": 60.96,
            "hypercube": 42.24
        },
        "0.3675444679663241": {
            "0": 63.519999999999996,
            "1": 54.879999999999995,
            "hypercube": 33.68
        },
        "0.4522774424948338": {
            "0": 56.32,
            "1": 53.52,
            "hypercube": 28.96
        },
        "0.5527864045000421": {
            "0": 50.63999999999999,
            "1": 45.6,
            "hypercube": 22.32
        },
        "0.6837722339831621": {
            "0": 38.879999999999995,
            "1": 32.96,
            "hypercube": 12.8
        }
    },
    "3": {
        "0.05131670194948623": {
            "0": 95.44,
            "1": 96.16,
            "hypercube": 93.2
        },
        "0.10557280900008414": {
            "0": 92.80000000000001,
            "1": 91.67999999999999,
            "hypercube": 86.32
        },
        "0.16333997346592444": {
            "0": 83.44,
            "1": 84.39999999999999,
            "hypercube": 70.39999999999999
        },
        "0.2254033307585166": {
            "0": 78.48,
            "1": 80.72,
            "hypercube": 62.63999999999999
        },
        "0.2928932188134524": {
            "0": 74.56,
            "1": 73.83999999999999,
            "hypercube": 53.68000000000001
        },
        "0.3675444679663241": {
            "0": 66.56,
            "1": 66.56,
            "hypercube": 43.04
        },
        "0.4522774424948338": {
            "0": 61.44,
            "1": 56.720000000000006,
            "hypercube": 33.92
        },
        "0.5527864045000421": {
            "0": 51.76,
            "1": 45.6,
            "hypercube": 22.8
        },
        "0.6837722339831621": {
            "0": 31.6,
            "1": 37.28,
            "hypercube": 12.479999999999999
        }
    },
    "4": {
        "0.05131670194948623": {
            "0": 95.6,
            "1": 94.8,
            "hypercube": 92.72
        },
        "0.10557280900008414": {
            "0": 92.56,
            "1": 90.96,
            "hypercube": 85.92
        },
        "0.16333997346592444": {
            "0": 86.8,
            "1": 85.04,
            "hypercube": 75.52
        },
        "0.2254033307585166": {
            "0": 80.88,
            "1": 76.55999999999999,
            "hypercube": 62.239999999999995
        },
        "0.2928932188134524": {
            "0": 76.55999999999999,
            "1": 67.84,
            "hypercube": 51.28
        },
        "0.3675444679663241": {
            "0": 73.52,
            "1": 63.04,
            "hypercube": 46.400000000000006
        },
        "0.4522774424948338": {
            "0": 61.6,
            "1": 56.48,
            "hypercube": 35.44
        },
        "0.5527864045000421": {
            "0": 46.239999999999995,
            "1": 43.120000000000005,
            "hypercube": 18.96
        },
        "0.6837722339831621": {
            "0": 29.28,
            "1": 30.0,
            "hypercube": 10.0
        }
    },
    "5": {
        "0.05131670194948623": {
            "0": 94.95596477181746,
            "1": 94.79583666933547,
            "hypercube": 91.91353082465973
        },
        "0.10557280900008414": {
            "0": 87.99039231385109,
            "1": 90.55244195356285,
            "hypercube": 81.50520416333067
        },
        "0.16333997346592444": {
            "0": 81.90552441953562,
            "1": 83.2666132906325,
            "hypercube": 69.73578863090472
        },
        "0.2254033307585166": {
            "0": 78.14251401120896,
            "1": 78.22257806244995,
            "hypercube": 61.48919135308246
        },
        "0.2928932188134524": {
            "0": 66.05284227381905,
            "1": 76.94155324259407,
            "hypercube": 50.28022417934348
        },
        "0.3675444679663241": {
            "0": 60.68855084067254,
            "1": 67.33386709367494,
            "hypercube": 38.8310648518815
        },
        "0.4522774424948338": {
            "0": 56.52522017614091,
            "1": 58.04643714971978,
            "hypercube": 30.74459567654123
        },
        "0.5527864045000421": {
            "0": 48.59887910328263,
            "1": 42.03362690152122,
            "hypercube": 18.57485988791033
        },
        "0.6837722339831621": {
            "0": 33.14651721377101,
            "1": 33.62690152121697,
            "hypercube": 11.20896717373899
        }
    },
    "6": {
        "0.05131670194948623": {
            "0": 96.07686148919136,
            "1": 95.5964771817454,
            "hypercube": 93.67493995196156
        },
        "0.10557280900008414": {
            "0": 91.03282626100881,
            "1": 90.31224979983988,
            "hypercube": 83.90712570056044
        },
        "0.16333997346592444": {
            "0": 88.15052041633307,
            "1": 85.42834267413932,
            "hypercube": 76.78142514011209
        },