{
    "0": {
        "0.1": {
            "0": 94.24,
            "1": 94.0,
            "hypercube": 90.16
        },
        "0.2": {
            "0": 90.56,
            "1": 85.52,
            "hypercube": 78.48
        },
        "0.3": {
            "0": 84.64,
            "1": 79.36,
            "hypercube": 67.12
        },
        "0.4": {
            "0": 78.16,
            "1": 70.88,
            "hypercube": 54.48
        },
        "0.5": {
            "0": 70.64,
            "1": 68.0,
            "hypercube": 47.44
        },
        "0.6": {
            "0": 62.239999999999995,
            "1": 59.12,
            "hypercube": 36.24
        },
        "0.7": {
            "0": 53.76,
            "1": 53.12,
            "hypercube": 26.479999999999997
        },
        "0.8": {
            "0": 42.88,
            "1": 43.36,
            "hypercube": 17.04
        },
        "0.9": {
            "0": 24.32,
            "1": 30.880000000000003,
            "hypercube": 8.0
        }
    },
    "1": {
        "0.1": {
            "0": 91.44,
            "1": 95.52000000000001,
            "hypercube": 89.52
        },
        "0.2": {
            "0": 88.24,
            "1": 86.88,
            "hypercube": 78.08
        },
        "0.3": {
            "0": 78.64,
            "1": 83.36,
            "hypercube": 65.84
        },
        "0.4": {
            "0": 71.76,
            "1": 76.55999999999999,
            "hypercube": 54.800000000000004
        },
        "0.5": {
            "0": 63.12,
            "1": 71.36,
            "hypercube": 43.519999999999996
        },
        "0.6": {
            "0": 54.879999999999995,
            "1": 63.04,
            "hypercube": 32.72
        },
        "0.7": {
            "0": 48.88,
            "1": 57.440000000000005,
            "hypercube": 25.759999999999998
        },
        "0.8": {
            "0": 44.56,
            "1": 46.48,
            "hypercube": 18.72
        },
        "0.9": {
            "0": 33.2,
            "1": 37.6,
            "hypercube": 11.68
        }
    },
    "2": {
        "0.1": {
            "0": 93.28,
            "1": 83.44,
            "hypercube": 79.28
        },
        "0.2": {
            "0": 88.24,
            "1": 78.88,
            "hypercube": 70.64
        },
        "0.3": {
            "0": 83.84,
            "1": 73.11999999999999,
            "hypercube": 61.199999999999996
        },
        "0.4": {
            "0": 77.68,
            "1": 68.16,
            "hypercube": 51.35999999999999
        },
        "0.5": {
            "0": 70.88,
            "1": 60.31999999999999,
            "hypercube": 41.92
        },
        "0.6": {
            "0": 63.519999999999996,
            "1": 54.879999999999995,
            "hypercube": 33.68
        },
        "0.7": {
            "0": 56.32,
            "1": 53.52,
            "hypercube": 28.96
        },
        "0.8": {
            "0": 51.35999999999999,
            "1": 48.24,
            "hypercube": 23.84
        },
        "0.9": {
            "0": 38.879999999999995,
            "1": 32.96,
            "hypercube": 12.8
        }
    },
    "3": {
        "0.1": {
            "0": 94.64,
            "1": 94.96,
            "hypercube": 91.28
        },
        "0.2": {
            "0": 91.44,
            "1": 91.03999999999999,
            "hypercube": 84.39999999999999
        },
        "0.3": {
            "0": 80.64,
            "1": 84.16,
            "hypercube": 67.67999999999999
        },
        "0.4": {
            "0": 78.24,
            "1": 80.0,
            "hypercube": 61.760000000000005
        },
        "0.5": {
            "0": 75.12,
            "1": 74.96000000000001,
            "hypercube": 55.120000000000005
        },
        "0.6": {
            "0": 64.64,
            "1": 64.8,
            "hypercube": 40.8
        },
        "0.7": {
            "0": 59.519999999999996,
            "1": 55.52,
            "hypercube": 31.759999999999998
        },
        "0.8": {
            "0": 48.4,
            "1": 43.519999999999996,
            "hypercube": 20.880000000000003
        },
        "0.9": {
            "0": 28.88,
            "1": 32.08,
            "hypercube": 10.48
        }
    },
    "4": {
        "0.1": {
            "0": 95.04,
            "1": 94.16,
            "hypercube": 91.60000000000001
        },
        "0.2": {
            "0": 91.75999999999999,
            "1": 90.4,
            "hypercube": 84.64
        },
        "0.3": {
            "0": 83.91999999999999,
            "1": 84.88,
            "hypercube": 72.48
        },
        "0.4": {
            "0": 80.88,
            "1": 76.55999999999999,
            "hypercube": 62.239999999999995
        },
        "0.5": {
            "0": 77.03999999999999,
            "1": 67.84,
            "hypercube": 51.6
        },
        "0.6": {
            "0": 74.08,
            "1": 63.36000000000001,
            "hypercube": 46.96
        },
        "0.7": {
            "0": 61.6,
            "1": 56.48,
            "hypercube": 35.44
        },
        "0.8": {
            "0": 44.16,
            "1": 42.64,
            "hypercube": 17.919999999999998
        },
        "0.9": {
            "0": 23.28,
            "1": 26.08,
            "hypercube": 7.6
        }
    },
    "5": {
        "0.1": {
            "0": 93.1945556445156,
            "1": 94.07526020816654,
            "hypercube": 89.75180144115292
        },
        "0.2": {
            "0": 86.22898318654923,
            "1": 89.83186549239392,
            "hypercube": 79.02321857485988
        },
        "0.3": {
            "0": 81.66533226581265,
            "1": 82.94635708566854,
            "hypercube": 69.17534027221778
        },
        "0.4": {
            "0": 75.82065652522017,
            "1": 78.22257806244995,
            "hypercube": 59.24739791833466
        },
        "0.5": {
            "0": 66.05284227381905,
            "1": 76.94155324259407,
            "hypercube": 50.28022417934348
        },
        "0.6": {
            "0": 60.68855084067254,
            "1": 67.33386709367494,
            "hypercube": 38.8310648518815
        },
        "0.7": {
            "0": 57.16573258606885,
            "1": 59.80784627702162,
            "hypercube": 32.345876701361085
        },
        "0.8": {
            "0": 48.59887910328263,
            "1": 42.594075260208164,
            "hypercube": 18.815052041633308
        },
        "0.9": {
            "0": 32.42594075260208,
            "1": 33.066453162530024,
            "hypercube": 10.808646917534027
        }
    },
    "6": {
        "0.1": {
            "0": 93.91513210568455,
            "1": 94.4755804643715,
            "hypercube": 90.47237790232185
        },
        "0.2": {
            "0": 90.63250600480384,
            "1": 89.59167333867094,
            "hypercube": 82.78622898318655
        },
        "0.3": {
            "0": 87.51000800640513,
            "1": 84.3875100080064,
            "hypercube": 75.42033626901521
        },
        "0.4": {
            "0": 83.58686949559647,
            "1": 71.65732586068854,
            "hypercube": 61.32906325060048
        },
        "0.5": {
            "0": 75.34027221777421,
            "1": 60.68855084067254,
            "hypercube": 47.47798238590873
        },
        "0.6": {
            "0": 68.61489191353083,
            "1": 52.602081665332264,
            "hypercube": 36.34907926341073
        },
        "0.7": {
            "0": 56.6052842273819,
            "1": 46.27702161729383,
            "hypercube": 25.70056044835869
        },
        "0.8": {
            "0": 41.71337069655724,
            "1": 41.313050440352285,
            "hypercube": 17.614091273018413
        },
        "0.9": {
            "0": 26.421136909527622,
            "1": 23.138510808646917,
            "hypercube": 7.045636509207366
        }
    },