{
    "0": {
        "0.05131670194948623": {
            "0": 96.39999999999999,
            "1": 97.28,
            "hypercube": 94.72
        },
        "0.10557280900008414": {
            "0": 90.4,
            "1": 88.48,
            "hypercube": 81.67999999999999
        },
        "0.16333997346592444": {
            "0": 87.03999999999999,
            "1": 84.48,
            "hypercube": 74.88
        },
        "0.2254033307585166": {
            "0": 81.2,
            "1": 75.12,
            "hypercube": 61.839999999999996
        },
        "0.2928932188134524": {
            "0": 74.08,
            "1": 66.32000000000001,
            "hypercube": 49.919999999999995
        },
        "0.3675444679663241": {
            "0": 67.52,
            "1": 58.160000000000004,
            "hypercube": 39.6
        },
        "0.4522774424948338": {
            "0": 54.08,
            "1": 52.32,
            "hypercube": 28.48
        },
        "0.5527864045000421": {
            "0": 41.28,
            "1": 46.88,
            "hypercube": 19.6
        },
        "0.6837722339831621": {
            "0": 30.320000000000004,
            "1": 30.8,
            "hypercube": 9.84
        }
    },
    "1": {
        "0.05131670194948623": {
            "0": 94.96,
            "1": 97.2,
            "hypercube": 93.36
        },
        "0.10557280900008414": {
            "0": 84.88,
            "1": 92.4,
            "hypercube": 80.4
        },
        "0.16333997346592444": {
            "0": 79.60000000000001,
            "1": 87.92,
            "hypercube": 71.52
        },
        "0.2254033307585166": {
            "0": 72.48,
            "1": 82.32000000000001,
            "hypercube": 60.8
        },
        "0.2928932188134524": {
            "0": 65.68,
            "1": 74.0,
            "hypercube": 49.28
        },
        "0.3675444679663241": {
            "0": 58.96,
            "1": 67.67999999999999,
            "hypercube": 40.48
        },
        "0.4522774424948338": {
            "0": 49.84,
            "1": 58.96,
            "hypercube": 29.520000000000003
        },
        "0.5527864045000421": {
            "0": 34.48,
            "1": 42.8,
            "hypercube": 13.28
        },
        "0.6837722339831621": {
            "0": 25.840000000000003,
            "1": 33.36,
            "hypercube": 8.4
        }
    },
    "2": {
        "0.05131670194948623": {
            "0": 98.16,
            "1": 95.04,
            "hypercube": 94.39999999999999
        },
        "0.10557280900008414": {
            "0": 90.4,
            "1": 87.68,
            "hypercube": 81.28
        },
        "0.16333997346592444": {
            "0": 88.0,
            "1": 81.44,
            "hypercube": 73.2
        },
        "0.2254033307585166": {
            "0": 78.64,
            "1": 72.96000000000001,
            "hypercube": 58.56
        },
        "0.2928932188134524": {
            "0": 72.88,
            "1": 60.160000000000004,
            "hypercube": 45.36
        },
        "0.3675444679663241": {
            "0": 70.24000000000001,
            "1": 55.60000000000001,
            "hypercube": 40.32
        },
        "0.4522774424948338": {
            "0": 61.28,
            "1": 49.68,
            "hypercube": 30.8
        },
        "0.5527864045000421": {
            "0": 53.839999999999996,
            "1": 42.16,
            "hypercube": 22.24
        },
        "0.6837722339831621": {
            "0": 38.800000000000004,
            "1": 34.239999999999995,
            "hypercube": 12.16
        }
    },
    "3": {
        "0.05131670194948623": {
            "0": 95.67999999999999,
            "1": 96.56,
            "hypercube": 93.36
        },
        "0.10557280900008414": {
            "0": 92.4,
            "1": 90.8,
            "hypercube": 85.2
        },
        "0.16333997346592444": {
            "0": 87.36,
            "1": 89.92,
            "hypercube": 79.67999999999999
        },
        "0.2254033307585166": {
            "0": 78.0,
            "1": 83.12,
            "hypercube": 66.16
        },
        "0.2928932188134524": {
            "0": 71.76,
            "1": 69.19999999999999,
            "hypercube": 50.480000000000004
        },
        "0.3675444679663241": {
            "0": 64.32,
            "1": 63.519999999999996,
            "hypercube": 41.44
        },
        "0.4522774424948338": {
            "0": 56.39999999999999,
            "1": 50.4,
            "hypercube": 28.32
        },
        "0.5527864045000421": {
            "0": 49.28,
            "1": 38.48,
            "hypercube": 16.96
        },
        "0.6837722339831621": {
            "0": 27.04,
            "1": 27.839999999999996,
            "hypercube": 6.16
        }
    },
    "4": {
        "0.05131670194948623": {
            "0": 96.08,
            "1": 98.24000000000001,
            "hypercube": 95.28
        },
        "0.10557280900008414": {
            "0": 93.44,
            "1": 92.08,
            "hypercube": 88.08
        },
        "0.16333997346592444": {
            "0": 86.16,
            "1": 86.56,
            "hypercube": 76.16000000000001
        },
        "0.2254033307585166": {
            "0": 81.6,
            "1": 81.76,
            "hypercube": 67.92
        },
        "0.2928932188134524": {
            "0": 78.48,
            "1": 75.12,
            "hypercube": 60.4
        },
        "0.3675444679663241": {
            "0": 74.0,
            "1": 65.36,
            "hypercube": 50.080000000000005
        },
        "0.4522774424948338": {
            "0": 64.16,
            "1": 48.96,
            "hypercube": 32.32
        },
        "0.5527864045000421": {
            "0": 44.16,
            "1": 38.879999999999995,
            "hypercube": 17.2
        },
        "0.6837722339831621": {
            "0": 27.68,
            "1": 22.64,
            "hypercube": 6.08
        }
    },
    "5": {
        "0.05131670194948623": {
            "0": 94.55564451561249,
            "1": 96.6373098478783,
            "hypercube": 92.63410728582866
        },
        "0.10557280900008414": {
            "0": 87.42994395516413,
            "1": 87.42994395516413,
            "hypercube": 78.22257806244995
        },
        "0.16333997346592444": {
            "0": 83.66693354683747,
            "1": 83.58686949559647,
            "hypercube": 71.65732586068854
        },
        "0.2254033307585166": {
            "0": 69.89591673338671,
            "1": 76.22097678142514,
            "hypercube": 54.68374699759808
        },
        "0.2928932188134524": {
            "0": 64.4515612489992,
            "1": 69.89591673338671,
            "hypercube": 46.27702161729383
        },
        "0.3675444679663241": {
            "0": 60.28823058446757,
            "1": 59.80784627702162,
            "hypercube": 36.34907926341073
        },
        "0.4522774424948338": {
            "0": 53.002401921537235,
            "1": 55.64451561248999,
            "hypercube": 29.063250600480384
        },
        "0.5527864045000421": {
            "0": 40.27221777421938,
            "1": 47.23779023218575,
            "hypercube": 18.975180144115292
        },
        "0.6837722339831621": {
            "0": 29.543634907926343,
            "1": 34.34747798238591,
            "hypercube": 10.248198558847077
        }
    },
    "6": {
        "0.05131670194948623": {
            "0": 94.63570856685348,
            "1": 95.5964771817454,
            "hypercube": 91.83346677341873
        },
        "0.10557280900008414": {
            "0": 90.87269815852682,
            "1": 85.34827862289832,
            "hypercube": 79.02321857485988
        },
        "0.16333997346592444": {
            "0": 86.38911128903123,
            "1": 79.82385908726981,
            "hypercube": 70.05604483586869
        },
        "0.2254033307585166": {
            "0": 83.02642113690952,
            "1": 76.46116893514812,