{
    "0": {
        "0.1": {
            "0": 94.24,
            "1": 93.28,
            "hypercube": 89.60000000000001
        },
        "0.2": {
            "0": 90.16,
            "1": 87.2,
            "hypercube": 79.75999999999999
        },
        "0.3": {
            "0": 85.2,
            "1": 81.04,
            "hypercube": 69.36
        },
        "0.4": {
            "0": 78.88,
            "1": 74.32,
            "hypercube": 58.160000000000004
        },
        "0.5": {
            "0": 73.04,
            "1": 66.64,
            "hypercube": 46.96
        },
        "0.6": {
            "0": 66.32000000000001,
            "1": 60.72,
            "hypercube": 39.519999999999996
        },
        "0.7": {
            "0": 58.96,
            "1": 55.2,
            "hypercube": 31.680000000000003
        },
        "0.8": {
            "0": 50.239999999999995,
            "1": 46.800000000000004,
            "hypercube": 22.720000000000002
        },
        "0.9": {
            "0": 33.28,
            "1": 31.919999999999998,
            "hypercube": 10.96
        }
    },
    "1": {
        "0.1": {
            "0": 93.36,
            "1": 92.56,
            "hypercube": 88.24
        },
        "0.2": {
            "0": 88.32,
            "1": 86.64,
            "hypercube": 77.84
        },
        "0.3": {
            "0": 83.04,
            "1": 81.84,
            "hypercube": 68.4
        },
        "0.4": {
            "0": 78.4,
            "1": 76.08,
            "hypercube": 58.64
        },
        "0.5": {
            "0": 73.11999999999999,
            "1": 71.92,
            "hypercube": 50.8
        },
        "0.6": {
            "0": 66.08000000000001,
            "1": 63.36000000000001,
            "hypercube": 40.160000000000004
        },
        "0.7": {
            "0": 53.76,
            "1": 56.32,
            "hypercube": 28.000000000000004
        },
        "0.8": {
            "0": 46.160000000000004,
            "1": 43.919999999999995,
            "hypercube": 17.76
        },
        "0.9": {
            "0": 31.119999999999997,
            "1": 29.04,
            "hypercube": 8.48
        }
    },
    "2": {
        "0.1": {
            "0": 93.76,
            "1": 89.84,
            "hypercube": 85.76
        },
        "0.2": {
            "0": 85.44,
            "1": 83.44,
            "hypercube": 72.16
        },
        "0.3": {
            "0": 81.28,
            "1": 77.52,
            "hypercube": 63.839999999999996
        },
        "0.4": {
            "0": 74.32,
            "1": 71.2,
            "hypercube": 54.0
        },
        "0.5": {
            "0": 68.96,
            "1": 62.480000000000004,
            "hypercube": 44.24
        },
        "0.6": {
            "0": 59.519999999999996,
            "1": 56.39999999999999,
            "hypercube": 35.28
        },
        "0.7": {
            "0": 53.2,
            "1": 50.160000000000004,
            "hypercube": 28.720000000000002
        },
        "0.8": {
            "0": 44.96,
            "1": 40.400000000000006,
            "hypercube": 18.32
        },
        "0.9": {
            "0": 32.0,
            "1": 29.439999999999998,
            "hypercube": 9.68
        }
    },
    "3": {
        "0.1": {
            "0": 94.56,
            "1": 94.72,
            "hypercube": 91.03999999999999
        },
        "0.2": {
            "0": 90.16,
            "1": 91.52,
            "hypercube": 83.84
        },
        "0.3": {
            "0": 84.08,
            "1": 83.12,
            "hypercube": 69.92
        },
        "0.4": {
            "0": 77.2,
            "1": 77.44,
            "hypercube": 59.68
        },
        "0.5": {
            "0": 71.52,
            "1": 70.48,
            "hypercube": 49.2
        },
        "0.6": {
            "0": 63.6,
            "1": 63.68000000000001,
            "hypercube": 39.6
        },
        "0.7": {
            "0": 55.52,
            "1": 57.36,
            "hypercube": 31.44
        },
        "0.8": {
            "0": 49.919999999999995,
            "1": 45.04,
            "hypercube": 22.24
        },
        "0.9": {
            "0": 32.96,
            "1": 30.159999999999997,
            "hypercube": 9.84
        }
    },
    "4": {
        "0.1": {
            "0": 95.04,
            "1": 92.24,
            "hypercube": 89.68
        },
        "0.2": {
            "0": 87.76,
            "1": 88.08,
            "hypercube": 79.28
        },
        "0.3": {
            "0": 83.67999999999999,
            "1": 82.88,
            "hypercube": 70.72
        },
        "0.4": {
            "0": 79.75999999999999,
            "1": 78.16,
            "hypercube": 62.63999999999999
        },
        "0.5": {
            "0": 76.96,
            "1": 69.67999999999999,
            "hypercube": 53.12
        },
        "0.6": {
            "0": 68.4,
            "1": 62.160000000000004,
            "hypercube": 41.92
        },
        "0.7": {
            "0": 58.720000000000006,
            "1": 51.68000000000001,
            "hypercube": 30.56
        },
        "0.8": {
            "0": 48.96,
            "1": 42.559999999999995,
            "hypercube": 21.44
        },
        "0.9": {
            "0": 31.759999999999998,
            "1": 29.84,
            "hypercube": 10.56
        }
    },
    "5": {
        "0.1": {
            "0": 93.51481184947959,
            "1": 94.31545236188951,
            "hypercube": 89.9919935948759
        },
        "0.2": {
            "0": 88.39071257005604,
            "1": 88.55084067253803,
            "hypercube": 79.66373098478783
        },
        "0.3": {
            "0": 82.86629303442754,
            "1": 83.42674139311448,
            "hypercube": 70.05604483586869
        },
        "0.4": {
            "0": 77.90232185748599,
            "1": 78.46277021617294,
            "hypercube": 60.92874299439551
        },
        "0.5": {
            "0": 72.37790232185749,
            "1": 72.2177742193755,
            "hypercube": 50.52041633306645
        },
        "0.6": {
            "0": 65.89271417133708,
            "1": 63.250600480384314,
            "hypercube": 40.11208967173739
        },
        "0.7": {
            "0": 57.806244995996806,
            "1": 53.88310648518815,
            "hypercube": 29.62369895916733
        },
        "0.8": {
            "0": 48.11849479583667,
            "1": 43.71497197758207,
            "hypercube": 19.695756605284227
        },
        "0.9": {
            "0": 35.14811849479584,
            "1": 30.824659727782226,
            "hypercube": 10.248198558847077
        }
    },
    "6": {
        "0.1": {
            "0": 92.79423538831065,
            "1": 92.1537229783827,
            "hypercube": 87.26981585268214
        },
        "0.2": {
            "0": 89.43154523618895,
            "1": 87.26981585268214,
            "hypercube": 79.42353883106486
        },
        "0.3": {
            "0": 83.58686949559647,
            "1": 83.90712570056044,
            "hypercube": 70.85668534827863
        },
        "0.4": {
            "0": 77.98238590872698,
            "1": 78.22257806244995,
            "hypercube": 60.68855084067254
        },
        "0.5": {
            "0": 70.45636509207365,
            "1": 71.01681345076061,
            "hypercube": 49.879903923138514
        },
        "0.6": {
            "0": 62.69015212169736,
            "1": 63.49079263410729,
            "hypercube": 40.27221777421938
        },
        "0.7": {
            "0": 55.72457966373099,
            "1": 56.204963971176944,
            "hypercube": 30.50440352281825
        },
        "0.8": {
            "0": 44.19535628502802,
            "1": 46.35708566853482,
            "hypercube": 18.174539631705365
        },
        "0.9": {
            "0": 30.904723779023218,
            "1": 33.78702962369896,
            "hypercube": 8.967173738991193
        }
    },