{
    "0": {
        "0.1": {
            "0": 94.8,
            "1": 94.16,
            "hypercube": 91.03999999999999
        },
        "0.2": {
            "0": 90.16,
            "1": 87.52,
            "hypercube": 80.08
        },
        "0.3": {
            "0": 84.08,
            "1": 79.75999999999999,
            "hypercube": 67.12
        },
        "0.4": {
            "0": 77.84,
            "1": 72.88,
            "hypercube": 56.00000000000001
        },
        "0.5": {
            "0": 72.16,
            "1": 65.36,
            "hypercube": 45.76
        },
        "0.6": {
            "0": 65.03999999999999,
            "1": 59.760000000000005,
            "hypercube": 38.16
        },
        "0.7": {
            "0": 57.99999999999999,
            "1": 53.6,
            "hypercube": 30.72
        },
        "0.8": {
            "0": 46.48,
            "1": 44.4,
            "hypercube": 20.24
        },
        "0.9": {
            "0": 33.2,
            "1": 30.64,
            "hypercube": 10.32
        }
    },
    "1": {
        "0.1": {
            "0": 93.52000000000001,
            "1": 92.96,
            "hypercube": 88.8
        },
        "0.2": {
            "0": 88.32,
            "1": 86.64,
            "hypercube": 77.84
        },
        "0.3": {
            "0": 81.52000000000001,
            "1": 80.88,
            "hypercube": 66.24
        },
        "0.4": {
            "0": 77.36,
            "1": 74.0,
            "hypercube": 55.67999999999999
        },
        "0.5": {
            "0": 70.8,
            "1": 68.72,
            "hypercube": 46.56
        },
        "0.6": {
            "0": 63.75999999999999,
            "1": 62.08,
            "hypercube": 38.0
        },
        "0.7": {
            "0": 53.52,
            "1": 56.00000000000001,
            "hypercube": 27.52
        },
        "0.8": {
            "0": 44.0,
            "1": 42.64,
            "hypercube": 16.24
        },
        "0.9": {
            "0": 31.119999999999997,
            "1": 29.04,
            "hypercube": 8.48
        }
    },
    "2": {
        "0.1": {
            "0": 94.16,
            "1": 90.56,
            "hypercube": 86.72
        },
        "0.2": {
            "0": 85.92,
            "1": 83.44,
            "hypercube": 72.56
        },
        "0.3": {
            "0": 81.28,
            "1": 77.52,
            "hypercube": 63.839999999999996
        },
        "0.4": {
            "0": 74.32,
            "1": 71.2,
            "hypercube": 54.0
        },
        "0.5": {
            "0": 66.96,
            "1": 61.839999999999996,
            "hypercube": 42.88
        },
        "0.6": {
            "0": 58.879999999999995,
            "1": 56.39999999999999,
            "hypercube": 35.199999999999996
        },
        "0.7": {
            "0": 51.839999999999996,
            "1": 48.72,
            "hypercube": 26.72
        },
        "0.8": {
            "0": 41.6,
            "1": 38.96,
            "hypercube": 16.56
        },
        "0.9": {
            "0": 29.84,
            "1": 27.6,
            "hypercube": 8.24
        }
    },
    "3": {
        "0.1": {
            "0": 94.88,
            "1": 94.72,
            "hypercube": 91.36
        },
        "0.2": {
            "0": 90.16,
            "1": 91.52,
            "hypercube": 83.84
        },
        "0.3": {
            "0": 83.91999999999999,
            "1": 82.96,
            "hypercube": 69.6
        },
        "0.4": {
            "0": 76.16000000000001,
            "1": 76.96,
            "hypercube": 58.56
        },
        "0.5": {
            "0": 69.92,
            "1": 69.44,
            "hypercube": 47.68
        },
        "0.6": {
            "0": 63.12,
            "1": 63.04,
            "hypercube": 38.879999999999995
        },
        "0.7": {
            "0": 55.120000000000005,
            "1": 56.08,
            "hypercube": 30.159999999999997
        },
        "0.8": {
            "0": 47.52,
            "1": 42.8,
            "hypercube": 19.52
        },
        "0.9": {
            "0": 33.68,
            "1": 30.4,
            "hypercube": 10.24
        }
    },
    "4": {
        "0.1": {
            "0": 95.76,
            "1": 93.36,
            "hypercube": 91.44
        },
        "0.2": {
            "0": 88.0,
            "1": 88.32,
            "hypercube": 79.75999999999999
        },
        "0.3": {
            "0": 83.12,
            "1": 82.64,
            "hypercube": 70.16
        },
        "0.4": {
            "0": 79.03999999999999,
            "1": 76.32,
            "hypercube": 60.160000000000004
        },
        "0.5": {
            "0": 74.0,
            "1": 67.12,
            "hypercube": 49.120000000000005
        },
        "0.6": {
            "0": 66.47999999999999,
            "1": 60.0,
            "hypercube": 38.96
        },
        "0.7": {
            "0": 58.160000000000004,
            "1": 50.88,
            "hypercube": 29.599999999999998
        },
        "0.8": {
            "0": 47.92,
            "1": 41.6,
            "hypercube": 20.72
        },
        "0.9": {
            "0": 31.119999999999997,
            "1": 29.599999999999998,
            "hypercube": 10.32
        }
    },
    "5": {
        "0.1": {
            "0": 94.15532425940752,
            "1": 94.95596477181746,
            "hypercube": 91.2730184147318
        },
        "0.2": {
            "0": 88.791032826261,
            "1": 88.791032826261,
            "hypercube": 80.30424339471577
        },
        "0.3": {
            "0": 82.62610088070457,
            "1": 83.02642113690952,
            "hypercube": 69.57566052842273
        },
        "0.4": {
            "0": 75.98078462770216,
            "1": 78.06244995996798,
            "hypercube": 58.76701361088871
        },
        "0.5": {
            "0": 71.01681345076061,
            "1": 69.49559647718175,
            "hypercube": 48.11849479583667
        },
        "0.6": {
            "0": 63.090472377902316,
            "1": 61.88951160928743,
            "hypercube": 37.55004003202562
        },
        "0.7": {
            "0": 56.12489991993594,
            "1": 52.12169735788631,
            "hypercube": 27.942353883106485
        },
        "0.8": {
            "0": 44.035228182546035,
            "1": 39.87189751801441,
            "hypercube": 15.852682145716573
        },
        "0.9": {
            "0": 34.18734987990392,
            "1": 29.703763010408323,
            "hypercube": 9.687750200160128
        }
    },
    "6": {
        "0.1": {
            "0": 93.59487590072058,
            "1": 93.51481184947959,
            "hypercube": 89.35148118494796
        },
        "0.2": {
            "0": 89.51160928742993,
            "1": 87.51000800640513,
            "hypercube": 79.66373098478783
        },
        "0.3": {
            "0": 83.58686949559647,
            "1": 83.90712570056044,
            "hypercube": 70.85668534827863
        },
        "0.4": {
            "0": 77.98238590872698,
            "1": 78.14251401120896,
            "hypercube": 60.608486789431545
        },
        "0.5": {
            "0": 70.13610888710969,
            "1": 70.77662129703764,
            "hypercube": 49.47958366693355
        },
        "0.6": {
            "0": 62.61008807045636,
            "1": 63.3306645316253,
            "hypercube": 40.11208967173739
        },
        "0.7": {
            "0": 55.084067253803035,
            "1": 55.484387510008006,
            "hypercube": 29.46357085668535
        },
        "0.8": {
            "0": 42.35388310648519,
            "1": 45.07606084867894,
            "hypercube": 17.133706965572458
        },
        "0.9": {
            "0": 30.34427542033627,
            "1": 32.586068855084065,
            "hypercube": 8.246597277822259
        }
    },
    "7": {
        "0.1": {
            "0": 92.87429943955165,
            "1": 93.99519615692554,