{
    "0": {
        "0.05131670194948623": {
            "0": 95.67999999999999,
            "1": 94.8,
            "hypercube": 92.47999999999999
        },
        "0.10557280900008414": {
            "0": 91.12,
            "1": 88.48,
            "hypercube": 81.92
        },
        "0.16333997346592444": {
            "0": 85.28,
            "1": 81.12,
            "hypercube": 69.44
        },
        "0.2254033307585166": {
            "0": 78.88,
            "1": 74.32,
            "hypercube": 58.160000000000004
        },
        "0.2928932188134524": {
            "0": 73.04,
            "1": 66.64,
            "hypercube": 46.96
        },
        "0.3675444679663241": {
            "0": 66.96,
            "1": 61.760000000000005,
            "hypercube": 40.400000000000006
        },
        "0.4522774424948338": {
            "0": 59.919999999999995,
            "1": 55.76,
            "hypercube": 32.64
        },
        "0.5527864045000421": {
            "0": 50.88,
            "1": 46.800000000000004,
            "hypercube": 23.119999999999997
        },
        "0.6837722339831621": {
            "0": 35.199999999999996,
            "1": 32.800000000000004,
            "hypercube": 11.44
        }
    },
    "1": {
        "0.05131670194948623": {
            "0": 93.60000000000001,
            "1": 94.16,
            "hypercube": 90.08
        },
        "0.10557280900008414": {
            "0": 88.56,
            "1": 86.96000000000001,
            "hypercube": 78.4
        },
        "0.16333997346592444": {
            "0": 82.88,
            "1": 81.6,
            "hypercube": 68.0
        },
        "0.2254033307585166": {
            "0": 77.75999999999999,
            "1": 74.4,
            "hypercube": 56.32
        },
        "0.2928932188134524": {
            "0": 71.6,
            "1": 69.28,
            "hypercube": 47.44
        },
        "0.3675444679663241": {
            "0": 64.72,
            "1": 63.04,
            "hypercube": 39.2
        },
        "0.4522774424948338": {
            "0": 54.0,
            "1": 56.48,
            "hypercube": 28.08
        },
        "0.5527864045000421": {
            "0": 46.0,
            "1": 43.519999999999996,
            "hypercube": 17.599999999999998
        },
        "0.6837722339831621": {
            "0": 31.2,
            "1": 29.84,
            "hypercube": 8.799999999999999
        }
    },
    "2": {
        "0.05131670194948623": {
            "0": 95.36,
            "1": 91.52,
            "hypercube": 88.88000000000001
        },
        "0.10557280900008414": {
            "0": 86.48,
            "1": 85.11999999999999,
            "hypercube": 74.64
        },
        "0.16333997346592444": {
            "0": 81.52000000000001,
            "1": 78.4,
            "hypercube": 64.8
        },
        "0.2254033307585166": {
            "0": 74.8,
            "1": 71.52,
            "hypercube": 54.64
        },
        "0.2928932188134524": {
            "0": 69.12,
            "1": 62.72,
            "hypercube": 44.4
        },
        "0.3675444679663241": {
            "0": 60.8,
            "1": 56.720000000000006,
            "hypercube": 36.08
        },
        "0.4522774424948338": {
            "0": 53.2,
            "1": 50.160000000000004,
            "hypercube": 28.720000000000002
        },
        "0.5527864045000421": {
            "0": 44.96,
            "1": 40.400000000000006,
            "hypercube": 18.32
        },
        "0.6837722339831621": {
            "0": 31.52,
            "1": 29.12,
            "hypercube": 9.520000000000001
        }
    },
    "3": {
        "0.05131670194948623": {
            "0": 94.96,
            "1": 95.6,
            "hypercube": 92.24
        },
        "0.10557280900008414": {
            "0": 90.32,
            "1": 91.60000000000001,
            "hypercube": 84.08
        },
        "0.16333997346592444": {
            "0": 84.32,
            "1": 83.12,
            "hypercube": 70.16
        },
        "0.2254033307585166": {
            "0": 77.2,
            "1": 77.44,
            "hypercube": 59.68
        },
        "0.2928932188134524": {
            "0": 70.96000000000001,
            "1": 70.39999999999999,
            "hypercube": 48.8
        },
        "0.3675444679663241": {
            "0": 63.839999999999996,
            "1": 64.08,
            "hypercube": 40.0
        },
        "0.4522774424948338": {
            "0": 56.00000000000001,
            "1": 57.84,
            "hypercube": 31.919999999999998
        },
        "0.5527864045000421": {
            "0": 49.04,
            "1": 44.32,
            "hypercube": 21.36
        },
        "0.6837722339831621": {
            "0": 35.52,
            "1": 30.880000000000003,
            "hypercube": 10.96
        }
    },
    "4": {
        "0.05131670194948623": {
            "0": 95.76,
            "1": 94.0,
            "hypercube": 92.08
        },
        "0.10557280900008414": {
            "0": 88.4,
            "1": 88.48,
            "hypercube": 80.24
        },
        "0.16333997346592444": {
            "0": 83.67999999999999,
            "1": 82.88,
            "hypercube": 70.72
        },
        "0.2254033307585166": {
            "0": 79.44,
            "1": 77.52,
            "hypercube": 61.760000000000005
        },
        "0.2928932188134524": {
            "0": 75.03999999999999,
            "1": 67.92,
            "hypercube": 50.32
        },
        "0.3675444679663241": {
            "0": 67.52,
            "1": 61.28,
            "hypercube": 40.72
        },
        "0.4522774424948338": {
            "0": 58.720000000000006,
            "1": 51.68000000000001,
            "hypercube": 30.56
        },
        "0.5527864045000421": {
            "0": 48.88,
            "1": 42.16,
            "hypercube": 21.279999999999998
        },
        "0.6837722339831621": {
            "0": 32.16,
            "1": 30.48,
            "hypercube": 11.04
        }
    },
    "5": {
        "0.05131670194948623": {
            "0": 94.39551641313051,
            "1": 95.11609287429944,
            "hypercube": 91.59327461969575
        },
        "0.10557280900008414": {
            "0": 89.51160928742993,
            "1": 89.83186549239392,
            "hypercube": 81.82546036829463
        },
        "0.16333997346592444": {
            "0": 83.10648518815053,
            "1": 83.74699759807847,
            "hypercube": 70.61649319455564
        },
        "0.2254033307585166": {
            "0": 77.26180944755805,
            "1": 78.46277021617294,
            "hypercube": 60.368294635708565
        },
        "0.2928932188134524": {
            "0": 72.1377101681345,
            "1": 70.85668534827863,
            "hypercube": 49.47958366693355
        },
        "0.3675444679663241": {
            "0": 65.17213771016813,
            "1": 62.61008807045636,
            "hypercube": 39.55164131305044
        },
        "0.4522774424948338": {
            "0": 57.56605284227382,
            "1": 53.08246597277822,
            "hypercube": 29.46357085668535
        },
        "0.5527864045000421": {
            "0": 45.956765412329865,
            "1": 43.074459567654124,
            "hypercube": 18.57485988791033
        },
        "0.6837722339831621": {
            "0": 35.948759007205766,
            "1": 31.064851881505206,
            "hypercube": 10.408326661329063
        }
    },
    "6": {
        "0.05131670194948623": {
            "0": 93.59487590072058,
            "1": 93.75500400320256,
            "hypercube": 89.59167333867094
        },
        "0.10557280900008414": {
            "0": 89.83186549239392,
            "1": 88.15052041633307,
            "hypercube": 80.62449959967975
        },
        "0.16333997346592444": {
            "0": 85.10808646917533,
            "1": 83.98718975180144,
            "hypercube": 72.37790232185749
        },