{
    "0": {
        "0.05131670194948623": {
            "0": 95.6,
            "1": 95.19999999999999,
            "hypercube": 92.72
        },
        "0.10557280900008414": {
            "0": 90.4,
            "1": 88.24,
            "hypercube": 81.6
        },
        "0.16333997346592444": {
            "0": 85.44,
            "1": 84.8,
            "hypercube": 73.83999999999999
        },
        "0.2254033307585166": {
            "0": 78.72,
            "1": 78.48,
            "hypercube": 62.88
        },
        "0.2928932188134524": {
            "0": 74.48,
            "1": 71.92,
            "hypercube": 54.800000000000004
        },
        "0.3675444679663241": {
            "0": 66.24,
            "1": 65.52,
            "hypercube": 44.96
        },
        "0.4522774424948338": {
            "0": 59.519999999999996,
            "1": 55.84,
            "hypercube": 33.76
        },
        "0.5527864045000421": {
            "0": 48.88,
            "1": 44.96,
            "hypercube": 22.32
        },
        "0.6837722339831621": {
            "0": 32.64,
            "1": 32.96,
            "hypercube": 10.48
        }
    },
    "1": {
        "0.05131670194948623": {
            "0": 93.92,
            "1": 94.0,
            "hypercube": 90.4
        },
        "0.10557280900008414": {
            "0": 87.6,
            "1": 88.4,
            "hypercube": 79.2
        },
        "0.16333997346592444": {
            "0": 81.92,
            "1": 84.39999999999999,
            "hypercube": 70.56
        },
        "0.2254033307585166": {
            "0": 77.28,
            "1": 78.0,
            "hypercube": 61.839999999999996
        },
        "0.2928932188134524": {
            "0": 71.2,
            "1": 72.24000000000001,
            "hypercube": 52.32
        },
        "0.3675444679663241": {
            "0": 63.04,
            "1": 64.4,
            "hypercube": 40.8
        },
        "0.4522774424948338": {
            "0": 54.48,
            "1": 53.2,
            "hypercube": 29.2
        },
        "0.5527864045000421": {
            "0": 42.64,
            "1": 44.4,
            "hypercube": 17.68
        },
        "0.6837722339831621": {
            "0": 29.439999999999998,
            "1": 30.959999999999997,
            "hypercube": 8.16
        }
    },
    "2": {
        "0.05131670194948623": {
            "0": 94.72,
            "1": 93.12,
            "hypercube": 89.92
        },
        "0.10557280900008414": {
            "0": 87.52,
            "1": 87.6,
            "hypercube": 78.24
        },
        "0.16333997346592444": {
            "0": 82.64,
            "1": 81.04,
            "hypercube": 68.24
        },
        "0.2254033307585166": {
            "0": 75.03999999999999,
            "1": 73.68,
            "hypercube": 55.92
        },
        "0.2928932188134524": {
            "0": 68.47999999999999,
            "1": 64.48,
            "hypercube": 44.24
        },
        "0.3675444679663241": {
            "0": 60.31999999999999,
            "1": 57.199999999999996,
            "hypercube": 34.08
        },
        "0.4522774424948338": {
            "0": 54.800000000000004,
            "1": 49.84,
            "hypercube": 26.88
        },
        "0.5527864045000421": {
            "0": 44.080000000000005,
            "1": 40.56,
            "hypercube": 16.400000000000002
        },
        "0.6837722339831621": {
            "0": 33.36,
            "1": 29.04,
            "hypercube": 8.959999999999999
        }
    },
    "3": {
        "0.05131670194948623": {
            "0": 94.32000000000001,
            "1": 94.08,
            "hypercube": 90.0
        },
        "0.10557280900008414": {
            "0": 91.44,
            "1": 90.08,
            "hypercube": 83.6
        },
        "0.16333997346592444": {
            "0": 86.08,
            "1": 86.56,
            "hypercube": 75.76
        },
        "0.2254033307585166": {
            "0": 77.2,
            "1": 79.92,
            "hypercube": 62.4
        },
        "0.2928932188134524": {
            "0": 71.67999999999999,
            "1": 71.04,
            "hypercube": 50.88
        },
        "0.3675444679663241": {
            "0": 64.48,
            "1": 61.28,
            "hypercube": 39.519999999999996
        },
        "0.4522774424948338": {
            "0": 56.879999999999995,
            "1": 52.959999999999994,
            "hypercube": 30.080000000000002
        },
        "0.5527864045000421": {
            "0": 47.36,
            "1": 42.08,
            "hypercube": 17.76
        },
        "0.6837722339831621": {
            "0": 30.240000000000002,
            "1": 28.4,
            "hypercube": 6.800000000000001
        }
    },
    "4": {
        "0.05131670194948623": {
            "0": 95.19999999999999,
            "1": 95.28,
            "hypercube": 92.47999999999999
        },
        "0.10557280900008414": {
            "0": 89.28,
            "1": 90.4,
            "hypercube": 82.8
        },
        "0.16333997346592444": {
            "0": 84.08,
            "1": 82.64,
            "hypercube": 71.52
        },
        "0.2254033307585166": {
            "0": 78.24,
            "1": 76.08,
            "hypercube": 61.199999999999996
        },
        "0.2928932188134524": {
            "0": 73.52,
            "1": 69.84,
            "hypercube": 53.36
        },
        "0.3675444679663241": {
            "0": 68.16,
            "1": 60.72,
            "hypercube": 42.8
        },
        "0.4522774424948338": {
            "0": 58.48,
            "1": 51.28,
            "hypercube": 30.4
        },
        "0.5527864045000421": {
            "0": 49.919999999999995,
            "1": 42.64,
            "hypercube": 20.8
        },
        "0.6837722339831621": {
            "0": 35.68,
            "1": 27.68,
            "hypercube": 9.84
        }
    },
    "5": {
        "0.05131670194948623": {
            "0": 93.83506805444355,
            "1": 95.19615692554044,
            "hypercube": 90.87269815852682
        },
        "0.10557280900008414": {
            "0": 87.59007205764611,
            "1": 89.59167333867094,
            "hypercube": 80.78462770216173
        },
        "0.16333997346592444": {
            "0": 82.38590872698158,
            "1": 84.62770216172937,
            "hypercube": 71.33706965572458
        },
        "0.2254033307585166": {
            "0": 75.26020816653323,
            "1": 79.10328262610088,
            "hypercube": 60.848678943154525
        },
        "0.2928932188134524": {
            "0": 68.9351481184948,
            "1": 71.81745396317054,
            "hypercube": 50.92073658927142
        },
        "0.3675444679663241": {
            "0": 61.96957566052842,
            "1": 61.1689351481185,
            "hypercube": 39.07125700560448
        },
        "0.4522774424948338": {
            "0": 55.24419535628503,
            "1": 52.76220976781425,
            "hypercube": 28.98318654923939
        },
        "0.5527864045000421": {
            "0": 47.47798238590873,
            "1": 45.716573258606886,
            "hypercube": 20.176140912730183
        },
        "0.6837722339831621": {
            "0": 33.226581265012015,
            "1": 33.86709367493995,
            "hypercube": 10.968775020016013
        }
    },
    "6": {
        "0.05131670194948623": {
            "0": 93.91513210568455,
            "1": 95.27622097678142,
            "hypercube": 90.71257005604484
        },
        "0.10557280900008414": {
            "0": 90.39231385108086,
            "1": 88.31064851881504,
            "hypercube": 81.50520416333067
        },
        "0.16333997346592444": {
            "0": 85.82866293034428,
            "1": 81.34507606084867,
            "hypercube": 70.77662129703764
        },
        "0.2254033307585166": {
            "0": 79.9839871897518,
            "1": 76.06084867894315,