{
    "0": {
        "0.1": {
            "0": 94.39999999999999,
            "1": 93.36,
            "hypercube": 90.0
        },
        "0.2": {
            "0": 89.03999999999999,
            "1": 87.52,
            "hypercube": 79.60000000000001
        },
        "0.3": {
            "0": 84.96000000000001,
            "1": 83.44,
            "hypercube": 72.32
        },
        "0.4": {
            "0": 78.0,
            "1": 77.60000000000001,
            "hypercube": 61.68
        },
        "0.5": {
            "0": 73.83999999999999,
            "1": 71.52,
            "hypercube": 54.08
        },
        "0.6": {
            "0": 66.16,
            "1": 65.12,
            "hypercube": 44.72
        },
        "0.7": {
            "0": 59.84,
            "1": 56.96,
            "hypercube": 34.72
        },
        "0.8": {
            "0": 49.84,
            "1": 45.36,
            "hypercube": 22.8
        },
        "0.9": {
            "0": 33.28,
            "1": 34.8,
            "hypercube": 11.76
        }
    },
    "1": {
        "0.1": {
            "0": 92.64,
            "1": 92.80000000000001,
            "hypercube": 88.0
        },
        "0.2": {
            "0": 86.8,
            "1": 87.52,
            "hypercube": 77.75999999999999
        },
        "0.3": {
            "0": 82.0,
            "1": 84.64,
            "hypercube": 70.8
        },
        "0.4": {
            "0": 77.28,
            "1": 78.0,
            "hypercube": 61.839999999999996
        },
        "0.5": {
            "0": 71.2,
            "1": 72.24000000000001,
            "hypercube": 52.32
        },
        "0.6": {
            "0": 62.480000000000004,
            "1": 64.4,
            "hypercube": 40.64
        },
        "0.7": {
            "0": 56.08,
            "1": 55.04,
            "hypercube": 31.119999999999997
        },
        "0.8": {
            "0": 45.12,
            "1": 46.400000000000006,
            "hypercube": 20.560000000000002
        },
        "0.9": {
            "0": 33.36,
            "1": 35.92,
            "hypercube": 10.72
        }
    },
    "2": {
        "0.1": {
            "0": 93.44,
            "1": 92.16,
            "hypercube": 87.68
        },
        "0.2": {
            "0": 86.56,
            "1": 86.72,
            "hypercube": 76.55999999999999
        },
        "0.3": {
            "0": 82.08,
            "1": 80.16,
            "hypercube": 67.04
        },
        "0.4": {
            "0": 74.48,
            "1": 71.44,
            "hypercube": 53.68000000000001
        },
        "0.5": {
            "0": 67.84,
            "1": 64.0,
            "hypercube": 43.28
        },
        "0.6": {
            "0": 60.31999999999999,
            "1": 56.8,
            "hypercube": 33.68
        },
        "0.7": {
            "0": 54.800000000000004,
            "1": 49.84,
            "hypercube": 26.88
        },
        "0.8": {
            "0": 44.96,
            "1": 41.68,
            "hypercube": 17.44
        },
        "0.9": {
            "0": 35.199999999999996,
            "1": 29.759999999999998,
            "hypercube": 9.84
        }
    },
    "3": {
        "0.1": {
            "0": 93.52000000000001,
            "1": 93.12,
            "hypercube": 88.4
        },
        "0.2": {
            "0": 90.48,
            "1": 89.2,
            "hypercube": 82.0
        },
        "0.3": {
            "0": 86.08,
            "1": 86.32,
            "hypercube": 75.52
        },
        "0.4": {
            "0": 76.48,
            "1": 79.67999999999999,
            "hypercube": 61.6
        },
        "0.5": {
            "0": 71.6,
            "1": 70.8,
            "hypercube": 50.8
        },
        "0.6": {
            "0": 64.16,
            "1": 61.28,
            "hypercube": 39.28
        },
        "0.7": {
            "0": 58.24,
            "1": 53.36,
            "hypercube": 30.959999999999997
        },
        "0.8": {
            "0": 49.76,
            "1": 43.6,
            "hypercube": 19.439999999999998
        },
        "0.9": {
            "0": 32.96,
            "1": 30.4,
            "hypercube": 8.0
        }
    },
    "4": {
        "0.1": {
            "0": 93.84,
            "1": 93.67999999999999,
            "hypercube": 90.0
        },
        "0.2": {
            "0": 88.32,
            "1": 88.08,
            "hypercube": 79.84
        },
        "0.3": {
            "0": 82.72,
            "1": 81.2,
            "hypercube": 68.88
        },
        "0.4": {
            "0": 77.2,
            "1": 76.0,
            "hypercube": 60.480000000000004
        },
        "0.5": {
            "0": 73.04,
            "1": 68.32000000000001,
            "hypercube": 52.0
        },
        "0.6": {
            "0": 67.67999999999999,
            "1": 58.8,
            "hypercube": 41.28
        },
        "0.7": {
            "0": 58.64,
            "1": 51.68000000000001,
            "hypercube": 30.64
        },
        "0.8": {
            "0": 50.96000000000001,
            "1": 43.919999999999995,
            "hypercube": 22.400000000000002
        },
        "0.9": {
            "0": 38.080000000000005,
            "1": 30.48,
            "hypercube": 11.200000000000001
        }
    },
    "5": {
        "0.1": {
            "0": 92.47397918334667,
            "1": 94.15532425940752,
            "hypercube": 89.11128903122498
        },
        "0.2": {
            "0": 86.78943154523618,
            "1": 88.71096877502002,
            "hypercube": 79.18334667734187
        },
        "0.3": {
            "0": 81.74539631705365,
            "1": 83.98718975180144,
            "hypercube": 70.13610888710969
        },
        "0.4": {
            "0": 74.45956765412329,
            "1": 78.70296236989591,
            "hypercube": 59.80784627702162
        },
        "0.5": {
            "0": 68.37469975980784,
            "1": 71.41713370696557,
            "hypercube": 50.0400320256205
        },
        "0.6": {
            "0": 62.04963971176941,
            "1": 61.24899919935949,
            "hypercube": 39.07125700560448
        },
        "0.7": {
            "0": 55.24419535628503,
            "1": 52.76220976781425,
            "hypercube": 28.98318654923939
        },
        "0.8": {
            "0": 47.958366693354684,
            "1": 46.51721377101681,
            "hypercube": 20.736589271417134
        },
        "0.9": {
            "0": 35.708566853482786,
            "1": 36.82946357085669,
            "hypercube": 12.169735788630904
        }
    },
    "6": {
        "0.1": {
            "0": 93.2746196957566,
            "1": 93.91513210568455,
            "hypercube": 89.27141713370696
        },
        "0.2": {
            "0": 89.11128903122498,
            "1": 86.86949559647718,
            "hypercube": 79.02321857485988
        },
        "0.3": {
            "0": 84.3875100080064,
            "1": 80.0640512409928,
            "hypercube": 68.37469975980784
        },
        "0.4": {
            "0": 79.34347477982386,
            "1": 75.5804643714972,
            "hypercube": 60.448358686949554
        },
        "0.5": {
            "0": 72.85828662930345,
            "1": 69.49559647718175,
            "hypercube": 50.600480384307446
        },
        "0.6": {
            "0": 67.7341873498799,
            "1": 62.12970376301041,
            "hypercube": 41.47317854283427
        },
        "0.7": {
            "0": 60.368294635708565,
            "1": 54.92393915132106,
            "hypercube": 31.22497998398719
        },
        "0.8": {
            "0": 49.639711769415534,
            "1": 43.87510008006405,
            "hypercube": 20.576461168935147
        },
        "0.9": {
            "0": 32.746196957566056,
            "1": 30.824659727782226,
            "hypercube": 8.406725380304243
        }
    },
    "7": {
        "0.1": {
            "0": 93.43474779823859,