{
    "0": {
        "0.1": {
            "0": 95.19999999999999,
            "1": 94.8,
            "hypercube": 91.92
        },
        "0.2": {
            "0": 89.75999999999999,
            "1": 88.0,
            "hypercube": 80.80000000000001
        },
        "0.3": {
            "0": 83.84,
            "1": 82.96,
            "hypercube": 70.8
        },
        "0.4": {
            "0": 77.75999999999999,
            "1": 77.60000000000001,
            "hypercube": 61.44
        },
        "0.5": {
            "0": 72.88,
            "1": 69.67999999999999,
            "hypercube": 51.76
        },
        "0.6": {
            "0": 64.24,
            "1": 62.8,
            "hypercube": 41.68
        },
        "0.7": {
            "0": 58.160000000000004,
            "1": 54.24,
            "hypercube": 32.08
        },
        "0.8": {
            "0": 46.160000000000004,
            "1": 43.68,
            "hypercube": 20.24
        },
        "0.9": {
            "0": 29.28,
            "1": 30.959999999999997,
            "hypercube": 9.44
        }
    },
    "1": {
        "0.1": {
            "0": 93.84,
            "1": 93.36,
            "hypercube": 89.68
        },
        "0.2": {
            "0": 87.12,
            "1": 88.08,
            "hypercube": 78.48
        },
        "0.3": {
            "0": 81.84,
            "1": 84.24000000000001,
            "hypercube": 70.39999999999999
        },
        "0.4": {
            "0": 77.2,
            "1": 77.60000000000001,
            "hypercube": 61.44
        },
        "0.5": {
            "0": 70.08,
            "1": 71.52,
            "hypercube": 51.04
        },
        "0.6": {
            "0": 62.0,
            "1": 64.16,
            "hypercube": 40.08
        },
        "0.7": {
            "0": 54.08,
            "1": 53.12,
            "hypercube": 29.04
        },
        "0.8": {
            "0": 42.16,
            "1": 44.0,
            "hypercube": 17.119999999999997
        },
        "0.9": {
            "0": 28.64,
            "1": 30.56,
            "hypercube": 8.08
        }
    },
    "2": {
        "0.1": {
            "0": 94.08,
            "1": 92.88,
            "hypercube": 89.03999999999999
        },
        "0.2": {
            "0": 87.36,
            "1": 87.28,
            "hypercube": 77.84
        },
        "0.3": {
            "0": 82.24000000000001,
            "1": 80.32000000000001,
            "hypercube": 67.28
        },
        "0.4": {
            "0": 74.48,
            "1": 71.44,
            "hypercube": 53.68000000000001
        },
        "0.5": {
            "0": 66.8,
            "1": 63.12,
            "hypercube": 42.32
        },
        "0.6": {
            "0": 59.68,
            "1": 55.52,
            "hypercube": 32.800000000000004
        },
        "0.7": {
            "0": 53.52,
            "1": 48.32,
            "hypercube": 25.759999999999998
        },
        "0.8": {
            "0": 41.760000000000005,
            "1": 38.879999999999995,
            "hypercube": 14.879999999999999
        },
        "0.9": {
            "0": 31.52,
            "1": 27.439999999999998,
            "hypercube": 7.76
        }
    },
    "3": {
        "0.1": {
            "0": 93.52000000000001,
            "1": 93.84,
            "hypercube": 89.12
        },
        "0.2": {
            "0": 91.44,
            "1": 89.60000000000001,
            "hypercube": 83.12
        },
        "0.3": {
            "0": 85.84,
            "1": 85.44,
            "hypercube": 74.72
        },
        "0.4": {
            "0": 76.48,
            "1": 79.67999999999999,
            "hypercube": 61.6
        },
        "0.5": {
            "0": 71.28,
            "1": 70.72,
            "hypercube": 50.56
        },
        "0.6": {
            "0": 63.12,
            "1": 59.919999999999995,
            "hypercube": 37.84
        },
        "0.7": {
            "0": 55.92,
            "1": 51.519999999999996,
            "hypercube": 28.48
        },
        "0.8": {
            "0": 45.68,
            "1": 40.8,
            "hypercube": 16.400000000000002
        },
        "0.9": {
            "0": 28.560000000000002,
            "1": 27.279999999999998,
            "hypercube": 6.32
        }
    },
    "4": {
        "0.1": {
            "0": 94.0,
            "1": 94.16,
            "hypercube": 90.48
        },
        "0.2": {
            "0": 88.64,
            "1": 89.44,
            "hypercube": 81.36
        },
        "0.3": {
            "0": 82.72,
            "1": 81.2,
            "hypercube": 68.88
        },
        "0.4": {
            "0": 77.12,
            "1": 75.76,
            "hypercube": 60.24
        },
        "0.5": {
            "0": 73.04,
            "1": 68.32000000000001,
            "hypercube": 52.0
        },
        "0.6": {
            "0": 67.28,
            "1": 57.84,
            "hypercube": 40.239999999999995
        },
        "0.7": {
            "0": 57.52,
            "1": 50.0,
            "hypercube": 29.28
        },
        "0.8": {
            "0": 47.760000000000005,
            "1": 38.56,
            "hypercube": 18.08
        },
        "0.9": {
            "0": 32.64,
            "1": 26.08,
            "hypercube": 8.48
        }
    },
    "5": {
        "0.1": {
            "0": 93.43474779823859,
            "1": 95.11609287429944,
            "hypercube": 90.47237790232185
        },
        "0.2": {
            "0": 87.10968775020017,
            "1": 89.11128903122498,
            "hypercube": 79.82385908726981
        },
        "0.3": {
            "0": 81.74539631705365,
            "1": 83.98718975180144,
            "hypercube": 70.13610888710969
        },
        "0.4": {
            "0": 73.89911929543635,
            "1": 78.30264211369095,
            "hypercube": 59.167333867093674
        },
        "0.5": {
            "0": 67.01361088871097,
            "1": 70.29623698959168,
            "hypercube": 48.438751000800636
        },
        "0.6": {
            "0": 60.92874299439551,
            "1": 60.20816653322658,
            "hypercube": 37.7902321857486
        },
        "0.7": {
            "0": 53.002401921537235,
            "1": 50.84067253803043,
            "hypercube": 26.421136909527622
        },
        "0.8": {
            "0": 43.23458767013611,
            "1": 44.515612489991994,
            "hypercube": 18.014411529223377
        },
        "0.9": {
            "0": 31.865492393915133,
            "1": 31.945556445156125,
            "hypercube": 10.088070456365092
        }
    },
    "6": {
        "0.1": {
            "0": 93.59487590072058,
            "1": 94.4755804643715,
            "hypercube": 90.0720576461169
        },
        "0.2": {
            "0": 89.75180144115292,
            "1": 87.34987990392314,
            "hypercube": 80.14411529223379
        },
        "0.3": {
            "0": 84.70776621297038,
            "1": 80.14411529223379,
            "hypercube": 68.69495596477182
        },
        "0.4": {
            "0": 79.34347477982386,
            "1": 75.5804643714972,
            "hypercube": 60.448358686949554
        },
        "0.5": {
            "0": 72.53803042433947,
            "1": 69.41553242594075,
            "hypercube": 50.200160128102475
        },
        "0.6": {
            "0": 66.05284227381905,
            "1": 60.848678943154525,
            "hypercube": 39.63170536429143
        },
        "0.7": {
            "0": 58.366693354683754,
            "1": 50.120096076861486,
            "hypercube": 27.702161729383505
        },
        "0.8": {
            "0": 47.157726180944756,
            "1": 40.51240992794236,
            "hypercube": 17.45396317053643
        },
        "0.9": {
            "0": 32.02562049639712,
            "1": 29.46357085668535,
            "hypercube": 7.926341072858286
        }
    },
    "7": {
        "0.1": {
            "0": 94.15532425940752,