{
    "0": {
        "0.05131670194948623": {
            "0": 95.28,
            "1": 94.64,
            "hypercube": 91.92
        },
        "0.10557280900008414": {
            "0": 90.72,
            "1": 90.32,
            "hypercube": 83.36
        },
        "0.16333997346592444": {
            "0": 84.8,
            "1": 82.72,
            "hypercube": 70.72
        },
        "0.2254033307585166": {
            "0": 78.32000000000001,
            "1": 76.55999999999999,
            "hypercube": 59.68
        },
        "0.2928932188134524": {
            "0": 72.39999999999999,
            "1": 69.76,
            "hypercube": 49.36
        },
        "0.3675444679663241": {
            "0": 65.84,
            "1": 61.68,
            "hypercube": 40.08
        },
        "0.4522774424948338": {
            "0": 58.8,
            "1": 55.92,
            "hypercube": 33.2
        },
        "0.5527864045000421": {
            "0": 48.32,
            "1": 45.68,
            "hypercube": 21.279999999999998
        },
        "0.6837722339831621": {
            "0": 35.76,
            "1": 33.28,
            "hypercube": 12.16
        }
    },
    "1": {
        "0.05131670194948623": {
            "0": 93.52000000000001,
            "1": 95.28,
            "hypercube": 91.44
        },
        "0.10557280900008414": {
            "0": 89.60000000000001,
            "1": 88.64,
            "hypercube": 81.2
        },
        "0.16333997346592444": {
            "0": 83.04,
            "1": 83.36,
            "hypercube": 69.84
        },
        "0.2254033307585166": {
            "0": 77.92,
            "1": 77.28,
            "hypercube": 60.31999999999999
        },
        "0.2928932188134524": {
            "0": 71.52,
            "1": 70.08,
            "hypercube": 49.6
        },
        "0.3675444679663241": {
            "0": 64.16,
            "1": 62.0,
            "hypercube": 37.84
        },
        "0.4522774424948338": {
            "0": 52.72,
            "1": 53.68000000000001,
            "hypercube": 26.8
        },
        "0.5527864045000421": {
            "0": 45.519999999999996,
            "1": 42.480000000000004,
            "hypercube": 17.84
        },
        "0.6837722339831621": {
            "0": 31.52,
            "1": 29.520000000000003,
            "hypercube": 7.6
        }
    },
    "2": {
        "0.05131670194948623": {
            "0": 95.67999999999999,
            "1": 93.12,
            "hypercube": 90.72
        },
        "0.10557280900008414": {
            "0": 88.16000000000001,
            "1": 86.4,
            "hypercube": 77.2
        },
        "0.16333997346592444": {
            "0": 81.36,
            "1": 81.28,
            "hypercube": 66.96
        },
        "0.2254033307585166": {
            "0": 74.72,
            "1": 74.56,
            "hypercube": 54.96
        },
        "0.2928932188134524": {
            "0": 68.16,
            "1": 67.92,
            "hypercube": 43.44
        },
        "0.3675444679663241": {
            "0": 61.199999999999996,
            "1": 61.919999999999995,
            "hypercube": 35.36
        },
        "0.4522774424948338": {
            "0": 54.16,
            "1": 52.959999999999994,
            "hypercube": 26.08
        },
        "0.5527864045000421": {
            "0": 43.919999999999995,
            "1": 44.16,
            "hypercube": 18.0
        },
        "0.6837722339831621": {
            "0": 32.16,
            "1": 29.68,
            "hypercube": 9.04
        }
    },
    "3": {
        "0.05131670194948623": {
            "0": 96.08,
            "1": 95.28,
            "hypercube": 92.88
        },
        "0.10557280900008414": {
            "0": 91.03999999999999,
            "1": 88.24,
            "hypercube": 81.6
        },
        "0.16333997346592444": {
            "0": 85.28,
            "1": 83.04,
            "hypercube": 70.96000000000001
        },
        "0.2254033307585166": {
            "0": 80.08,
            "1": 76.8,
            "hypercube": 60.31999999999999
        },
        "0.2928932188134524": {
            "0": 72.96000000000001,
            "1": 69.36,
            "hypercube": 49.04
        },
        "0.3675444679663241": {
            "0": 66.24,
            "1": 62.72,
            "hypercube": 39.839999999999996
        },
        "0.4522774424948338": {
            "0": 57.76,
            "1": 54.72,
            "hypercube": 29.28
        },
        "0.5527864045000421": {
            "0": 47.44,
            "1": 45.519999999999996,
            "hypercube": 20.560000000000002
        },
        "0.6837722339831621": {
            "0": 33.52,
            "1": 32.24,
            "hypercube": 9.68
        }
    },
    "4": {
        "0.05131670194948623": {
            "0": 95.52000000000001,
            "1": 94.8,
            "hypercube": 92.72
        },
        "0.10557280900008414": {
            "0": 90.64,
            "1": 89.84,
            "hypercube": 83.12
        },
        "0.16333997346592444": {
            "0": 84.24000000000001,
            "1": 83.28,
            "hypercube": 71.2
        },
        "0.2254033307585166": {
            "0": 79.92,
            "1": 75.12,
            "hypercube": 60.31999999999999
        },
        "0.2928932188134524": {
            "0": 73.04,
            "1": 68.32000000000001,
            "hypercube": 49.2
        },
        "0.3675444679663241": {
            "0": 66.16,
            "1": 61.12,
            "hypercube": 39.519999999999996
        },
        "0.4522774424948338": {
            "0": 59.28,
            "1": 52.239999999999995,
            "hypercube": 30.159999999999997
        },
        "0.5527864045000421": {
            "0": 47.92,
            "1": 40.32,
            "hypercube": 18.56
        },
        "0.6837722339831621": {
            "0": 32.32,
            "1": 28.96,
            "hypercube": 9.76
        }
    },
    "5": {
        "0.05131670194948623": {
            "0": 94.87590072057645,
            "1": 95.03602882305844,
            "hypercube": 92.2337870296237
        },
        "0.10557280900008414": {
            "0": 89.19135308246598,
            "1": 91.51321056845477,
            "hypercube": 83.74699759807847
        },
        "0.16333997346592444": {
            "0": 84.3875100080064,
            "1": 84.30744595676542,
            "hypercube": 72.85828662930345
        },
        "0.2254033307585166": {
            "0": 78.22257806244995,
            "1": 78.06244995996798,
            "hypercube": 61.88951160928743
        },
        "0.2928932188134524": {
            "0": 69.73578863090472,
            "1": 71.97758206565253,
            "hypercube": 49.71977582065652
        },
        "0.3675444679663241": {
            "0": 63.090472377902316,
            "1": 63.41072858286629,
            "hypercube": 38.67093674939952
        },
        "0.4522774424948338": {
            "0": 55.084067253803035,
            "1": 53.40272217774219,
            "hypercube": 27.782225780624497
        },
        "0.5527864045000421": {
            "0": 45.716573258606886,
            "1": 42.75420336269015,
            "hypercube": 18.8951160928743
        },
        "0.6837722339831621": {
            "0": 33.066453162530024,
            "1": 31.30504403522818,
            "hypercube": 9.207365892714172
        }
    },
    "6": {
        "0.05131670194948623": {
            "0": 95.11609287429944,
            "1": 95.19615692554044,
            "hypercube": 92.39391513210569
        },
        "0.10557280900008414": {
            "0": 90.23218574859888,
            "1": 90.87269815852682,
            "hypercube": 83.2666132906325
        },
        "0.16333997346592444": {
            "0": 85.18815052041633,
            "1": 85.26821457165732,
            "hypercube": 73.3386709367494
        },
        "0.2254033307585166": {
            "0": 79.26341072858285,
            "1": 78.06244995996798,