{
    "0": {
        "0.05131670194948623": {
            "0": 95.52000000000001,
            "1": 95.36,
            "hypercube": 92.72
        },
        "0.10557280900008414": {
            "0": 89.60000000000001,
            "1": 89.84,
            "hypercube": 82.39999999999999
        },
        "0.16333997346592444": {
            "0": 84.64,
            "1": 85.28,
            "hypercube": 74.32
        },
        "0.2254033307585166": {
            "0": 80.0,
            "1": 78.96,
            "hypercube": 64.48
        },
        "0.2928932188134524": {
            "0": 72.48,
            "1": 72.32,
            "hypercube": 52.959999999999994
        },
        "0.3675444679663241": {
            "0": 65.60000000000001,
            "1": 65.60000000000001,
            "hypercube": 44.080000000000005
        },
        "0.4522774424948338": {
            "0": 59.36,
            "1": 57.36,
            "hypercube": 34.56
        },
        "0.5527864045000421": {
            "0": 48.96,
            "1": 46.400000000000006,
            "hypercube": 22.720000000000002
        },
        "0.6837722339831621": {
            "0": 34.72,
            "1": 32.879999999999995,
            "hypercube": 11.04
        }
    },
    "1": {
        "0.05131670194948623": {
            "0": 92.96,
            "1": 94.72,
            "hypercube": 90.08
        },
        "0.10557280900008414": {
            "0": 88.0,
            "1": 89.44,
            "hypercube": 80.88
        },
        "0.16333997346592444": {
            "0": 84.08,
            "1": 84.0,
            "hypercube": 71.92
        },
        "0.2254033307585166": {
            "0": 78.48,
            "1": 77.52,
            "hypercube": 62.08
        },
        "0.2928932188134524": {
            "0": 70.96000000000001,
            "1": 73.83999999999999,
            "hypercube": 53.28000000000001
        },
        "0.3675444679663241": {
            "0": 62.160000000000004,
            "1": 64.64,
            "hypercube": 40.72
        },
        "0.4522774424948338": {
            "0": 54.24,
            "1": 54.48,
            "hypercube": 29.599999999999998
        },
        "0.5527864045000421": {
            "0": 43.519999999999996,
            "1": 43.84,
            "hypercube": 18.0
        },
        "0.6837722339831621": {
            "0": 30.48,
            "1": 29.439999999999998,
            "hypercube": 8.24
        }
    },
    "2": {
        "0.05131670194948623": {
            "0": 95.04,
            "1": 93.36,
            "hypercube": 90.4
        },
        "0.10557280900008414": {
            "0": 89.12,
            "1": 88.32,
            "hypercube": 80.4
        },
        "0.16333997346592444": {
            "0": 81.92,
            "1": 83.52000000000001,
            "hypercube": 69.52000000000001
        },
        "0.2254033307585166": {
            "0": 74.96000000000001,
            "1": 76.8,
            "hypercube": 58.24
        },
        "0.2928932188134524": {
            "0": 69.12,
            "1": 68.8,
            "hypercube": 47.92
        },
        "0.3675444679663241": {
            "0": 62.08,
            "1": 61.44,
            "hypercube": 38.879999999999995
        },
        "0.4522774424948338": {
            "0": 54.800000000000004,
            "1": 52.800000000000004,
            "hypercube": 28.720000000000002
        },
        "0.5527864045000421": {
            "0": 44.96,
            "1": 44.0,
            "hypercube": 19.12
        },
        "0.6837722339831621": {
            "0": 33.36,
            "1": 31.680000000000003,
            "hypercube": 10.56
        }
    },
    "3": {
        "0.05131670194948623": {
            "0": 95.52000000000001,
            "1": 94.96,
            "hypercube": 92.08
        },
        "0.10557280900008414": {
            "0": 91.60000000000001,
            "1": 89.84,
            "hypercube": 83.76
        },
        "0.16333997346592444": {
            "0": 86.08,
            "1": 84.88,
            "hypercube": 74.32
        },
        "0.2254033307585166": {
            "0": 79.12,
            "1": 77.75999999999999,
            "hypercube": 62.0
        },
        "0.2928932188134524": {
            "0": 72.39999999999999,
            "1": 69.76,
            "hypercube": 50.239999999999995
        },
        "0.3675444679663241": {
            "0": 65.68,
            "1": 61.6,
            "hypercube": 40.239999999999995
        },
        "0.4522774424948338": {
            "0": 57.04,
            "1": 50.8,
            "hypercube": 27.839999999999996
        },
        "0.5527864045000421": {
            "0": 45.92,
            "1": 40.8,
            "hypercube": 15.68
        },
        "0.6837722339831621": {
            "0": 30.4,
            "1": 27.52,
            "hypercube": 6.4799999999999995
        }
    },
    "4": {
        "0.05131670194948623": {
            "0": 95.04,
            "1": 95.44,
            "hypercube": 92.56
        },
        "0.10557280900008414": {
            "0": 90.32,
            "1": 90.32,
            "hypercube": 83.91999999999999
        },
        "0.16333997346592444": {
            "0": 84.56,
            "1": 83.04,
            "hypercube": 72.39999999999999
        },
        "0.2254033307585166": {
            "0": 79.36,
            "1": 77.68,
            "hypercube": 63.6
        },
        "0.2928932188134524": {
            "0": 73.92,
            "1": 71.52,
            "hypercube": 54.559999999999995
        },
        "0.3675444679663241": {
            "0": 68.96,
            "1": 63.28,
            "hypercube": 45.04
        },
        "0.4522774424948338": {
            "0": 58.08,
            "1": 53.12,
            "hypercube": 31.680000000000003
        },
        "0.5527864045000421": {
            "0": 49.28,
            "1": 44.800000000000004,
            "hypercube": 21.92
        },
        "0.6837722339831621": {
            "0": 35.52,
            "1": 30.72,
            "hypercube": 10.32
        }
    },
    "5": {
        "0.05131670194948623": {
            "0": 94.23538831064852,
            "1": 95.11609287429944,
            "hypercube": 91.35308246597278
        },
        "0.10557280900008414": {
            "0": 89.27141713370696,
            "1": 90.47237790232185,
            "hypercube": 83.10648518815053
        },
        "0.16333997346592444": {
            "0": 83.2666132906325,
            "1": 84.3875100080064,
            "hypercube": 71.97758206565253
        },
        "0.2254033307585166": {
            "0": 75.74059247397919,
            "1": 77.58206565252202,
            "hypercube": 60.20816653322658
        },
        "0.2928932188134524": {
            "0": 69.57566052842273,
            "1": 71.0968775020016,
            "hypercube": 50.600480384307446
        },
        "0.3675444679663241": {
            "0": 62.369895916733384,
            "1": 61.32906325060048,
            "hypercube": 39.391513210568455
        },
        "0.4522774424948338": {
            "0": 55.80464371497198,
            "1": 53.64291433146518,
            "hypercube": 30.0240192153723
        },
        "0.5527864045000421": {
            "0": 44.83586869495596,
            "1": 45.556445156124894,
            "hypercube": 19.77582065652522
        },
        "0.6837722339831621": {
            "0": 32.345876701361085,
            "1": 33.70696557245797,
            "hypercube": 11.128903122497999
        }
    },
    "6": {
        "0.05131670194948623": {
            "0": 94.07526020816654,
            "1": 95.35628502802241,
            "hypercube": 91.03282626100881
        },
        "0.10557280900008414": {
            "0": 89.9919935948759,
            "1": 90.71257005604484,
            "hypercube": 83.42674139311448
        },
        "0.16333997346592444": {
            "0": 84.54763811048839,
            "1": 85.18815052041633,
            "hypercube": 73.2586068855084
        },