{
    "0": {
        "0.1": {
            "0": 94.16,
            "1": 94.16,
            "hypercube": 90.48
        },
        "0.2": {
            "0": 88.96,
            "1": 89.03999999999999,
            "hypercube": 81.2
        },
        "0.3": {
            "0": 83.04,
            "1": 83.52000000000001,
            "hypercube": 71.04
        },
        "0.4": {
            "0": 79.60000000000001,
            "1": 78.0,
            "hypercube": 63.36000000000001
        },
        "0.5": {
            "0": 71.84,
            "1": 72.32,
            "hypercube": 52.559999999999995
        },
        "0.6": {
            "0": 65.44,
            "1": 65.28,
            "hypercube": 43.68
        },
        "0.7": {
            "0": 59.599999999999994,
            "1": 57.99999999999999,
            "hypercube": 35.28
        },
        "0.8": {
            "0": 49.519999999999996,
            "1": 47.12,
            "hypercube": 23.76
        },
        "0.9": {
            "0": 34.96,
            "1": 33.12,
            "hypercube": 11.360000000000001
        }
    },
    "1": {
        "0.1": {
            "0": 92.08,
            "1": 94.0,
            "hypercube": 88.72
        },
        "0.2": {
            "0": 87.6,
            "1": 89.03999999999999,
            "hypercube": 80.16
        },
        "0.3": {
            "0": 84.08,
            "1": 83.28,
            "hypercube": 71.36
        },
        "0.4": {
            "0": 78.24,
            "1": 77.52,
            "hypercube": 61.839999999999996
        },
        "0.5": {
            "0": 70.96000000000001,
            "1": 73.83999999999999,
            "hypercube": 53.28000000000001
        },
        "0.6": {
            "0": 62.160000000000004,
            "1": 64.64,
            "hypercube": 40.72
        },
        "0.7": {
            "0": 56.08,
            "1": 56.00000000000001,
            "hypercube": 31.52
        },
        "0.8": {
            "0": 44.16,
            "1": 44.72,
            "hypercube": 18.8
        },
        "0.9": {
            "0": 31.840000000000003,
            "1": 30.64,
            "hypercube": 8.88
        }
    },
    "2": {
        "0.1": {
            "0": 94.0,
            "1": 92.56,
            "hypercube": 88.72
        },
        "0.2": {
            "0": 86.48,
            "1": 87.03999999999999,
            "hypercube": 76.88000000000001
        },
        "0.3": {
            "0": 79.44,
            "1": 81.44,
            "hypercube": 65.60000000000001
        },
        "0.4": {
            "0": 73.83999999999999,
            "1": 74.96000000000001,
            "hypercube": 56.16
        },
        "0.5": {
            "0": 68.72,
            "1": 68.16,
            "hypercube": 47.12
        },
        "0.6": {
            "0": 61.519999999999996,
            "1": 59.919999999999995,
            "hypercube": 37.36
        },
        "0.7": {
            "0": 54.800000000000004,
            "1": 52.800000000000004,
            "hypercube": 28.720000000000002
        },
        "0.8": {
            "0": 46.32,
            "1": 45.04,
            "hypercube": 20.24
        },
        "0.9": {
            "0": 34.64,
            "1": 32.16,
            "hypercube": 11.12
        }
    },
    "3": {
        "0.1": {
            "0": 94.48,
            "1": 93.67999999999999,
            "hypercube": 90.0
        },
        "0.2": {
            "0": 89.92,
            "1": 88.96,
            "hypercube": 81.28
        },
        "0.3": {
            "0": 85.28,
            "1": 84.16,
            "hypercube": 73.11999999999999
        },
        "0.4": {
            "0": 76.55999999999999,
            "1": 75.44,
            "hypercube": 57.84
        },
        "0.5": {
            "0": 71.84,
            "1": 69.28,
            "hypercube": 49.36
        },
        "0.6": {
            "0": 65.52,
            "1": 60.88,
            "hypercube": 39.6
        },
        "0.7": {
            "0": 57.99999999999999,
            "1": 51.76,
            "hypercube": 28.96
        },
        "0.8": {
            "0": 48.4,
            "1": 42.64,
            "hypercube": 17.84
        },
        "0.9": {
            "0": 33.040000000000006,
            "1": 30.4,
            "hypercube": 7.28
        }
    },
    "4": {
        "0.1": {
            "0": 94.32000000000001,
            "1": 94.8,
            "hypercube": 91.44
        },
        "0.2": {
            "0": 86.96000000000001,
            "1": 88.16000000000001,
            "hypercube": 78.8
        },
        "0.3": {
            "0": 83.67999999999999,
            "1": 81.04,
            "hypercube": 69.92
        },
        "0.4": {
            "0": 79.03999999999999,
            "1": 76.24,
            "hypercube": 62.239999999999995
        },
        "0.5": {
            "0": 73.44000000000001,
            "1": 70.64,
            "hypercube": 53.68000000000001
        },
        "0.6": {
            "0": 67.60000000000001,
            "1": 61.199999999999996,
            "hypercube": 42.8
        },
        "0.7": {
            "0": 58.08,
            "1": 52.959999999999994,
            "hypercube": 31.52
        },
        "0.8": {
            "0": 50.480000000000004,
            "1": 45.2,
            "hypercube": 22.64
        },
        "0.9": {
            "0": 37.2,
            "1": 32.4,
            "hypercube": 11.360000000000001
        }
    },
    "5": {
        "0.1": {
            "0": 92.55404323458767,
            "1": 93.59487590072058,
            "hypercube": 88.71096877502002
        },
        "0.2": {
            "0": 87.42994395516413,
            "1": 89.35148118494796,
            "hypercube": 80.38430744595676
        },
        "0.3": {
            "0": 81.90552441953562,
            "1": 83.50680544435548,
            "hypercube": 70.05604483586869
        },
        "0.4": {
            "0": 74.69975980784628,
            "1": 76.46116893514812,
            "hypercube": 58.60688550840673
        },
        "0.5": {
            "0": 68.05444355484389,
            "1": 69.81585268214572,
            "hypercube": 48.83907125700561
        },
        "0.6": {
            "0": 61.64931945556445,
            "1": 60.12810248198559,
            "hypercube": 37.870296236989596
        },
        "0.7": {
            "0": 55.80464371497198,
            "1": 53.64291433146518,
            "hypercube": 30.0240192153723
        },
        "0.8": {
            "0": 44.83586869495596,
            "1": 45.556445156124894,
            "hypercube": 19.77582065652522
        },
        "0.9": {
            "0": 33.94715772618094,
            "1": 34.90792634107286,
            "hypercube": 12.00960768614892
        }
    },
    "6": {
        "0.1": {
            "0": 93.2746196957566,
            "1": 94.15532425940752,
            "hypercube": 89.67173738991193
        },
        "0.2": {
            "0": 88.31064851881504,
            "1": 88.71096877502002,
            "hypercube": 80.14411529223379
        },
        "0.3": {
            "0": 82.78622898318655,
            "1": 83.74699759807847,
            "hypercube": 70.29623698959168
        },
        "0.4": {
            "0": 78.06244995996798,
            "1": 75.10008006405124,
            "hypercube": 59.40752602081665
        },
        "0.5": {
            "0": 72.2978382706165,
            "1": 68.9351481184948,
            "hypercube": 49.79983987189752
        },
        "0.6": {
            "0": 65.73258606885508,
            "1": 61.72938350680545,
            "hypercube": 39.391513210568455
        },
        "0.7": {
            "0": 57.96637309847878,
            "1": 52.76220976781425,
            "hypercube": 29.383506805444355
        },
        "0.8": {
            "0": 49.31945556445156,
            "1": 45.31625300240192,
            "hypercube": 20.736589271417134
        },
        "0.9": {
            "0": 32.105684547638106,
            "1": 29.78382706164932,