{
    "0": {
        "0.1": {
            "0": 94.72,
            "1": 94.48,
            "hypercube": 91.2
        },
        "0.2": {
            "0": 90.48,
            "1": 90.08,
            "hypercube": 82.88
        },
        "0.3": {
            "0": 84.24000000000001,
            "1": 82.32000000000001,
            "hypercube": 70.0
        },
        "0.4": {
            "0": 77.52,
            "1": 75.68,
            "hypercube": 58.08
        },
        "0.5": {
            "0": 72.0,
            "1": 68.47999999999999,
            "hypercube": 47.92
        },
        "0.6": {
            "0": 65.2,
            "1": 61.199999999999996,
            "hypercube": 39.6
        },
        "0.7": {
            "0": 57.68,
            "1": 54.800000000000004,
            "hypercube": 31.36
        },
        "0.8": {
            "0": 47.68,
            "1": 44.72,
            "hypercube": 20.32
        },
        "0.9": {
            "0": 34.08,
            "1": 31.2,
            "hypercube": 10.8
        }
    },
    "1": {
        "0.1": {
            "0": 93.04,
            "1": 94.88,
            "hypercube": 90.56
        },
        "0.2": {
            "0": 89.28,
            "1": 88.32,
            "hypercube": 80.56
        },
        "0.3": {
            "0": 82.64,
            "1": 82.72,
            "hypercube": 69.04
        },
        "0.4": {
            "0": 77.03999999999999,
            "1": 76.64,
            "hypercube": 59.28
        },
        "0.5": {
            "0": 70.48,
            "1": 68.56,
            "hypercube": 47.760000000000005
        },
        "0.6": {
            "0": 62.160000000000004,
            "1": 60.480000000000004,
            "hypercube": 35.76
        },
        "0.7": {
            "0": 51.519999999999996,
            "1": 52.559999999999995,
            "hypercube": 25.52
        },
        "0.8": {
            "0": 43.68,
            "1": 40.88,
            "hypercube": 16.08
        },
        "0.9": {
            "0": 29.759999999999998,
            "1": 27.92,
            "hypercube": 6.959999999999999
        }
    },
    "2": {
        "0.1": {
            "0": 95.19999999999999,
            "1": 92.64,
            "hypercube": 89.75999999999999
        },
        "0.2": {
            "0": 87.52,
            "1": 86.0,
            "hypercube": 76.24
        },
        "0.3": {
            "0": 80.47999999999999,
            "1": 79.92,
            "hypercube": 64.96
        },
        "0.4": {
            "0": 73.68,
            "1": 74.08,
            "hypercube": 53.52
        },
        "0.5": {
            "0": 67.60000000000001,
            "1": 67.2,
            "hypercube": 42.72
        },
        "0.6": {
            "0": 60.480000000000004,
            "1": 60.0,
            "hypercube": 33.92
        },
        "0.7": {
            "0": 53.04,
            "1": 52.16,
            "hypercube": 24.8
        },
        "0.8": {
            "0": 43.120000000000005,
            "1": 42.480000000000004,
            "hypercube": 17.36
        },
        "0.9": {
            "0": 31.36,
            "1": 27.92,
            "hypercube": 8.559999999999999
        }
    },
    "3": {
        "0.1": {
            "0": 95.92,
            "1": 94.8,
            "hypercube": 92.24
        },
        "0.2": {
            "0": 91.03999999999999,
            "1": 88.08,
            "hypercube": 81.44
        },
        "0.3": {
            "0": 84.56,
            "1": 83.04,
            "hypercube": 70.24000000000001
        },
        "0.4": {
            "0": 79.03999999999999,
            "1": 75.92,
            "hypercube": 58.56
        },
        "0.5": {
            "0": 72.48,
            "1": 68.8,
            "hypercube": 48.32
        },
        "0.6": {
            "0": 65.03999999999999,
            "1": 62.480000000000004,
            "hypercube": 38.800000000000004
        },
        "0.7": {
            "0": 56.32,
            "1": 54.48,
            "hypercube": 28.48
        },
        "0.8": {
            "0": 46.0,
            "1": 45.36,
            "hypercube": 20.4
        },
        "0.9": {
            "0": 32.48,
            "1": 31.759999999999998,
            "hypercube": 9.28
        }
    },
    "4": {
        "0.1": {
            "0": 94.96,
            "1": 94.24,
            "hypercube": 91.60000000000001
        },
        "0.2": {
            "0": 90.56,
            "1": 89.2,
            "hypercube": 82.39999999999999
        },
        "0.3": {
            "0": 83.67999999999999,
            "1": 83.2,
            "hypercube": 70.72
        },
        "0.4": {
            "0": 78.48,
            "1": 74.8,
            "hypercube": 59.040000000000006
        },
        "0.5": {
            "0": 72.56,
            "1": 67.75999999999999,
            "hypercube": 48.480000000000004
        },
        "0.6": {
            "0": 65.52,
            "1": 59.599999999999994,
            "hypercube": 38.0
        },
        "0.7": {
            "0": 58.32000000000001,
            "1": 50.56,
            "hypercube": 28.560000000000002
        },
        "0.8": {
            "0": 46.08,
            "1": 39.28,
            "hypercube": 18.240000000000002
        },
        "0.9": {
            "0": 30.56,
            "1": 28.4,
            "hypercube": 8.72
        }
    },
    "5": {
        "0.1": {
            "0": 94.63570856685348,
            "1": 94.79583666933547,
            "hypercube": 91.83346677341873
        },
        "0.2": {
            "0": 88.71096877502002,
            "1": 90.47237790232185,
            "hypercube": 82.2257806244996
        },
        "0.3": {
            "0": 83.10648518815053,
            "1": 82.86629303442754,
            "hypercube": 70.29623698959168
        },
        "0.4": {
            "0": 76.38110488390713,
            "1": 77.18174539631705,
            "hypercube": 59.32746196957566
        },
        "0.5": {
            "0": 68.61489191353083,
            "1": 69.33546837469976,
            "hypercube": 46.99759807846277
        },
        "0.6": {
            "0": 60.52842273819056,
            "1": 61.32906325060048,
            "hypercube": 35.78863090472378
        },
        "0.7": {
            "0": 53.002401921537235,
            "1": 51.00080064051241,
            "hypercube": 24.89991993594876
        },
        "0.8": {
            "0": 42.594075260208164,
            "1": 40.19215372297838,
            "hypercube": 16.172938350680543
        },
        "0.9": {
            "0": 31.22497998398719,
            "1": 29.22337870296237,
            "hypercube": 8.486789431545235
        }
    },
    "6": {
        "0.1": {
            "0": 94.95596477181746,
            "1": 94.63570856685348,
            "hypercube": 91.67333867093676
        },
        "0.2": {
            "0": 89.67173738991193,
            "1": 90.15212169735788,
            "hypercube": 81.98558847077662
        },
        "0.3": {
            "0": 84.30744595676542,
            "1": 83.98718975180144,
            "hypercube": 71.17694155324259
        },
        "0.4": {
            "0": 78.8630904723779,
            "1": 76.86148919135309,
            "hypercube": 59.72778222578062
        },
        "0.5": {
            "0": 71.33706965572458,
            "1": 70.21617293835068,
            "hypercube": 47.958366693354684
        },
        "0.6": {
            "0": 63.65092073658927,
            "1": 63.81104883907126,
            "hypercube": 38.11048839071257
        },
        "0.7": {
            "0": 54.04323458767014,
            "1": 55.964771817453965,
            "hypercube": 27.542033626901517
        },
        "0.8": {
            "0": 43.795036028823056,
            "1": 43.55484387510008,
            "hypercube": 18.734987990392312
        },
        "0.9": {
            "0": 30.824659727782226,
            "1": 29.943955164131303,
            "hypercube": 8.967173738991193
        }
    },