{
    "0": {
        "0.1": {
            "0": 94.72,
            "1": 94.72,
            "hypercube": 91.44
        },
        "0.2": {
            "0": 89.03999999999999,
            "1": 89.12,
            "hypercube": 81.36
        },
        "0.3": {
            "0": 83.44,
            "1": 84.0,
            "hypercube": 71.92
        },
        "0.4": {
            "0": 79.36,
            "1": 77.92,
            "hypercube": 63.04
        },
        "0.5": {
            "0": 70.72,
            "1": 70.88,
            "hypercube": 50.88
        },
        "0.6": {
            "0": 64.24,
            "1": 64.24,
            "hypercube": 42.32
        },
        "0.7": {
            "0": 57.52,
            "1": 55.04,
            "hypercube": 32.48
        },
        "0.8": {
            "0": 46.88,
            "1": 45.28,
            "hypercube": 20.8
        },
        "0.9": {
            "0": 32.64,
            "1": 30.880000000000003,
            "hypercube": 9.92
        }
    },
    "1": {
        "0.1": {
            "0": 92.56,
            "1": 94.08,
            "hypercube": 89.28
        },
        "0.2": {
            "0": 88.0,
            "1": 89.12,
            "hypercube": 80.56
        },
        "0.3": {
            "0": 84.08,
            "1": 83.28,
            "hypercube": 71.36
        },
        "0.4": {
            "0": 77.68,
            "1": 77.28,
            "hypercube": 61.199999999999996
        },
        "0.5": {
            "0": 69.67999999999999,
            "1": 72.16,
            "hypercube": 50.96000000000001
        },
        "0.6": {
            "0": 61.519999999999996,
            "1": 63.839999999999996,
            "hypercube": 39.839999999999996
        },
        "0.7": {
            "0": 53.6,
            "1": 53.2,
            "hypercube": 28.48
        },
        "0.8": {
            "0": 41.839999999999996,
            "1": 41.92,
            "hypercube": 16.08
        },
        "0.9": {
            "0": 29.92,
            "1": 27.839999999999996,
            "hypercube": 7.76
        }
    },
    "2": {
        "0.1": {
            "0": 94.72,
            "1": 92.96,
            "hypercube": 89.75999999999999
        },
        "0.2": {
            "0": 87.44,
            "1": 87.6,
            "hypercube": 78.4
        },
        "0.3": {
            "0": 80.64,
            "1": 82.24000000000001,
            "hypercube": 67.28
        },
        "0.4": {
            "0": 73.83999999999999,
            "1": 74.96000000000001,
            "hypercube": 56.16
        },
        "0.5": {
            "0": 68.32000000000001,
            "1": 66.16,
            "hypercube": 45.76
        },
        "0.6": {
            "0": 60.96,
            "1": 58.96,
            "hypercube": 36.24
        },
        "0.7": {
            "0": 52.400000000000006,
            "1": 51.04,
            "hypercube": 26.32
        },
        "0.8": {
            "0": 43.44,
            "1": 42.24,
            "hypercube": 17.04
        },
        "0.9": {
            "0": 30.159999999999997,
            "1": 29.2,
            "hypercube": 8.64
        }
    },
    "3": {
        "0.1": {
            "0": 95.19999999999999,
            "1": 94.0,
            "hypercube": 90.96
        },
        "0.2": {
            "0": 90.32,
            "1": 89.28,
            "hypercube": 82.0
        },
        "0.3": {
            "0": 85.11999999999999,
            "1": 84.08,
            "hypercube": 72.96000000000001
        },
        "0.4": {
            "0": 76.55999999999999,
            "1": 75.44,
            "hypercube": 57.84
        },
        "0.5": {
            "0": 70.39999999999999,
            "1": 67.84,
            "hypercube": 47.36
        },
        "0.6": {
            "0": 64.88000000000001,
            "1": 59.519999999999996,
            "hypercube": 38.32
        },
        "0.7": {
            "0": 55.67999999999999,
            "1": 50.0,
            "hypercube": 26.400000000000002
        },
        "0.8": {
            "0": 44.16,
            "1": 39.839999999999996,
            "hypercube": 14.64
        },
        "0.9": {
            "0": 28.88,
            "1": 26.32,
            "hypercube": 6.16
        }
    },
    "4": {
        "0.1": {
            "0": 94.96,
            "1": 94.96,
            "hypercube": 92.08
        },
        "0.2": {
            "0": 88.48,
            "1": 88.64,
            "hypercube": 80.64
        },
        "0.3": {
            "0": 84.0,
            "1": 81.76,
            "hypercube": 70.8
        },
        "0.4": {
            "0": 79.03999999999999,
            "1": 76.24,
            "hypercube": 62.239999999999995
        },
        "0.5": {
            "0": 72.96000000000001,
            "1": 70.0,
            "hypercube": 52.72
        },
        "0.6": {
            "0": 66.4,
            "1": 61.040000000000006,
            "hypercube": 41.68
        },
        "0.7": {
            "0": 56.39999999999999,
            "1": 51.04,
            "hypercube": 29.28
        },
        "0.8": {
            "0": 47.68,
            "1": 42.96,
            "hypercube": 20.0
        },
        "0.9": {
            "0": 32.4,
            "1": 28.16,
            "hypercube": 9.44
        }
    },
    "5": {
        "0.1": {
            "0": 93.67493995196156,
            "1": 94.87590072057645,
            "hypercube": 90.71257005604484
        },
        "0.2": {
            "0": 88.55084067253803,
            "1": 90.23218574859888,
            "hypercube": 82.14571657325861
        },
        "0.3": {
            "0": 81.90552441953562,
            "1": 83.50680544435548,
            "hypercube": 70.05604483586869
        },
        "0.4": {
            "0": 74.5396317053643,
            "1": 75.82065652522017,
            "hypercube": 57.886309047237795
        },
        "0.5": {
            "0": 67.09367493995197,
            "1": 68.69495596477182,
            "hypercube": 47.397918334667736
        },
        "0.6": {
            "0": 60.448358686949554,
            "1": 59.167333867093674,
            "hypercube": 36.429143314651725
        },
        "0.7": {
            "0": 53.24259407526021,
            "1": 51.881505204163325,
            "hypercube": 27.702161729383505
        },
        "0.8": {
            "0": 41.95356285028022,
            "1": 43.15452361889512,
            "hypercube": 17.854283426741393
        },
        "0.9": {
            "0": 29.62369895916733,
            "1": 31.785428342674138,
            "hypercube": 9.127301841473178
        }
    },
    "6": {
        "0.1": {
            "0": 93.91513210568455,
            "1": 94.79583666933547,
            "hypercube": 90.71257005604484
        },
        "0.2": {
            "0": 88.791032826261,
            "1": 89.75180144115292,
            "hypercube": 81.50520416333067
        },
        "0.3": {
            "0": 83.2666132906325,
            "1": 84.4675740592474,
            "hypercube": 71.33706965572458
        },
        "0.4": {
            "0": 78.06244995996798,
            "1": 75.10008006405124,
            "hypercube": 59.40752602081665
        },
        "0.5": {
            "0": 71.89751801441153,
            "1": 68.61489191353083,
            "hypercube": 49.079263410728586
        },
        "0.6": {
            "0": 64.21136909527621,
            "1": 60.448358686949554,
            "hypercube": 37.469975980784625
        },
        "0.7": {
            "0": 55.084067253803035,
            "1": 51.24099279423538,
            "hypercube": 27.061649319455565
        },
        "0.8": {
            "0": 46.437149719775825,
            "1": 42.11369095276221,
            "hypercube": 17.7742193755004
        },
        "0.9": {
            "0": 30.10408326661329,
            "1": 27.061649319455565,
            "hypercube": 7.045636509207366
        }
    },
    "7": {
        "0.1": {
            "0": 94.4755804643715,
            "1": 94.39551641313051,