{
    "0": {
        "0.1": {
            "0": 94.16,
            "1": 94.08,
            "hypercube": 90.24
        },
        "0.2": {
            "0": 89.60000000000001,
            "1": 89.2,
            "hypercube": 81.12
        },
        "0.3": {
            "0": 84.24000000000001,
            "1": 82.32000000000001,
            "hypercube": 70.0
        },
        "0.4": {
            "0": 78.64,
            "1": 76.55999999999999,
            "hypercube": 60.0
        },
        "0.5": {
            "0": 73.36,
            "1": 70.48,
            "hypercube": 50.56
        },
        "0.6": {
            "0": 68.47999999999999,
            "1": 63.28,
            "hypercube": 42.4
        },
        "0.7": {
            "0": 59.84,
            "1": 57.84,
            "hypercube": 34.72
        },
        "0.8": {
            "0": 51.12,
            "1": 46.800000000000004,
            "hypercube": 23.44
        },
        "0.9": {
            "0": 36.480000000000004,
            "1": 34.64,
            "hypercube": 12.959999999999999
        }
    },
    "1": {
        "0.1": {
            "0": 93.04,
            "1": 94.56,
            "hypercube": 90.24
        },
        "0.2": {
            "0": 88.88000000000001,
            "1": 87.28,
            "hypercube": 79.2
        },
        "0.3": {
            "0": 83.04,
            "1": 83.2,
            "hypercube": 69.67999999999999
        },
        "0.4": {
            "0": 77.60000000000001,
            "1": 76.72,
            "hypercube": 59.68
        },
        "0.5": {
            "0": 71.84,
            "1": 70.48,
            "hypercube": 50.32
        },
        "0.6": {
            "0": 66.08000000000001,
            "1": 62.4,
            "hypercube": 39.44
        },
        "0.7": {
            "0": 55.44,
            "1": 54.72,
            "hypercube": 29.2
        },
        "0.8": {
            "0": 46.160000000000004,
            "1": 44.879999999999995,
            "hypercube": 19.2
        },
        "0.9": {
            "0": 30.240000000000002,
            "1": 28.799999999999997,
            "hypercube": 7.28
        }
    },
    "2": {
        "0.1": {
            "0": 94.16,
            "1": 91.67999999999999,
            "hypercube": 87.76
        },
        "0.2": {
            "0": 87.12,
            "1": 85.76,
            "hypercube": 75.68
        },
        "0.3": {
            "0": 80.47999999999999,
            "1": 79.92,
            "hypercube": 64.96
        },
        "0.4": {
            "0": 74.96000000000001,
            "1": 74.8,
            "hypercube": 55.36
        },
        "0.5": {
            "0": 69.6,
            "1": 69.19999999999999,
            "hypercube": 45.6
        },
        "0.6": {
            "0": 63.04,
            "1": 63.12,
            "hypercube": 37.44
        },
        "0.7": {
            "0": 56.48,
            "1": 54.72,
            "hypercube": 28.799999999999997
        },
        "0.8": {
            "0": 46.48,
            "1": 46.800000000000004,
            "hypercube": 19.439999999999998
        },
        "0.9": {
            "0": 32.800000000000004,
            "1": 31.119999999999997,
            "hypercube": 9.520000000000001
        }
    },
    "3": {
        "0.1": {
            "0": 95.04,
            "1": 94.56,
            "hypercube": 91.2
        },
        "0.2": {
            "0": 90.0,
            "1": 87.92,
            "hypercube": 80.24
        },
        "0.3": {
            "0": 84.56,
            "1": 83.04,
            "hypercube": 70.24000000000001
        },
        "0.4": {
            "0": 80.24,
            "1": 77.60000000000001,
            "hypercube": 61.28
        },
        "0.5": {
            "0": 73.11999999999999,
            "1": 69.76,
            "hypercube": 49.36
        },
        "0.6": {
            "0": 67.84,
            "1": 63.68000000000001,
            "hypercube": 41.36
        },
        "0.7": {
            "0": 60.0,
            "1": 56.39999999999999,
            "hypercube": 31.919999999999998
        },
        "0.8": {
            "0": 50.88,
            "1": 49.76,
            "hypercube": 23.68
        },
        "0.9": {
            "0": 34.56,
            "1": 33.839999999999996,
            "hypercube": 10.879999999999999
        }
    },
    "4": {
        "0.1": {
            "0": 94.8,
            "1": 93.52000000000001,
            "hypercube": 90.72
        },
        "0.2": {
            "0": 89.84,
            "1": 88.8,
            "hypercube": 81.28
        },
        "0.3": {
            "0": 84.08,
            "1": 83.2,
            "hypercube": 71.04
        },
        "0.4": {
            "0": 80.47999999999999,
            "1": 75.52,
            "hypercube": 61.28
        },
        "0.5": {
            "0": 74.24,
            "1": 69.67999999999999,
            "hypercube": 51.04
        },
        "0.6": {
            "0": 66.8,
            "1": 61.36000000000001,
            "hypercube": 40.08
        },
        "0.7": {
            "0": 60.0,
            "1": 54.0,
            "hypercube": 31.2
        },
        "0.8": {
            "0": 49.919999999999995,
            "1": 41.839999999999996,
            "hypercube": 19.84
        },
        "0.9": {
            "0": 33.28,
            "1": 29.84,
            "hypercube": 10.48
        }
    },
    "5": {
        "0.1": {
            "0": 94.07526020816654,
            "1": 93.99519615692554,
            "hypercube": 90.55244195356285
        },
        "0.2": {
            "0": 88.07045636509207,
            "1": 89.43154523618895,
            "hypercube": 80.62449959967975
        },
        "0.3": {
            "0": 83.2666132906325,
            "1": 82.86629303442754,
            "hypercube": 70.45636509207365
        },
        "0.4": {
            "0": 77.74219375500401,
            "1": 78.06244995996798,
            "hypercube": 61.48919135308246
        },
        "0.5": {
            "0": 69.73578863090472,
            "1": 71.97758206565253,
            "hypercube": 49.71977582065652
        },
        "0.6": {
            "0": 62.85028022417934,
            "1": 63.3306645316253,
            "hypercube": 38.43074459567654
        },
        "0.7": {
            "0": 55.084067253803035,
            "1": 53.40272217774219,
            "hypercube": 27.782225780624497
        },
        "0.8": {
            "0": 44.99599679743795,
            "1": 41.87349879903923,
            "hypercube": 18.174539631705365
        },
        "0.9": {
            "0": 31.545236188951158,
            "1": 29.943955164131303,
            "hypercube": 8.566853482786229
        }
    },
    "6": {
        "0.1": {
            "0": 94.39551641313051,
            "1": 94.23538831064852,
            "hypercube": 90.79263410728583
        },
        "0.2": {
            "0": 89.43154523618895,
            "1": 89.83186549239392,
            "hypercube": 81.50520416333067
        },
        "0.3": {
            "0": 84.30744595676542,
            "1": 83.98718975180144,
            "hypercube": 71.17694155324259
        },
        "0.4": {
            "0": 79.26341072858285,
            "1": 78.06244995996798,
            "hypercube": 61.1689351481185
        },
        "0.5": {
            "0": 72.69815852682146,
            "1": 72.1377101681345,
            "hypercube": 50.52041633306645
        },
        "0.6": {
            "0": 67.41393114491594,
            "1": 66.61329063250601,
            "hypercube": 42.273819055244196
        },
        "0.7": {
            "0": 57.485988791032824,
            "1": 59.56765412329864,
            "hypercube": 31.785428342674138
        },
        "0.8": {
            "0": 48.19855884707766,
            "1": 47.157726180944756,
            "hypercube": 20.736589271417134
        },
        "0.9": {
            "0": 31.385108086469177,
            "1": 30.904723779023218,
            "hypercube": 9.367493995196156
        }
    },