{
    "0": {
        "0.1": {
            "0": 93.84,
            "1": 91.60000000000001,
            "hypercube": 88.56
        },
        "0.2": {
            "0": 90.96,
            "1": 84.88,
            "hypercube": 80.24
        },
        "0.3": {
            "0": 85.6,
            "1": 76.0,
            "hypercube": 67.92
        },
        "0.4": {
            "0": 82.64,
            "1": 70.8,
            "hypercube": 61.12
        },
        "0.5": {
            "0": 74.24,
            "1": 65.03999999999999,
            "hypercube": 50.88
        },
        "0.6": {
            "0": 65.60000000000001,
            "1": 61.68,
            "hypercube": 42.64
        },
        "0.7": {
            "0": 53.92,
            "1": 58.64,
            "hypercube": 33.52
        },
        "0.8": {
            "0": 46.32,
            "1": 47.599999999999994,
            "hypercube": 23.44
        },
        "0.9": {
            "0": 26.96,
            "1": 32.16,
            "hypercube": 8.799999999999999
        }
    },
    "1": {
        "0.1": {
            "0": 94.0,
            "1": 92.08,
            "hypercube": 89.28
        },
        "0.2": {
            "0": 89.84,
            "1": 87.83999999999999,
            "hypercube": 82.24000000000001
        },
        "0.3": {
            "0": 86.56,
            "1": 82.56,
            "hypercube": 74.4
        },
        "0.4": {
            "0": 79.75999999999999,
            "1": 78.56,
            "hypercube": 65.68
        },
        "0.5": {
            "0": 74.48,
            "1": 69.92,
            "hypercube": 54.0
        },
        "0.6": {
            "0": 69.12,
            "1": 60.08,
            "hypercube": 42.4
        },
        "0.7": {
            "0": 50.32,
            "1": 52.239999999999995,
            "hypercube": 29.04
        },
        "0.8": {
            "0": 39.6,
            "1": 41.120000000000005,
            "hypercube": 19.759999999999998
        },
        "0.9": {
            "0": 31.2,
            "1": 28.560000000000002,
            "hypercube": 11.360000000000001
        }
    },
    "2": {
        "0.1": {
            "0": 89.2,
            "1": 87.44,
            "hypercube": 81.6
        },
        "0.2": {
            "0": 86.8,
            "1": 81.2,
            "hypercube": 73.44000000000001
        },
        "0.3": {
            "0": 82.0,
            "1": 77.75999999999999,
            "hypercube": 67.04
        },
        "0.4": {
            "0": 78.08,
            "1": 72.72,
            "hypercube": 59.760000000000005
        },
        "0.5": {
            "0": 67.28,
            "1": 59.68,
            "hypercube": 42.72
        },
        "0.6": {
            "0": 53.36,
            "1": 53.839999999999996,
            "hypercube": 30.240000000000002
        },
        "0.7": {
            "0": 48.4,
            "1": 51.04,
            "hypercube": 27.04
        },
        "0.8": {
            "0": 41.44,
            "1": 45.839999999999996,
            "hypercube": 21.44
        },
        "0.9": {
            "0": 28.799999999999997,
            "1": 32.96,
            "hypercube": 10.8
        }
    },
    "3": {
        "0.1": {
            "0": 96.08,
            "1": 94.96,
            "hypercube": 92.88
        },
        "0.2": {
            "0": 92.72,
            "1": 90.56,
            "hypercube": 85.76
        },
        "0.3": {
            "0": 88.24,
            "1": 86.08,
            "hypercube": 77.84
        },
        "0.4": {
            "0": 83.52000000000001,
            "1": 79.44,
            "hypercube": 68.16
        },
        "0.5": {
            "0": 73.6,
            "1": 68.08,
            "hypercube": 51.92
        },
        "0.6": {
            "0": 69.52000000000001,
            "1": 64.88000000000001,
            "hypercube": 47.199999999999996
        },
        "0.7": {
            "0": 59.040000000000006,
            "1": 58.48,
            "hypercube": 36.32
        },
        "0.8": {
            "0": 46.48,
            "1": 48.96,
            "hypercube": 25.36
        },
        "0.9": {
            "0": 19.68,
            "1": 20.64,
            "hypercube": 4.72
        }
    },
    "4": {
        "0.1": {
            "0": 94.0,
            "1": 92.64,
            "hypercube": 90.48
        },
        "0.2": {
            "0": 90.56,
            "1": 88.08,
            "hypercube": 83.2
        },
        "0.3": {
            "0": 87.03999999999999,
            "1": 83.52000000000001,
            "hypercube": 75.52
        },
        "0.4": {
            "0": 82.96,
            "1": 76.8,
            "hypercube": 66.0
        },
        "0.5": {
            "0": 74.32,
            "1": 70.0,
            "hypercube": 53.92
        },
        "0.6": {
            "0": 61.760000000000005,
            "1": 62.160000000000004,
            "hypercube": 39.76
        },
        "0.7": {
            "0": 57.92,
            "1": 51.519999999999996,
            "hypercube": 31.2
        },
        "0.8": {
            "0": 50.32,
            "1": 45.839999999999996,
            "hypercube": 23.52
        },
        "0.9": {
            "0": 35.52,
            "1": 28.08,
            "hypercube": 10.72
        }
    },
    "5": {
        "0.1": {
            "0": 91.83346677341873,
            "1": 89.83186549239392,
            "hypercube": 86.06885508406725
        },
        "0.2": {
            "0": 87.02962369895917,
            "1": 84.4675740592474,
            "hypercube": 77.50200160128102
        },
        "0.3": {
            "0": 79.90392313851082,
            "1": 78.8630904723779,
            "hypercube": 66.13290632506005
        },
        "0.4": {
            "0": 75.42033626901521,
            "1": 74.5396317053643,
            "hypercube": 59.087269815852686
        },
        "0.5": {
            "0": 70.05604483586869,
            "1": 66.693354683747,
            "hypercube": 49.399519615692554
        },
        "0.6": {
            "0": 62.44995996797438,
            "1": 62.93034427542034,
            "hypercube": 42.43394715772618
        },
        "0.7": {
            "0": 56.925540432345876,
            "1": 56.84547638110489,
            "hypercube": 34.66773418734988
        },
        "0.8": {
            "0": 48.919135308246595,
            "1": 48.27862289831866,
            "hypercube": 25.46036829463571
        },
        "0.9": {
            "0": 34.10728582866293,
            "1": 34.02722177742194,
            "hypercube": 12.890312249799841
        }
    },
    "6": {
        "0.1": {
            "0": 91.91353082465973,
            "1": 93.1945556445156,
            "hypercube": 88.63090472377903
        },
        "0.2": {
            "0": 88.55084067253803,
            "1": 86.86949559647718,
            "hypercube": 79.82385908726981
        },
        "0.3": {
            "0": 76.22097678142514,
            "1": 79.9839871897518,
            "hypercube": 64.05124099279423
        },
        "0.4": {
            "0": 72.05764611689351,
            "1": 77.26180944755805,
            "hypercube": 58.366693354683754
        },
        "0.5": {
            "0": 63.65092073658927,
            "1": 65.41232986389112,
            "hypercube": 43.55484387510008
        },
        "0.6": {
            "0": 60.12810248198559,
            "1": 62.53002401921537,
            "hypercube": 39.47157726180945
        },
        "0.7": {
            "0": 52.361889511609284,
            "1": 54.203362690152126,
            "hypercube": 30.26421136909528
        },
        "0.8": {
            "0": 38.8310648518815,
            "1": 47.157726180944756,
            "hypercube": 21.857485988791034
        },
        "0.9": {
            "0": 28.182546036829464,
            "1": 34.267413931144915,
            "hypercube": 12.890312249799841
        }
    },
    "7": {
        "0.1": {
            "0": 93.99519615692554,
            "1": 93.2746196957566,