{
    "0": {
        "0.1": {
            "0": 96.08,
            "1": 93.2,
            "hypercube": 92.32000000000001
        },
        "0.2": {
            "0": 92.32000000000001,
            "1": 84.39999999999999,
            "hypercube": 80.64
        },
        "0.3": {
            "0": 87.44,
            "1": 77.52,
            "hypercube": 69.84
        },
        "0.4": {
            "0": 77.75999999999999,
            "1": 72.24000000000001,
            "hypercube": 56.8
        },
        "0.5": {
            "0": 72.16,
            "1": 66.8,
            "hypercube": 48.08
        },
        "0.6": {
            "0": 66.4,
            "1": 62.0,
            "hypercube": 41.36
        },
        "0.7": {
            "0": 60.08,
            "1": 53.839999999999996,
            "hypercube": 31.6
        },
        "0.8": {
            "0": 52.959999999999994,
            "1": 43.519999999999996,
            "hypercube": 21.279999999999998
        },
        "0.9": {
            "0": 34.160000000000004,
            "1": 33.040000000000006,
            "hypercube": 9.120000000000001
        }
    },
    "1": {
        "0.1": {
            "0": 95.28,
            "1": 93.76,
            "hypercube": 92.16
        },
        "0.2": {
            "0": 90.08,
            "1": 87.76,
            "hypercube": 81.84
        },
        "0.3": {
            "0": 82.88,
            "1": 81.36,
            "hypercube": 68.96
        },
        "0.4": {
            "0": 79.28,
            "1": 73.44000000000001,
            "hypercube": 59.919999999999995
        },
        "0.5": {
            "0": 68.16,
            "1": 65.92,
            "hypercube": 46.88
        },
        "0.6": {
            "0": 60.56,
            "1": 57.440000000000005,
            "hypercube": 37.68
        },
        "0.7": {
            "0": 51.519999999999996,
            "1": 44.72,
            "hypercube": 24.72
        },
        "0.8": {
            "0": 41.28,
            "1": 37.04,
            "hypercube": 16.0
        },
        "0.9": {
            "0": 23.599999999999998,
            "1": 23.200000000000003,
            "hypercube": 5.680000000000001
        }
    },
    "2": {
        "0.1": {
            "0": 91.12,
            "1": 85.68,
            "hypercube": 81.6
        },
        "0.2": {
            "0": 85.2,
            "1": 78.88,
            "hypercube": 69.44
        },
        "0.3": {
            "0": 80.96,
            "1": 73.44000000000001,
            "hypercube": 61.040000000000006
        },
        "0.4": {
            "0": 73.11999999999999,
            "1": 67.67999999999999,
            "hypercube": 49.68
        },
        "0.5": {
            "0": 66.16,
            "1": 62.480000000000004,
            "hypercube": 40.8
        },
        "0.6": {
            "0": 61.12,
            "1": 59.28,
            "hypercube": 35.28
        },
        "0.7": {
            "0": 54.32,
            "1": 51.68000000000001,
            "hypercube": 26.32
        },
        "0.8": {
            "0": 43.04,
            "1": 44.0,
            "hypercube": 17.599999999999998
        },
        "0.9": {
            "0": 26.479999999999997,
            "1": 31.52,
            "hypercube": 10.08
        }
    },
    "3": {
        "0.1": {
            "0": 96.16,
            "1": 90.8,
            "hypercube": 89.60000000000001
        },
        "0.2": {
            "0": 91.75999999999999,
            "1": 88.24,
            "hypercube": 83.04
        },
        "0.3": {
            "0": 86.16,
            "1": 83.67999999999999,
            "hypercube": 73.11999999999999
        },
        "0.4": {
            "0": 78.72,
            "1": 76.32,
            "hypercube": 60.08
        },
        "0.5": {
            "0": 72.16,
            "1": 71.04,
            "hypercube": 50.32
        },
        "0.6": {
            "0": 64.64,
            "1": 60.480000000000004,
            "hypercube": 38.0
        },
        "0.7": {
            "0": 52.559999999999995,
            "1": 53.28000000000001,
            "hypercube": 28.08
        },
        "0.8": {
            "0": 40.8,
            "1": 44.0,
            "hypercube": 17.919999999999998
        },
        "0.9": {
            "0": 25.040000000000003,
            "1": 29.520000000000003,
            "hypercube": 8.48
        }
    },
    "4": {
        "0.1": {
            "0": 93.67999999999999,
            "1": 93.84,
            "hypercube": 92.16
        },
        "0.2": {
            "0": 88.16000000000001,
            "1": 86.48,
            "hypercube": 79.84
        },
        "0.3": {
            "0": 84.64,
            "1": 80.88,
            "hypercube": 70.72
        },
        "0.4": {
            "0": 77.68,
            "1": 74.16,
            "hypercube": 58.24
        },
        "0.5": {
            "0": 71.44,
            "1": 68.96,
            "hypercube": 48.16
        },
        "0.6": {
            "0": 62.480000000000004,
            "1": 59.68,
            "hypercube": 35.52
        },
        "0.7": {
            "0": 53.68000000000001,
            "1": 51.35999999999999,
            "hypercube": 24.72
        },
        "0.8": {
            "0": 41.6,
            "1": 39.36,
            "hypercube": 13.68
        },
        "0.9": {
            "0": 27.279999999999998,
            "1": 21.84,
            "hypercube": 5.12
        }
    },
    "5": {
        "0.1": {
            "0": 94.71577261809448,
            "1": 91.67333867093676,
            "hypercube": 90.79263410728583
        },
        "0.2": {
            "0": 89.03122497998399,
            "1": 88.23058446757406,
            "hypercube": 82.30584467574059
        },
        "0.3": {
            "0": 83.3466773418735,
            "1": 83.2666132906325,
            "hypercube": 72.2177742193755
        },
        "0.4": {
            "0": 76.14091273018416,
            "1": 77.90232185748599,
            "hypercube": 61.1689351481185
        },
        "0.5": {
            "0": 71.97758206565253,
            "1": 69.81585268214572,
            "hypercube": 51.00080064051241
        },
        "0.6": {
            "0": 62.369895916733384,
            "1": 60.448358686949554,
            "hypercube": 36.82946357085669
        },
        "0.7": {
            "0": 54.4435548438751,
            "1": 53.64291433146518,
            "hypercube": 28.34267413931145
        },
        "0.8": {
            "0": 46.5972778222578,
            "1": 48.03843074459568,
            "hypercube": 21.857485988791034
        },
        "0.9": {
            "0": 35.14811849479584,
            "1": 36.58927141713371,
            "hypercube": 14.571657325860688
        }
    },
    "6": {
        "0.1": {
            "0": 95.99679743795036,
            "1": 94.95596477181746,
            "hypercube": 93.51481184947959
        },
        "0.2": {
            "0": 87.26981585268214,
            "1": 90.79263410728583,
            "hypercube": 82.46597277822258
        },
        "0.3": {
            "0": 77.58206565252202,
            "1": 82.94635708566854,
            "hypercube": 65.81265012009607
        },
        "0.4": {
            "0": 70.85668534827863,
            "1": 77.42193755004003,
            "hypercube": 54.04323458767014
        },
        "0.5": {
            "0": 63.250600480384314,
            "1": 68.53482786228983,
            "hypercube": 41.71337069655724
        },
        "0.6": {
            "0": 52.76220976781425,
            "1": 60.92874299439551,
            "hypercube": 30.184147317854283
        },
        "0.7": {
            "0": 45.556445156124894,
            "1": 53.08246597277822,
            "hypercube": 21.377101681345074
        },
        "0.8": {
            "0": 39.391513210568455,
            "1": 44.67574059247398,
            "hypercube": 16.653322658126502
        },
        "0.9": {
            "0": 28.662930344275424,
            "1": 33.066453162530024,