{
    "0": {
        "0.1": {
            "0": 95.12,
            "1": 93.12,
            "hypercube": 91.12
        },
        "0.2": {
            "0": 90.96,
            "1": 84.88,
            "hypercube": 80.24
        },
        "0.3": {
            "0": 85.68,
            "1": 76.55999999999999,
            "hypercube": 68.47999999999999
        },
        "0.4": {
            "0": 82.0,
            "1": 69.28,
            "hypercube": 59.28
        },
        "0.5": {
            "0": 74.24,
            "1": 65.03999999999999,
            "hypercube": 50.88
        },
        "0.6": {
            "0": 65.12,
            "1": 61.44,
            "hypercube": 42.16
        },
        "0.7": {
            "0": 52.559999999999995,
            "1": 56.96,
            "hypercube": 31.759999999999998
        },
        "0.8": {
            "0": 44.48,
            "1": 46.56,
            "hypercube": 22.08
        },
        "0.9": {
            "0": 25.44,
            "1": 32.16,
            "hypercube": 8.48
        }
    },
    "1": {
        "0.1": {
            "0": 96.08,
            "1": 93.12,
            "hypercube": 91.67999999999999
        },
        "0.2": {
            "0": 91.03999999999999,
            "1": 88.56,
            "hypercube": 83.76
        },
        "0.3": {
            "0": 86.8,
            "1": 83.44,
            "hypercube": 75.36
        },
        "0.4": {
            "0": 79.75999999999999,
            "1": 78.56,
            "hypercube": 65.68
        },
        "0.5": {
            "0": 74.08,
            "1": 69.92,
            "hypercube": 53.839999999999996
        },
        "0.6": {
            "0": 65.52,
            "1": 58.879999999999995,
            "hypercube": 40.0
        },
        "0.7": {
            "0": 47.839999999999996,
            "1": 51.04,
            "hypercube": 27.279999999999998
        },
        "0.8": {
            "0": 39.6,
            "1": 40.8,
            "hypercube": 19.68
        },
        "0.9": {
            "0": 29.439999999999998,
            "1": 25.6,
            "hypercube": 9.76
        }
    },
    "2": {
        "0.1": {
            "0": 92.32000000000001,
            "1": 91.92,
            "hypercube": 88.48
        },
        "0.2": {
            "0": 88.48,
            "1": 82.16,
            "hypercube": 75.76
        },
        "0.3": {
            "0": 82.0,
            "1": 77.75999999999999,
            "hypercube": 67.04
        },
        "0.4": {
            "0": 76.64,
            "1": 71.92,
            "hypercube": 58.4
        },
        "0.5": {
            "0": 66.64,
            "1": 59.68,
            "hypercube": 42.24
        },
        "0.6": {
            "0": 52.400000000000006,
            "1": 53.36,
            "hypercube": 29.28
        },
        "0.7": {
            "0": 45.76,
            "1": 50.4,
            "hypercube": 25.679999999999996
        },
        "0.8": {
            "0": 37.36,
            "1": 42.08,
            "hypercube": 18.64
        },
        "0.9": {
            "0": 28.64,
            "1": 32.0,
            "hypercube": 10.24
        }
    },
    "3": {
        "0.1": {
            "0": 96.08,
            "1": 94.96,
            "hypercube": 92.88
        },
        "0.2": {
            "0": 92.80000000000001,
            "1": 90.56,
            "hypercube": 85.84
        },
        "0.3": {
            "0": 88.24,
            "1": 86.08,
            "hypercube": 77.84
        },
        "0.4": {
            "0": 83.52000000000001,
            "1": 79.44,
            "hypercube": 68.16
        },
        "0.5": {
            "0": 73.92,
            "1": 68.08,
            "hypercube": 52.0
        },
        "0.6": {
            "0": 65.75999999999999,
            "1": 63.36000000000001,
            "hypercube": 43.519999999999996
        },
        "0.7": {
            "0": 56.16,
            "1": 54.48,
            "hypercube": 32.32
        },
        "0.8": {
            "0": 36.559999999999995,
            "1": 46.96,
            "hypercube": 20.080000000000002
        },
        "0.9": {
            "0": 25.2,
            "1": 23.119999999999997,
            "hypercube": 6.5600000000000005
        }
    },
    "4": {
        "0.1": {
            "0": 94.16,
            "1": 92.72,
            "hypercube": 90.56
        },
        "0.2": {
            "0": 90.88000000000001,
            "1": 88.32,
            "hypercube": 83.67999999999999
        },
        "0.3": {
            "0": 87.2,
            "1": 84.72,
            "hypercube": 76.88000000000001
        },
        "0.4": {
            "0": 85.2,
            "1": 79.60000000000001,
            "hypercube": 70.48
        },
        "0.5": {
            "0": 75.12,
            "1": 71.52,
            "hypercube": 56.16
        },
        "0.6": {
            "0": 61.28,
            "1": 61.36000000000001,
            "hypercube": 38.879999999999995
        },
        "0.7": {
            "0": 57.599999999999994,
            "1": 48.4,
            "hypercube": 29.28
        },
        "0.8": {
            "0": 47.36,
            "1": 36.4,
            "hypercube": 16.96
        },
        "0.9": {
            "0": 30.080000000000002,
            "1": 24.48,
            "hypercube": 8.0
        }
    },
    "5": {
        "0.1": {
            "0": 91.99359487590073,
            "1": 91.75340272217774,
            "hypercube": 87.9103282626101
        },
        "0.2": {
            "0": 87.26981585268214,
            "1": 86.30904723779024,
            "hypercube": 79.34347477982386
        },
        "0.3": {
            "0": 81.34507606084867,
            "1": 78.8630904723779,
            "hypercube": 67.17373899119295
        },
        "0.4": {
            "0": 75.42033626901521,
            "1": 74.5396317053643,
            "hypercube": 59.087269815852686
        },
        "0.5": {
            "0": 70.05604483586869,
            "1": 66.693354683747,
            "hypercube": 49.399519615692554
        },
        "0.6": {
            "0": 62.20976781425141,
            "1": 61.72938350680545,
            "hypercube": 41.23298638911129
        },
        "0.7": {
            "0": 55.24419535628503,
            "1": 54.4435548438751,
            "hypercube": 32.02562049639712
        },
        "0.8": {
            "0": 44.19535628502802,
            "1": 46.91753402722178,
            "hypercube": 22.257806244995997
        },
        "0.9": {
            "0": 33.066453162530024,
            "1": 30.98478783026421,
            "hypercube": 11.289031224979984
        }
    },
    "6": {
        "0.1": {
            "0": 95.99679743795036,
            "1": 93.59487590072058,
            "hypercube": 92.07365892714171
        },
        "0.2": {
            "0": 88.951160928743,
            "1": 86.86949559647718,
            "hypercube": 80.14411529223379
        },
        "0.3": {
            "0": 76.46116893514812,
            "1": 82.2257806244996,
            "hypercube": 65.97277822257807
        },
        "0.4": {
            "0": 70.85668534827863,
            "1": 76.78142514011209,
            "hypercube": 56.925540432345876
        },
        "0.5": {
            "0": 63.65092073658927,
            "1": 65.01200960768615,
            "hypercube": 43.23458767013611
        },
        "0.6": {
            "0": 56.12489991993594,
            "1": 56.204963971176944,
            "hypercube": 33.86709367493995
        },
        "0.7": {
            "0": 46.99759807846277,
            "1": 50.52041633306645,
            "hypercube": 26.10088070456365
        },
        "0.8": {
            "0": 36.58927141713371,
            "1": 45.796637309847874,
            "hypercube": 20.89671737389912
        },
        "0.9": {
            "0": 26.261008807045638,
            "1": 33.46677341873499,
            "hypercube": 11.689351481184948
        }
    },
    "7": {
        "0.1": {
            "0": 94.79583666933547,