{
    "0": {
        "0.05131670194948623": {
            "0": 97.52,
            "1": 98.0,
            "hypercube": 96.32
        },
        "0.10557280900008414": {
            "0": 92.47999999999999,
            "1": 85.52,
            "hypercube": 81.67999999999999
        },
        "0.16333997346592444": {
            "0": 87.44,
            "1": 79.44,
            "hypercube": 72.08
        },
        "0.2254033307585166": {
            "0": 83.84,
            "1": 75.2,
            "hypercube": 66.08000000000001
        },
        "0.2928932188134524": {
            "0": 78.32000000000001,
            "1": 68.0,
            "hypercube": 55.67999999999999
        },
        "0.3675444679663241": {
            "0": 67.84,
            "1": 63.519999999999996,
            "hypercube": 45.36
        },
        "0.4522774424948338": {
            "0": 59.36,
            "1": 59.28,
            "hypercube": 36.96
        },
        "0.5527864045000421": {
            "0": 49.120000000000005,
            "1": 49.84,
            "hypercube": 25.919999999999998
        },
        "0.6837722339831621": {
            "0": 30.880000000000003,
            "1": 38.48,
            "hypercube": 13.68
        }
    },
    "1": {
        "0.05131670194948623": {
            "0": 96.48,
            "1": 96.64,
            "hypercube": 94.88
        },
        "0.10557280900008414": {
            "0": 92.47999999999999,
            "1": 89.92,
            "hypercube": 86.08
        },
        "0.16333997346592444": {
            "0": 88.64,
            "1": 86.56,
            "hypercube": 79.84
        },
        "0.2254033307585166": {
            "0": 84.72,
            "1": 81.76,
            "hypercube": 72.39999999999999
        },
        "0.2928932188134524": {
            "0": 76.08,
            "1": 76.08,
            "hypercube": 60.0
        },
        "0.3675444679663241": {
            "0": 71.76,
            "1": 66.08000000000001,
            "hypercube": 49.2
        },
        "0.4522774424948338": {
            "0": 56.24,
            "1": 55.92,
            "hypercube": 33.92
        },
        "0.5527864045000421": {
            "0": 43.519999999999996,
            "1": 46.64,
            "hypercube": 23.200000000000003
        },
        "0.6837722339831621": {
            "0": 33.52,
            "1": 31.6,
            "hypercube": 13.919999999999998
        }
    },
    "2": {
        "0.05131670194948623": {
            "0": 95.92,
            "1": 93.67999999999999,
            "hypercube": 92.56
        },
        "0.10557280900008414": {
            "0": 88.48,
            "1": 84.0,
            "hypercube": 77.60000000000001
        },
        "0.16333997346592444": {
            "0": 84.8,
            "1": 79.44,
            "hypercube": 70.72
        },
        "0.2254033307585166": {
            "0": 79.67999999999999,
            "1": 74.0,
            "hypercube": 62.08
        },
        "0.2928932188134524": {
            "0": 70.39999999999999,
            "1": 66.47999999999999,
            "hypercube": 49.519999999999996
        },
        "0.3675444679663241": {
            "0": 56.56,
            "1": 54.400000000000006,
            "hypercube": 32.48
        },
        "0.4522774424948338": {
            "0": 49.6,
            "1": 51.92,
            "hypercube": 27.76
        },
        "0.5527864045000421": {
            "0": 40.239999999999995,
            "1": 45.04,
            "hypercube": 20.48
        },
        "0.6837722339831621": {
            "0": 30.240000000000002,
            "1": 33.92,
            "hypercube": 11.68
        }
    },
    "3": {
        "0.05131670194948623": {
            "0": 97.11999999999999,
            "1": 96.08,
            "hypercube": 94.8
        },
        "0.10557280900008414": {
            "0": 94.08,
            "1": 91.12,
            "hypercube": 87.36
        },
        "0.16333997346592444": {
            "0": 90.64,
            "1": 87.68,
            "hypercube": 81.36
        },
        "0.2254033307585166": {
            "0": 84.64,
            "1": 80.47999999999999,
            "hypercube": 70.0
        },
        "0.2928932188134524": {
            "0": 77.12,
            "1": 70.08,
            "hypercube": 55.76
        },
        "0.3675444679663241": {
            "0": 69.84,
            "1": 65.12,
            "hypercube": 47.52
        },
        "0.4522774424948338": {
            "0": 58.96,
            "1": 56.08,
            "hypercube": 34.96
        },
        "0.5527864045000421": {
            "0": 45.28,
            "1": 47.199999999999996,
            "hypercube": 23.84
        },
        "0.6837722339831621": {
            "0": 28.48,
            "1": 28.48,
            "hypercube": 9.120000000000001
        }
    },
    "4": {
        "0.05131670194948623": {
            "0": 95.52000000000001,
            "1": 97.76,
            "hypercube": 95.28
        },
        "0.10557280900008414": {
            "0": 92.32000000000001,
            "1": 91.84,
            "hypercube": 88.32
        },
        "0.16333997346592444": {
            "0": 89.44,
            "1": 87.03999999999999,
            "hypercube": 81.2
        },
        "0.2254033307585166": {
            "0": 86.56,
            "1": 81.92,
            "hypercube": 73.6
        },
        "0.2928932188134524": {
            "0": 81.52000000000001,
            "1": 75.92,
            "hypercube": 64.16
        },
        "0.3675444679663241": {
            "0": 68.24,
            "1": 65.12,
            "hypercube": 46.239999999999995
        },
        "0.4522774424948338": {
            "0": 59.599999999999994,
            "1": 55.2,
            "hypercube": 34.4
        },
        "0.5527864045000421": {
            "0": 50.080000000000005,
            "1": 44.64,
            "hypercube": 23.04
        },
        "0.6837722339831621": {
            "0": 36.08,
            "1": 30.240000000000002,
            "hypercube": 11.600000000000001
        }
    },
    "5": {
        "0.05131670194948623": {
            "0": 95.43634907926342,
            "1": 96.07686148919136,
            "hypercube": 94.07526020816654
        },
        "0.10557280900008414": {
            "0": 87.34987990392314,
            "1": 87.26981585268214,
            "hypercube": 80.38430744595676
        },
        "0.16333997346592444": {
            "0": 83.10648518815053,
            "1": 82.14571657325861,
            "hypercube": 71.57726180944756
        },
        "0.2254033307585166": {
            "0": 77.74219375500401,
            "1": 77.18174539631705,
            "hypercube": 62.93034427542034
        },
        "0.2928932188134524": {
            "0": 72.1377101681345,
            "1": 68.29463570856686,
            "hypercube": 52.041633306645316
        },
        "0.3675444679663241": {
            "0": 68.77502001601282,
            "1": 63.49079263410729,
            "hypercube": 46.27702161729383
        },
        "0.4522774424948338": {
            "0": 57.245796637309844,
            "1": 57.405924739791836,
            "hypercube": 35.22818254603683
        },
        "0.5527864045000421": {
            "0": 47.87830264211369,
            "1": 47.71817453963171,
            "hypercube": 24.419535628502803
        },
        "0.6837722339831621": {
            "0": 35.14811849479584,
            "1": 34.58767013610889,
            "hypercube": 13.530824659727783
        }
    },
    "6": {
        "0.05131670194948623": {
            "0": 96.87750200160127,
            "1": 94.95596477181746,
            "hypercube": 93.91513210568455
        },
        "0.10557280900008414": {
            "0": 90.23218574859888,
            "1": 89.51160928742993,
            "hypercube": 83.90712570056044
        },
        "0.16333997346592444": {
            "0": 82.94635708566854,
            "1": 85.58847077662129,
            "hypercube": 73.97918334667735
        },