{
    "0": {
        "0.05131670194948623": {
            "0": 97.11999999999999,
            "1": 96.64,
            "hypercube": 95.36
        },
        "0.10557280900008414": {
            "0": 92.80000000000001,
            "1": 87.76,
            "hypercube": 84.39999999999999
        },
        "0.16333997346592444": {
            "0": 88.56,
            "1": 79.67999999999999,
            "hypercube": 72.8
        },
        "0.2254033307585166": {
            "0": 81.52000000000001,
            "1": 74.0,
            "hypercube": 61.28
        },
        "0.2928932188134524": {
            "0": 72.64,
            "1": 67.44,
            "hypercube": 48.8
        },
        "0.3675444679663241": {
            "0": 68.88,
            "1": 64.56,
            "hypercube": 44.48
        },
        "0.4522774424948338": {
            "0": 60.64000000000001,
            "1": 57.199999999999996,
            "hypercube": 34.48
        },
        "0.5527864045000421": {
            "0": 54.0,
            "1": 45.04,
            "hypercube": 22.64
        },
        "0.6837722339831621": {
            "0": 39.04,
            "1": 36.88,
            "hypercube": 12.0
        }
    },
    "1": {
        "0.05131670194948623": {
            "0": 96.56,
            "1": 96.0,
            "hypercube": 94.96
        },
        "0.10557280900008414": {
            "0": 92.0,
            "1": 89.75999999999999,
            "hypercube": 85.44
        },
        "0.16333997346592444": {
            "0": 87.76,
            "1": 83.67999999999999,
            "hypercube": 75.76
        },
        "0.2254033307585166": {
            "0": 80.64,
            "1": 76.16000000000001,
            "hypercube": 63.36000000000001
        },
        "0.2928932188134524": {
            "0": 74.8,
            "1": 70.96000000000001,
            "hypercube": 54.64
        },
        "0.3675444679663241": {
            "0": 65.44,
            "1": 63.04,
            "hypercube": 43.76
        },
        "0.4522774424948338": {
            "0": 57.04,
            "1": 56.24,
            "hypercube": 35.36
        },
        "0.5527864045000421": {
            "0": 44.0,
            "1": 40.239999999999995,
            "hypercube": 18.4
        },
        "0.6837722339831621": {
            "0": 33.52,
            "1": 32.56,
            "hypercube": 11.68
        }
    },
    "2": {
        "0.05131670194948623": {
            "0": 92.56,
            "1": 89.44,
            "hypercube": 86.48
        },
        "0.10557280900008414": {
            "0": 85.84,
            "1": 81.28,
            "hypercube": 72.39999999999999
        },
        "0.16333997346592444": {
            "0": 81.6,
            "1": 74.48,
            "hypercube": 62.239999999999995
        },
        "0.2254033307585166": {
            "0": 73.52,
            "1": 68.64,
            "hypercube": 50.4
        },
        "0.2928932188134524": {
            "0": 66.88,
            "1": 64.8,
            "hypercube": 42.96
        },
        "0.3675444679663241": {
            "0": 61.519999999999996,
            "1": 59.919999999999995,
            "hypercube": 35.92
        },
        "0.4522774424948338": {
            "0": 55.120000000000005,
            "1": 53.68000000000001,
            "hypercube": 27.92
        },
        "0.5527864045000421": {
            "0": 43.519999999999996,
            "1": 45.2,
            "hypercube": 18.32
        },
        "0.6837722339831621": {
            "0": 28.08,
            "1": 31.840000000000003,
            "hypercube": 10.32
        }
    },
    "3": {
        "0.05131670194948623": {
            "0": 97.2,
            "1": 94.72,
            "hypercube": 94.08
        },
        "0.10557280900008414": {
            "0": 92.72,
            "1": 88.24,
            "hypercube": 83.91999999999999
        },
        "0.16333997346592444": {
            "0": 89.60000000000001,
            "1": 85.04,
            "hypercube": 77.84
        },
        "0.2254033307585166": {
            "0": 80.88,
            "1": 80.88,
            "hypercube": 65.75999999999999
        },
        "0.2928932188134524": {
            "0": 76.24,
            "1": 72.88,
            "hypercube": 54.879999999999995
        },
        "0.3675444679663241": {
            "0": 67.04,
            "1": 63.75999999999999,
            "hypercube": 41.68
        },
        "0.4522774424948338": {
            "0": 61.36000000000001,
            "1": 56.48,
            "hypercube": 33.36
        },
        "0.5527864045000421": {
            "0": 45.839999999999996,
            "1": 48.08,
            "hypercube": 22.48
        },
        "0.6837722339831621": {
            "0": 31.119999999999997,
            "1": 33.6,
            "hypercube": 11.04
        }
    },
    "4": {
        "0.05131670194948623": {
            "0": 94.72,
            "1": 93.92,
            "hypercube": 92.88
        },
        "0.10557280900008414": {
            "0": 89.84,
            "1": 88.64,
            "hypercube": 83.6
        },
        "0.16333997346592444": {
            "0": 86.0,
            "1": 84.16,
            "hypercube": 75.36
        },
        "0.2254033307585166": {
            "0": 78.56,
            "1": 79.2,
            "hypercube": 63.28
        },
        "0.2928932188134524": {
            "0": 72.24000000000001,
            "1": 69.76,
            "hypercube": 49.519999999999996
        },
        "0.3675444679663241": {
            "0": 63.36000000000001,
            "1": 65.60000000000001,
            "hypercube": 40.239999999999995
        },
        "0.4522774424948338": {
            "0": 58.160000000000004,
            "1": 51.6,
            "hypercube": 27.68
        },
        "0.5527864045000421": {
            "0": 44.0,
            "1": 44.080000000000005,
            "hypercube": 16.72
        },
        "0.6837722339831621": {
            "0": 30.320000000000004,
            "1": 27.76,
            "hypercube": 7.04
        }
    },
    "5": {
        "0.05131670194948623": {
            "0": 96.15692554043235,
            "1": 94.79583666933547,
            "hypercube": 94.39551641313051
        },
        "0.10557280900008414": {
            "0": 89.19135308246598,
            "1": 88.39071257005604,
            "hypercube": 82.62610088070457
        },
        "0.16333997346592444": {
            "0": 84.4675740592474,
            "1": 83.82706164931946,
            "hypercube": 73.73899119295436
        },
        "0.2254033307585166": {
            "0": 79.10328262610088,
            "1": 78.30264211369095,
            "hypercube": 63.81104883907126
        },
        "0.2928932188134524": {
            "0": 72.93835068054445,
            "1": 72.77822257806244,
            "hypercube": 53.803042433947155
        },
        "0.3675444679663241": {
            "0": 67.97437950360288,
            "1": 67.17373899119295,
            "hypercube": 45.716573258606886
        },
        "0.4522774424948338": {
            "0": 58.686949559647715,
            "1": 56.84547638110489,
            "hypercube": 32.66613290632506
        },
        "0.5527864045000421": {
            "0": 48.03843074459568,
            "1": 48.919135308246595,
            "hypercube": 23.218574859887912
        },
        "0.6837722339831621": {
            "0": 38.27061649319455,
            "1": 39.151321056845475,
            "hypercube": 16.813450760608486
        }
    },
    "6": {
        "0.05131670194948623": {
            "0": 97.51801441152922,
            "1": 95.27622097678142,
            "hypercube": 94.87590072057645
        },
        "0.10557280900008414": {
            "0": 88.15052041633307,
            "1": 91.51321056845477,
            "hypercube": 84.06725380304243
        },
        "0.16333997346592444": {
            "0": 79.50360288230584,
            "1": 86.6293034427542,
            "hypercube": 71.0968775020016
        },