{
    "0": {
        "0.1": {
            "0": 94.64,
            "1": 91.84,
            "hypercube": 89.92
        },
        "0.2": {
            "0": 91.2,
            "1": 82.48,
            "hypercube": 77.84
        },
        "0.3": {
            "0": 87.2,
            "1": 77.44,
            "hypercube": 69.6
        },
        "0.4": {
            "0": 81.04,
            "1": 72.24000000000001,
            "hypercube": 59.599999999999994
        },
        "0.5": {
            "0": 72.64,
            "1": 67.44,
            "hypercube": 48.8
        },
        "0.6": {
            "0": 68.8,
            "1": 63.2,
            "hypercube": 43.6
        },
        "0.7": {
            "0": 60.24,
            "1": 56.39999999999999,
            "hypercube": 33.36
        },
        "0.8": {
            "0": 53.76,
            "1": 44.080000000000005,
            "hypercube": 22.08
        },
        "0.9": {
            "0": 42.24,
            "1": 40.400000000000006,
            "hypercube": 14.64
        }
    },
    "1": {
        "0.1": {
            "0": 94.56,
            "1": 91.2,
            "hypercube": 89.12
        },
        "0.2": {
            "0": 90.08,
            "1": 87.76,
            "hypercube": 81.84
        },
        "0.3": {
            "0": 83.52000000000001,
            "1": 81.36,
            "hypercube": 69.6
        },
        "0.4": {
            "0": 79.12,
            "1": 73.11999999999999,
            "hypercube": 59.519999999999996
        },
        "0.5": {
            "0": 65.44,
            "1": 64.8,
            "hypercube": 44.4
        },
        "0.6": {
            "0": 59.040000000000006,
            "1": 57.36,
            "hypercube": 36.720000000000006
        },
        "0.7": {
            "0": 52.88,
            "1": 46.48,
            "hypercube": 26.240000000000002
        },
        "0.8": {
            "0": 42.0,
            "1": 37.92,
            "hypercube": 16.400000000000002
        },
        "0.9": {
            "0": 28.4,
            "1": 30.8,
            "hypercube": 8.64
        }
    },
    "2": {
        "0.1": {
            "0": 88.4,
            "1": 85.68,
            "hypercube": 79.12
        },
        "0.2": {
            "0": 85.2,
            "1": 78.88,
            "hypercube": 69.44
        },
        "0.3": {
            "0": 80.96,
            "1": 73.44000000000001,
            "hypercube": 61.040000000000006
        },
        "0.4": {
            "0": 73.2,
            "1": 68.56,
            "hypercube": 50.080000000000005
        },
        "0.5": {
            "0": 66.88,
            "1": 64.8,
            "hypercube": 42.96
        },
        "0.6": {
            "0": 61.68,
            "1": 60.56,
            "hypercube": 36.559999999999995
        },
        "0.7": {
            "0": 57.28,
            "1": 55.67999999999999,
            "hypercube": 30.080000000000002
        },
        "0.8": {
            "0": 47.44,
            "1": 47.28,
            "hypercube": 20.48
        },
        "0.9": {
            "0": 19.68,
            "1": 27.439999999999998,
            "hypercube": 7.4399999999999995
        }
    },
    "3": {
        "0.1": {
            "0": 95.92,
            "1": 90.8,
            "hypercube": 89.36
        },
        "0.2": {
            "0": 91.75999999999999,
            "1": 88.24,
            "hypercube": 83.04
        },
        "0.3": {
            "0": 86.72,
            "1": 84.16,
            "hypercube": 74.08
        },
        "0.4": {
            "0": 78.96,
            "1": 79.75999999999999,
            "hypercube": 62.88
        },
        "0.5": {
            "0": 73.2,
            "1": 72.16,
            "hypercube": 51.92
        },
        "0.6": {
            "0": 65.12,
            "1": 62.08,
            "hypercube": 38.96
        },
        "0.7": {
            "0": 59.199999999999996,
            "1": 55.76,
            "hypercube": 31.759999999999998
        },
        "0.8": {
            "0": 40.8,
            "1": 44.0,
            "hypercube": 17.919999999999998
        },
        "0.9": {
            "0": 24.240000000000002,
            "1": 28.96,
            "hypercube": 7.84
        }
    },
    "4": {
        "0.1": {
            "0": 92.4,
            "1": 92.56,
            "hypercube": 89.75999999999999
        },
        "0.2": {
            "0": 86.88,
            "1": 86.4,
            "hypercube": 78.48
        },
        "0.3": {
            "0": 84.64,
            "1": 80.88,
            "hypercube": 70.72
        },
        "0.4": {
            "0": 78.08,
            "1": 74.72,
            "hypercube": 59.12
        },
        "0.5": {
            "0": 72.24000000000001,
            "1": 69.76,
            "hypercube": 49.519999999999996
        },
        "0.6": {
            "0": 63.36000000000001,
            "1": 65.60000000000001,
            "hypercube": 40.239999999999995
        },
        "0.7": {
            "0": 56.39999999999999,
            "1": 51.35999999999999,
            "hypercube": 26.640000000000004
        },
        "0.8": {
            "0": 44.0,
            "1": 44.080000000000005,
            "hypercube": 16.72
        },
        "0.9": {
            "0": 30.080000000000002,
            "1": 26.08,
            "hypercube": 6.4799999999999995
        }
    },
    "5": {
        "0.1": {
            "0": 92.39391513210569,
            "1": 90.79263410728583,
            "hypercube": 88.07045636509207
        },
        "0.2": {
            "0": 88.951160928743,
            "1": 84.86789431545236,
            "hypercube": 78.9431545236189
        },
        "0.3": {
            "0": 81.98558847077662,
            "1": 82.94635708566854,
            "hypercube": 70.61649319455564
        },
        "0.4": {
            "0": 76.46116893514812,
            "1": 77.90232185748599,
            "hypercube": 61.40912730184147
        },
        "0.5": {
            "0": 72.93835068054445,
            "1": 72.2177742193755,
            "hypercube": 53.64291433146518
        },
        "0.6": {
            "0": 67.97437950360288,
            "1": 67.17373899119295,
            "hypercube": 45.716573258606886
        },
        "0.7": {
            "0": 58.686949559647715,
            "1": 56.84547638110489,
            "hypercube": 32.66613290632506
        },
        "0.8": {
            "0": 49.79983987189752,
            "1": 51.64131305044035,
            "hypercube": 25.70056044835869
        },
        "0.9": {
            "0": 36.028823058446754,
            "1": 38.03042433947157,
            "hypercube": 15.372297838270615
        }
    },
    "6": {
        "0.1": {
            "0": 90.79263410728583,
            "1": 93.59487590072058,
            "hypercube": 88.39071257005604
        },
        "0.2": {
            "0": 83.58686949559647,
            "1": 89.67173738991193,
            "hypercube": 77.822257806245
        },
        "0.3": {
            "0": 77.02161729383506,
            "1": 82.94635708566854,
            "hypercube": 65.25220176140913
        },
        "0.4": {
            "0": 71.57726180944756,
            "1": 78.54283426741392,
            "hypercube": 55.64451561248999
        },
        "0.5": {
            "0": 64.29143314651722,
            "1": 71.2570056044836,
            "hypercube": 44.275420336269015
        },
        "0.6": {
            "0": 59.00720576461169,
            "1": 65.25220176140913,
            "hypercube": 36.269015212169734
        },
        "0.7": {
            "0": 50.680544435548434,
            "1": 58.60688550840673,
            "hypercube": 27.381905524419537
        },
        "0.8": {
            "0": 44.67574059247398,
            "1": 50.52041633306645,
            "hypercube": 19.695756605284227
        },
        "0.9": {
            "0": 29.78382706164932,
            "1": 34.82786228983187,
            "hypercube": 10.408326661329063
        }
    },