{
    "0": {
        "0.05131670194948623": {
            "0": 96.24000000000001,
            "1": 95.84,
            "hypercube": 94.39999999999999
        },
        "0.10557280900008414": {
            "0": 89.60000000000001,
            "1": 89.60000000000001,
            "hypercube": 83.44
        },
        "0.16333997346592444": {
            "0": 82.39999999999999,
            "1": 83.28,
            "hypercube": 72.08
        },
        "0.2254033307585166": {
            "0": 75.6,
            "1": 75.28,
            "hypercube": 60.0
        },
        "0.2928932188134524": {
            "0": 70.39999999999999,
            "1": 69.52000000000001,
            "hypercube": 51.44
        },
        "0.3675444679663241": {
            "0": 65.28,
            "1": 61.6,
            "hypercube": 41.839999999999996
        },
        "0.4522774424948338": {
            "0": 55.52,
            "1": 53.92,
            "hypercube": 31.36
        },
        "0.5527864045000421": {
            "0": 44.64,
            "1": 45.04,
            "hypercube": 21.759999999999998
        },
        "0.6837722339831621": {
            "0": 30.320000000000004,
            "1": 32.56,
            "hypercube": 11.84
        }
    },
    "1": {
        "0.05131670194948623": {
            "0": 94.64,
            "1": 93.67999999999999,
            "hypercube": 91.28
        },
        "0.10557280900008414": {
            "0": 89.28,
            "1": 87.44,
            "hypercube": 81.04
        },
        "0.16333997346592444": {
            "0": 84.56,
            "1": 81.52000000000001,
            "hypercube": 71.92
        },
        "0.2254033307585166": {
            "0": 77.84,
            "1": 74.64,
            "hypercube": 60.480000000000004
        },
        "0.2928932188134524": {
            "0": 71.36,
            "1": 68.64,
            "hypercube": 51.28
        },
        "0.3675444679663241": {
            "0": 65.60000000000001,
            "1": 61.519999999999996,
            "hypercube": 42.16
        },
        "0.4522774424948338": {
            "0": 55.52,
            "1": 53.12,
            "hypercube": 31.44
        },
        "0.5527864045000421": {
            "0": 45.68,
            "1": 43.6,
            "hypercube": 22.48
        },
        "0.6837722339831621": {
            "0": 34.0,
            "1": 29.520000000000003,
            "hypercube": 12.32
        }
    },
    "2": {
        "0.05131670194948623": {
            "0": 93.2,
            "1": 92.88,
            "hypercube": 90.0
        },
        "0.10557280900008414": {
            "0": 87.6,
            "1": 87.6,
            "hypercube": 80.56
        },
        "0.16333997346592444": {
            "0": 82.64,
            "1": 81.36,
            "hypercube": 71.28
        },
        "0.2254033307585166": {
            "0": 77.52,
            "1": 75.6,
            "hypercube": 63.12
        },
        "0.2928932188134524": {
            "0": 70.24000000000001,
            "1": 66.0,
            "hypercube": 50.160000000000004
        },
        "0.3675444679663241": {
            "0": 61.44,
            "1": 60.24,
            "hypercube": 39.36
        },
        "0.4522774424948338": {
            "0": 51.76,
            "1": 52.480000000000004,
            "hypercube": 28.96
        },
        "0.5527864045000421": {
            "0": 43.2,
            "1": 43.76,
            "hypercube": 20.880000000000003
        },
        "0.6837722339831621": {
            "0": 32.64,
            "1": 28.64,
            "hypercube": 10.639999999999999
        }
    },
    "3": {
        "0.05131670194948623": {
            "0": 95.76,
            "1": 94.64,
            "hypercube": 92.4
        },
        "0.10557280900008414": {
            "0": 89.75999999999999,
            "1": 90.24,
            "hypercube": 83.44
        },
        "0.16333997346592444": {
            "0": 84.0,
            "1": 84.48,
            "hypercube": 73.2
        },
        "0.2254033307585166": {
            "0": 78.64,
            "1": 78.16,
            "hypercube": 63.04
        },
        "0.2928932188134524": {
            "0": 70.8,
            "1": 69.36,
            "hypercube": 50.4
        },
        "0.3675444679663241": {
            "0": 63.36000000000001,
            "1": 63.28,
            "hypercube": 41.44
        },
        "0.4522774424948338": {
            "0": 53.28000000000001,
            "1": 52.88,
            "hypercube": 29.360000000000003
        },
        "0.5527864045000421": {
            "0": 42.8,
            "1": 44.800000000000004,
            "hypercube": 21.12
        },
        "0.6837722339831621": {
            "0": 29.2,
            "1": 32.800000000000004,
            "hypercube": 10.879999999999999
        }
    },
    "4": {
        "0.05131670194948623": {
            "0": 94.8,
            "1": 94.24,
            "hypercube": 92.4
        },
        "0.10557280900008414": {
            "0": 90.32,
            "1": 89.68,
            "hypercube": 84.72
        },
        "0.16333997346592444": {
            "0": 84.8,
            "1": 83.2,
            "hypercube": 73.11999999999999
        },
        "0.2254033307585166": {
            "0": 79.36,
            "1": 78.4,
            "hypercube": 65.2
        },
        "0.2928932188134524": {
            "0": 72.24000000000001,
            "1": 69.92,
            "hypercube": 52.64
        },
        "0.3675444679663241": {
            "0": 64.08,
            "1": 62.8,
            "hypercube": 41.68
        },
        "0.4522774424948338": {
            "0": 54.32,
            "1": 51.76,
            "hypercube": 29.360000000000003
        },
        "0.5527864045000421": {
            "0": 45.440000000000005,
            "1": 42.8,
            "hypercube": 20.880000000000003
        },
        "0.6837722339831621": {
            "0": 31.36,
            "1": 30.0,
            "hypercube": 10.639999999999999
        }
    },
    "5": {
        "0.05131670194948623": {
            "0": 94.39551641313051,
            "1": 95.19615692554044,
            "hypercube": 92.63410728582866
        },
        "0.10557280900008414": {
            "0": 88.39071257005604,
            "1": 90.0720576461169,
            "hypercube": 83.98718975180144
        },
        "0.16333997346592444": {
            "0": 83.18654923939151,
            "1": 85.5084067253803,
            "hypercube": 75.5804643714972
        },
        "0.2254033307585166": {
            "0": 75.98078462770216,
            "1": 78.46277021617294,
            "hypercube": 63.570856685348275
        },
        "0.2928932188134524": {
            "0": 69.65572457966374,
            "1": 69.9759807846277,
            "hypercube": 52.2017614091273
        },
        "0.3675444679663241": {
            "0": 63.89111289031225,
            "1": 61.809447558046436,
            "hypercube": 41.63330664531625
        },
        "0.4522774424948338": {
            "0": 55.484387510008006,
            "1": 53.88310648518815,
            "hypercube": 32.2658126501201
        },
        "0.5527864045000421": {
            "0": 45.796637309847874,
            "1": 47.157726180944756,
            "hypercube": 23.2986389111289
        },
        "0.6837722339831621": {
            "0": 33.46677341873499,
            "1": 35.38831064851882,
            "hypercube": 13.130504403522819
        }
    },
    "6": {
        "0.05131670194948623": {
            "0": 93.43474779823859,
            "1": 94.95596477181746,
            "hypercube": 91.59327461969575
        },
        "0.10557280900008414": {
            "0": 87.6701361088871,
            "1": 90.71257005604484,
            "hypercube": 83.18654923939151
        },
        "0.16333997346592444": {
            "0": 81.34507606084867,
            "1": 84.4675740592474,
            "hypercube": 71.73738991192954
        },
        "0.2254033307585166": {
            "0": 74.77982385908727,