{
    "0": {
        "0.1": {
            "0": 92.32000000000001,
            "1": 93.28,
            "hypercube": 89.28
        },
        "0.2": {
            "0": 85.11999999999999,
            "1": 88.16000000000001,
            "hypercube": 78.96
        },
        "0.3": {
            "0": 80.24,
            "1": 81.67999999999999,
            "hypercube": 69.04
        },
        "0.4": {
            "0": 74.96000000000001,
            "1": 74.48,
            "hypercube": 58.8
        },
        "0.5": {
            "0": 70.24000000000001,
            "1": 69.12,
            "hypercube": 50.96000000000001
        },
        "0.6": {
            "0": 62.63999999999999,
            "1": 59.199999999999996,
            "hypercube": 38.4
        },
        "0.7": {
            "0": 54.32,
            "1": 52.559999999999995,
            "hypercube": 30.080000000000002
        },
        "0.8": {
            "0": 41.839999999999996,
            "1": 42.96,
            "hypercube": 19.040000000000003
        },
        "0.9": {
            "0": 29.04,
            "1": 29.68,
            "hypercube": 10.0
        }
    },
    "1": {
        "0.1": {
            "0": 92.16,
            "1": 91.2,
            "hypercube": 87.03999999999999
        },
        "0.2": {
            "0": 88.4,
            "1": 86.4,
            "hypercube": 79.44
        },
        "0.3": {
            "0": 82.39999999999999,
            "1": 80.4,
            "hypercube": 69.44
        },
        "0.4": {
            "0": 77.03999999999999,
            "1": 72.0,
            "hypercube": 57.84
        },
        "0.5": {
            "0": 70.64,
            "1": 68.08,
            "hypercube": 50.160000000000004
        },
        "0.6": {
            "0": 65.28,
            "1": 60.88,
            "hypercube": 41.36
        },
        "0.7": {
            "0": 53.36,
            "1": 50.72,
            "hypercube": 29.12
        },
        "0.8": {
            "0": 43.68,
            "1": 42.64,
            "hypercube": 21.2
        },
        "0.9": {
            "0": 32.4,
            "1": 28.16,
            "hypercube": 11.360000000000001
        }
    },
    "2": {
        "0.1": {
            "0": 89.75999999999999,
            "1": 91.28,
            "hypercube": 85.76
        },
        "0.2": {
            "0": 86.72,
            "1": 85.84,
            "hypercube": 78.16
        },
        "0.3": {
            "0": 81.04,
            "1": 79.84,
            "hypercube": 68.96
        },
        "0.4": {
            "0": 75.84,
            "1": 74.0,
            "hypercube": 60.31999999999999
        },
        "0.5": {
            "0": 67.92,
            "1": 65.44,
            "hypercube": 48.16
        },
        "0.6": {
            "0": 61.040000000000006,
            "1": 59.760000000000005,
            "hypercube": 38.800000000000004
        },
        "0.7": {
            "0": 50.160000000000004,
            "1": 50.56,
            "hypercube": 27.36
        },
        "0.8": {
            "0": 41.120000000000005,
            "1": 40.0,
            "hypercube": 18.32
        },
        "0.9": {
            "0": 29.759999999999998,
            "1": 26.88,
            "hypercube": 9.120000000000001
        }
    },
    "3": {
        "0.1": {
            "0": 92.80000000000001,
            "1": 93.76,
            "hypercube": 89.2
        },
        "0.2": {
            "0": 87.68,
            "1": 88.8,
            "hypercube": 80.32000000000001
        },
        "0.3": {
            "0": 83.6,
            "1": 83.52000000000001,
            "hypercube": 71.92
        },
        "0.4": {
            "0": 78.08,
            "1": 76.88000000000001,
            "hypercube": 61.919999999999995
        },
        "0.5": {
            "0": 70.0,
            "1": 69.19999999999999,
            "hypercube": 49.84
        },
        "0.6": {
            "0": 63.36000000000001,
            "1": 62.56,
            "hypercube": 40.72
        },
        "0.7": {
            "0": 52.239999999999995,
            "1": 51.519999999999996,
            "hypercube": 28.16
        },
        "0.8": {
            "0": 42.72,
            "1": 44.48,
            "hypercube": 20.96
        },
        "0.9": {
            "0": 26.16,
            "1": 27.200000000000003,
            "hypercube": 7.68
        }
    },
    "4": {
        "0.1": {
            "0": 93.2,
            "1": 92.56,
            "hypercube": 90.0
        },
        "0.2": {
            "0": 88.72,
            "1": 88.24,
            "hypercube": 81.67999999999999
        },
        "0.3": {
            "0": 83.36,
            "1": 81.6,
            "hypercube": 70.72
        },
        "0.4": {
            "0": 77.84,
            "1": 77.60000000000001,
            "hypercube": 63.36000000000001
        },
        "0.5": {
            "0": 71.67999999999999,
            "1": 68.47999999999999,
            "hypercube": 50.96000000000001
        },
        "0.6": {
            "0": 63.44,
            "1": 62.480000000000004,
            "hypercube": 40.96
        },
        "0.7": {
            "0": 55.2,
            "1": 53.12,
            "hypercube": 30.72
        },
        "0.8": {
            "0": 46.72,
            "1": 43.919999999999995,
            "hypercube": 21.68
        },
        "0.9": {
            "0": 33.68,
            "1": 30.959999999999997,
            "hypercube": 11.76
        }
    },
    "5": {
        "0.1": {
            "0": 93.1945556445156,
            "1": 93.83506805444355,
            "hypercube": 90.79263410728583
        },
        "0.2": {
            "0": 86.06885508406725,
            "1": 87.7502001601281,
            "hypercube": 80.14411529223379
        },
        "0.3": {
            "0": 81.1048839071257,
            "1": 82.38590872698158,
            "hypercube": 70.93674939951961
        },
        "0.4": {
            "0": 73.3386709367494,
            "1": 75.10008006405124,
            "hypercube": 59.087269815852686
        },
        "0.5": {
            "0": 68.61489191353083,
            "1": 67.25380304243394,
            "hypercube": 49.31945556445156
        },
        "0.6": {
            "0": 61.0088070456365,
            "1": 60.92874299439551,
            "hypercube": 40.11208967173739
        },
        "0.7": {
            "0": 54.12329863891113,
            "1": 53.16253002401922,
            "hypercube": 31.22497998398719
        },
        "0.8": {
            "0": 43.795036028823056,
            "1": 45.87670136108887,
            "hypercube": 21.697357886309046
        },
        "0.9": {
            "0": 30.10408326661329,
            "1": 32.66613290632506,
            "hypercube": 11.20896717373899
        }
    },
    "6": {
        "0.1": {
            "0": 91.99359487590073,
            "1": 94.71577261809448,
            "hypercube": 90.23218574859888
        },
        "0.2": {
            "0": 84.30744595676542,
            "1": 88.55084067253803,
            "hypercube": 77.822257806245
        },
        "0.3": {
            "0": 78.06244995996798,
            "1": 81.66533226581265,
            "hypercube": 66.93354683746998
        },
        "0.4": {
            "0": 72.93835068054445,
            "1": 76.62129703763011,
            "hypercube": 58.60688550840673
        },
        "0.5": {
            "0": 63.250600480384314,
            "1": 66.29303442754203,
            "hypercube": 44.35548438751001
        },
        "0.6": {
            "0": 55.964771817453965,
            "1": 59.24739791833466,
            "hypercube": 35.38831064851882
        },
        "0.7": {
            "0": 47.47798238590873,
            "1": 52.44195356285029,
            "hypercube": 27.061649319455565
        },
        "0.8": {
            "0": 38.35068054443555,
            "1": 45.716573258606886,
            "hypercube": 20.97678142514011
        },
        "0.9": {
            "0": 26.58126501200961,