{
    "0": {
        "0.1": {
            "0": 92.64,
            "1": 92.64,
            "hypercube": 89.2
        },
        "0.2": {
            "0": 85.68,
            "1": 87.52,
            "hypercube": 77.75999999999999
        },
        "0.3": {
            "0": 79.84,
            "1": 82.24000000000001,
            "hypercube": 66.88
        },
        "0.4": {
            "0": 74.24,
            "1": 74.24,
            "hypercube": 54.559999999999995
        },
        "0.5": {
            "0": 67.44,
            "1": 68.08,
            "hypercube": 45.36
        },
        "0.6": {
            "0": 61.199999999999996,
            "1": 61.839999999999996,
            "hypercube": 36.480000000000004
        },
        "0.7": {
            "0": 54.72,
            "1": 54.559999999999995,
            "hypercube": 27.36
        },
        "0.8": {
            "0": 47.28,
            "1": 43.44,
            "hypercube": 19.2
        },
        "0.9": {
            "0": 31.04,
            "1": 27.92,
            "hypercube": 10.24
        }
    },
    "1": {
        "0.1": {
            "0": 93.04,
            "1": 89.84,
            "hypercube": 86.56
        },
        "0.2": {
            "0": 87.03999999999999,
            "1": 85.2,
            "hypercube": 76.55999999999999
        },
        "0.3": {
            "0": 83.44,
            "1": 79.36,
            "hypercube": 67.44
        },
        "0.4": {
            "0": 77.28,
            "1": 74.24,
            "hypercube": 57.440000000000005
        },
        "0.5": {
            "0": 72.32,
            "1": 69.6,
            "hypercube": 49.519999999999996
        },
        "0.6": {
            "0": 65.92,
            "1": 63.36000000000001,
            "hypercube": 40.64
        },
        "0.7": {
            "0": 56.24,
            "1": 55.52,
            "hypercube": 28.560000000000002
        },
        "0.8": {
            "0": 46.88,
            "1": 48.559999999999995,
            "hypercube": 20.72
        },
        "0.9": {
            "0": 35.36,
            "1": 34.72,
            "hypercube": 11.28
        }
    },
    "2": {
        "0.1": {
            "0": 90.56,
            "1": 90.64,
            "hypercube": 86.72
        },
        "0.2": {
            "0": 84.96000000000001,
            "1": 84.64,
            "hypercube": 75.36
        },
        "0.3": {
            "0": 80.0,
            "1": 81.12,
            "hypercube": 67.67999999999999
        },
        "0.4": {
            "0": 73.68,
            "1": 71.92,
            "hypercube": 53.6
        },
        "0.5": {
            "0": 68.96,
            "1": 64.32,
            "hypercube": 44.24
        },
        "0.6": {
            "0": 60.160000000000004,
            "1": 58.24,
            "hypercube": 35.04
        },
        "0.7": {
            "0": 53.12,
            "1": 52.559999999999995,
            "hypercube": 28.24
        },
        "0.8": {
            "0": 42.32,
            "1": 44.56,
            "hypercube": 20.4
        },
        "0.9": {
            "0": 29.2,
            "1": 27.76,
            "hypercube": 9.36
        }
    },
    "3": {
        "0.1": {
            "0": 93.52000000000001,
            "1": 91.92,
            "hypercube": 88.56
        },
        "0.2": {
            "0": 88.8,
            "1": 88.16000000000001,
            "hypercube": 80.16
        },
        "0.3": {
            "0": 83.91999999999999,
            "1": 84.24000000000001,
            "hypercube": 71.6
        },
        "0.4": {
            "0": 78.48,
            "1": 77.36,
            "hypercube": 60.64000000000001
        },
        "0.5": {
            "0": 74.8,
            "1": 71.44,
            "hypercube": 52.239999999999995
        },
        "0.6": {
            "0": 67.36,
            "1": 63.6,
            "hypercube": 41.199999999999996
        },
        "0.7": {
            "0": 59.760000000000005,
            "1": 54.879999999999995,
            "hypercube": 30.0
        },
        "0.8": {
            "0": 50.32,
            "1": 46.32,
            "hypercube": 20.48
        },
        "0.9": {
            "0": 32.56,
            "1": 28.799999999999997,
            "hypercube": 8.0
        }
    },
    "4": {
        "0.1": {
            "0": 92.4,
            "1": 92.0,
            "hypercube": 89.2
        },
        "0.2": {
            "0": 87.12,
            "1": 87.44,
            "hypercube": 79.52
        },
        "0.3": {
            "0": 82.96,
            "1": 81.92,
            "hypercube": 70.16
        },
        "0.4": {
            "0": 76.96,
            "1": 75.6,
            "hypercube": 58.48
        },
        "0.5": {
            "0": 71.12,
            "1": 68.8,
            "hypercube": 47.36
        },
        "0.6": {
            "0": 65.68,
            "1": 61.44,
            "hypercube": 38.48
        },
        "0.7": {
            "0": 58.56,
            "1": 53.76,
            "hypercube": 28.560000000000002
        },
        "0.8": {
            "0": 49.2,
            "1": 46.48,
            "hypercube": 19.36
        },
        "0.9": {
            "0": 36.720000000000006,
            "1": 33.68,
            "hypercube": 9.92
        }
    },
    "5": {
        "0.1": {
            "0": 93.1945556445156,
            "1": 93.83506805444355,
            "hypercube": 90.95276220976781
        },
        "0.2": {
            "0": 87.26981585268214,
            "1": 88.31064851881504,
            "hypercube": 80.62449959967975
        },
        "0.3": {
            "0": 82.86629303442754,
            "1": 84.06725380304243,
            "hypercube": 72.45796637309849
        },
        "0.4": {
            "0": 78.8630904723779,
            "1": 78.8630904723779,
            "hypercube": 63.49079263410729
        },
        "0.5": {
            "0": 71.97758206565253,
            "1": 72.69815852682146,
            "hypercube": 52.28182546036829
        },
        "0.6": {
            "0": 64.13130504403523,
            "1": 63.250600480384314,
            "hypercube": 39.391513210568455
        },
        "0.7": {
            "0": 58.28662930344275,
            "1": 57.64611689351481,
            "hypercube": 32.1857485988791
        },
        "0.8": {
            "0": 48.03843074459568,
            "1": 51.16092874299439,
            "hypercube": 23.058446757405925
        },
        "0.9": {
            "0": 34.4275420336269,
            "1": 34.02722177742194,
            "hypercube": 10.408326661329063
        }
    },
    "6": {
        "0.1": {
            "0": 91.91353082465973,
            "1": 92.71417133706964,
            "hypercube": 88.47077662129705
        },
        "0.2": {
            "0": 83.58686949559647,
            "1": 87.10968775020017,
            "hypercube": 75.34027221777421
        },
        "0.3": {
            "0": 78.62289831865492,
            "1": 82.94635708566854,
            "hypercube": 66.61329063250601
        },
        "0.4": {
            "0": 74.45956765412329,
            "1": 77.90232185748599,
            "hypercube": 58.366693354683754
        },
        "0.5": {
            "0": 67.8142514011209,
            "1": 71.49719775820657,
            "hypercube": 47.397918334667736
        },
        "0.6": {
            "0": 59.00720576461169,
            "1": 63.89111289031225,
            "hypercube": 36.50920736589271
        },
        "0.7": {
            "0": 52.041633306645316,
            "1": 57.16573258606885,
            "hypercube": 28.182546036829464
        },
        "0.8": {
            "0": 46.35708566853482,
            "1": 50.76060848678943,
            "hypercube": 21.937550040032026
        },
        "0.9": {
            "0": 34.4275420336269,
            "1": 39.63170536429143,
            "hypercube": 12.409927942353884
        }
    },
    "7": {
        "0.1": {
            "0": 94.79583666933547,
            "1": 91.83346677341873,