{
    "0": {
        "0.1": {
            "0": 94.48,
            "1": 93.67999999999999,
            "hypercube": 91.60000000000001
        },
        "0.2": {
            "0": 87.28,
            "1": 88.56,
            "hypercube": 80.32000000000001
        },
        "0.3": {
            "0": 79.12,
            "1": 81.2,
            "hypercube": 65.28
        },
        "0.4": {
            "0": 73.36,
            "1": 72.08,
            "hypercube": 52.16
        },
        "0.5": {
            "0": 65.2,
            "1": 65.84,
            "hypercube": 42.24
        },
        "0.6": {
            "0": 58.48,
            "1": 59.36,
            "hypercube": 32.64
        },
        "0.7": {
            "0": 51.28,
            "1": 48.64,
            "hypercube": 23.52
        },
        "0.8": {
            "0": 44.0,
            "1": 40.48,
            "hypercube": 17.28
        },
        "0.9": {
            "0": 31.6,
            "1": 28.4,
            "hypercube": 10.56
        }
    },
    "1": {
        "0.1": {
            "0": 94.39999999999999,
            "1": 92.24,
            "hypercube": 89.92
        },
        "0.2": {
            "0": 87.76,
            "1": 86.56,
            "hypercube": 78.64
        },
        "0.3": {
            "0": 82.8,
            "1": 79.12,
            "hypercube": 66.8
        },
        "0.4": {
            "0": 75.92,
            "1": 73.52,
            "hypercube": 55.76
        },
        "0.5": {
            "0": 71.52,
            "1": 67.92,
            "hypercube": 47.44
        },
        "0.6": {
            "0": 62.88,
            "1": 61.36000000000001,
            "hypercube": 37.04
        },
        "0.7": {
            "0": 53.76,
            "1": 52.88,
            "hypercube": 25.840000000000003
        },
        "0.8": {
            "0": 44.24,
            "1": 45.2,
            "hypercube": 17.76
        },
        "0.9": {
            "0": 32.800000000000004,
            "1": 30.64,
            "hypercube": 9.76
        }
    },
    "2": {
        "0.1": {
            "0": 92.4,
            "1": 91.92,
            "hypercube": 89.52
        },
        "0.2": {
            "0": 85.44,
            "1": 84.96000000000001,
            "hypercube": 76.16000000000001
        },
        "0.3": {
            "0": 79.60000000000001,
            "1": 80.47999999999999,
            "hypercube": 66.64
        },
        "0.4": {
            "0": 72.32,
            "1": 70.72,
            "hypercube": 51.44
        },
        "0.5": {
            "0": 65.60000000000001,
            "1": 62.480000000000004,
            "hypercube": 41.199999999999996
        },
        "0.6": {
            "0": 57.76,
            "1": 55.60000000000001,
            "hypercube": 32.08
        },
        "0.7": {
            "0": 48.4,
            "1": 50.32,
            "hypercube": 24.959999999999997
        },
        "0.8": {
            "0": 40.400000000000006,
            "1": 39.839999999999996,
            "hypercube": 17.68
        },
        "0.9": {
            "0": 29.360000000000003,
            "1": 27.839999999999996,
            "hypercube": 9.44
        }
    },
    "3": {
        "0.1": {
            "0": 95.28,
            "1": 94.64,
            "hypercube": 92.88
        },
        "0.2": {
            "0": 89.2,
            "1": 88.64,
            "hypercube": 81.04
        },
        "0.3": {
            "0": 83.6,
            "1": 83.52000000000001,
            "hypercube": 70.56
        },
        "0.4": {
            "0": 77.92,
            "1": 76.88000000000001,
            "hypercube": 59.599999999999994
        },
        "0.5": {
            "0": 72.72,
            "1": 69.67999999999999,
            "hypercube": 49.44
        },
        "0.6": {
            "0": 64.72,
            "1": 60.24,
            "hypercube": 36.64
        },
        "0.7": {
            "0": 55.52,
            "1": 52.16,
            "hypercube": 25.679999999999996
        },
        "0.8": {
            "0": 44.0,
            "1": 42.8,
            "hypercube": 16.0
        },
        "0.9": {
            "0": 32.0,
            "1": 28.4,
            "hypercube": 7.84
        }
    },
    "4": {
        "0.1": {
            "0": 93.36,
            "1": 93.12,
            "hypercube": 91.28
        },
        "0.2": {
            "0": 87.6,
            "1": 88.32,
            "hypercube": 80.88
        },
        "0.3": {
            "0": 82.8,
            "1": 81.92,
            "hypercube": 70.0
        },
        "0.4": {
            "0": 75.44,
            "1": 74.24,
            "hypercube": 56.16
        },
        "0.5": {
            "0": 70.32000000000001,
            "1": 66.88,
            "hypercube": 44.879999999999995
        },
        "0.6": {
            "0": 63.2,
            "1": 57.68,
            "hypercube": 35.120000000000005
        },
        "0.7": {
            "0": 54.08,
            "1": 49.68,
            "hypercube": 23.76
        },
        "0.8": {
            "0": 44.24,
            "1": 40.72,
            "hypercube": 13.76
        },
        "0.9": {
            "0": 30.64,
            "1": 28.96,
            "hypercube": 8.16
        }
    },
    "5": {
        "0.1": {
            "0": 94.71577261809448,
            "1": 94.63570856685348,
            "hypercube": 92.47397918334667
        },
        "0.2": {
            "0": 89.27141713370696,
            "1": 89.43154523618895,
            "hypercube": 83.42674139311448
        },
        "0.3": {
            "0": 82.86629303442754,
            "1": 84.06725380304243,
            "hypercube": 72.45796637309849
        },
        "0.4": {
            "0": 77.822257806245,
            "1": 77.90232185748599,
            "hypercube": 61.64931945556445
        },
        "0.5": {
            "0": 69.73578863090472,
            "1": 71.01681345076061,
            "hypercube": 49.47958366693355
        },
        "0.6": {
            "0": 62.20976781425141,
            "1": 61.32906325060048,
            "hypercube": 36.74939951961569
        },
        "0.7": {
            "0": 54.3634907926341,
            "1": 55.40432345876701,
            "hypercube": 28.98318654923939
        },
        "0.8": {
            "0": 43.87510008006405,
            "1": 45.716573258606886,
            "hypercube": 19.375500400320256
        },
        "0.9": {
            "0": 30.74459567654123,
            "1": 30.424339471577262,
            "hypercube": 9.127301841473178
        }
    },
    "6": {
        "0.1": {
            "0": 93.75500400320256,
            "1": 94.39551641313051,
            "hypercube": 91.1929543634908
        },
        "0.2": {
            "0": 85.82866293034428,
            "1": 87.51000800640513,
            "hypercube": 77.98238590872698
        },
        "0.3": {
            "0": 78.62289831865492,
            "1": 82.94635708566854,
            "hypercube": 66.61329063250601
        },
        "0.4": {
            "0": 73.2586068855084,
            "1": 76.7013610888711,
            "hypercube": 56.36509207365893
        },
        "0.5": {
            "0": 66.77341873498798,
            "1": 71.0968775020016,
            "hypercube": 46.27702161729383
        },
        "0.6": {
            "0": 57.405924739791836,
            "1": 62.770216172938355,
            "hypercube": 34.58767013610889
        },
        "0.7": {
            "0": 49.879903923138514,
            "1": 55.004003202562046,
            "hypercube": 25.62049639711769
        },
        "0.8": {
            "0": 42.11369095276221,
            "1": 47.47798238590873,
            "hypercube": 17.69415532425941
        },
        "0.9": {
            "0": 27.622097678142516,
            "1": 30.424339471577262,
            "hypercube": 8.486789431545235
        }
    },
    "7": {
        "0.1": {
            "0": 96.23698959167334,
            "1": 94.23538831064852,
            "hypercube": 93.2746196957566
        },