{
    "0": {
        "0.05131670194948623": {
            "0": 96.0,
            "1": 94.8,
            "hypercube": 93.84
        },
        "0.10557280900008414": {
            "0": 88.64,
            "1": 89.52,
            "hypercube": 82.64
        },
        "0.16333997346592444": {
            "0": 81.36,
            "1": 83.12,
            "hypercube": 69.28
        },
        "0.2254033307585166": {
            "0": 74.48,
            "1": 74.8,
            "hypercube": 55.36
        },
        "0.2928932188134524": {
            "0": 68.32000000000001,
            "1": 68.08,
            "hypercube": 46.0
        },
        "0.3675444679663241": {
            "0": 62.08,
            "1": 61.839999999999996,
            "hypercube": 37.04
        },
        "0.4522774424948338": {
            "0": 54.559999999999995,
            "1": 53.92,
            "hypercube": 26.96
        },
        "0.5527864045000421": {
            "0": 47.28,
            "1": 43.44,
            "hypercube": 19.2
        },
        "0.6837722339831621": {
            "0": 35.120000000000005,
            "1": 31.919999999999998,
            "hypercube": 12.24
        }
    },
    "1": {
        "0.05131670194948623": {
            "0": 95.12,
            "1": 93.28,
            "hypercube": 91.44
        },
        "0.10557280900008414": {
            "0": 88.24,
            "1": 87.52,
            "hypercube": 80.08
        },
        "0.16333997346592444": {
            "0": 83.52000000000001,
            "1": 80.32000000000001,
            "hypercube": 68.32000000000001
        },
        "0.2254033307585166": {
            "0": 77.28,
            "1": 74.24,
            "hypercube": 57.440000000000005
        },
        "0.2928932188134524": {
            "0": 71.84,
            "1": 69.6,
            "hypercube": 49.2
        },
        "0.3675444679663241": {
            "0": 65.12,
            "1": 61.919999999999995,
            "hypercube": 39.2
        },
        "0.4522774424948338": {
            "0": 54.879999999999995,
            "1": 54.48,
            "hypercube": 26.88
        },
        "0.5527864045000421": {
            "0": 45.2,
            "1": 46.56,
            "hypercube": 19.2
        },
        "0.6837722339831621": {
            "0": 34.239999999999995,
            "1": 32.4,
            "hypercube": 10.4
        }
    },
    "2": {
        "0.05131670194948623": {
            "0": 92.80000000000001,
            "1": 93.12,
            "hypercube": 91.12
        },
        "0.10557280900008414": {
            "0": 86.48,
            "1": 86.32,
            "hypercube": 78.56
        },
        "0.16333997346592444": {
            "0": 80.56,
            "1": 81.12,
            "hypercube": 68.16
        },
        "0.2254033307585166": {
            "0": 73.68,
            "1": 71.92,
            "hypercube": 53.6
        },
        "0.2928932188134524": {
            "0": 68.72,
            "1": 64.16,
            "hypercube": 43.84
        },
        "0.3675444679663241": {
            "0": 59.760000000000005,
            "1": 57.36,
            "hypercube": 34.160000000000004
        },
        "0.4522774424948338": {
            "0": 51.519999999999996,
            "1": 51.839999999999996,
            "hypercube": 27.04
        },
        "0.5527864045000421": {
            "0": 42.32,
            "1": 44.56,
            "hypercube": 20.4
        },
        "0.6837722339831621": {
            "0": 31.680000000000003,
            "1": 30.159999999999997,
            "hypercube": 10.8
        }
    },
    "3": {
        "0.05131670194948623": {
            "0": 96.16,
            "1": 95.19999999999999,
            "hypercube": 94.08
        },
        "0.10557280900008414": {
            "0": 89.60000000000001,
            "1": 88.88000000000001,
            "hypercube": 81.67999999999999
        },
        "0.16333997346592444": {
            "0": 84.88,
            "1": 84.72,
            "hypercube": 72.96000000000001
        },
        "0.2254033307585166": {
            "0": 78.72,
            "1": 77.75999999999999,
            "hypercube": 61.040000000000006
        },
        "0.2928932188134524": {
            "0": 74.72,
            "1": 71.36,
            "hypercube": 52.080000000000005
        },
        "0.3675444679663241": {
            "0": 66.72,
            "1": 62.63999999999999,
            "hypercube": 40.08
        },
        "0.4522774424948338": {
            "0": 57.52,
            "1": 53.839999999999996,
            "hypercube": 28.000000000000004
        },
        "0.5527864045000421": {
            "0": 47.92,
            "1": 44.64,
            "hypercube": 18.72
        },
        "0.6837722339831621": {
            "0": 34.96,
            "1": 30.880000000000003,
            "hypercube": 9.2
        }
    },
    "4": {
        "0.05131670194948623": {
            "0": 93.67999999999999,
            "1": 93.44,
            "hypercube": 91.92
        },
        "0.10557280900008414": {
            "0": 89.12,
            "1": 89.03999999999999,
            "hypercube": 83.12
        },
        "0.16333997346592444": {
            "0": 83.44,
            "1": 82.56,
            "hypercube": 71.28
        },
        "0.2254033307585166": {
            "0": 76.96,
            "1": 75.6,
            "hypercube": 58.48
        },
        "0.2928932188134524": {
            "0": 70.8,
            "1": 67.60000000000001,
            "hypercube": 45.92
        },
        "0.3675444679663241": {
            "0": 64.72,
            "1": 59.12,
            "hypercube": 36.64
        },
        "0.4522774424948338": {
            "0": 55.52,
            "1": 51.519999999999996,
            "hypercube": 25.6
        },
        "0.5527864045000421": {
            "0": 45.28,
            "1": 42.8,
            "hypercube": 15.440000000000001
        },
        "0.6837722339831621": {
            "0": 32.96,
            "1": 31.2,
            "hypercube": 9.120000000000001
        }
    },
    "5": {
        "0.05131670194948623": {
            "0": 94.95596477181746,
            "1": 94.79583666933547,
            "hypercube": 92.71417133706964
        },
        "0.10557280900008414": {
            "0": 89.9919935948759,
            "1": 90.31224979983988,
            "hypercube": 84.78783026421138
        },
        "0.16333997346592444": {
            "0": 83.90712570056044,
            "1": 85.66853482786229,
            "hypercube": 74.93995196156925
        },
        "0.2254033307585166": {
            "0": 79.18334667734187,
            "1": 79.10328262610088,
            "hypercube": 64.05124099279423
        },
        "0.2928932188134524": {
            "0": 72.05764611689351,
            "1": 72.69815852682146,
            "hypercube": 52.361889511609284
        },
        "0.3675444679663241": {
            "0": 64.13130504403523,
            "1": 63.570856685348275,
            "hypercube": 39.63170536429143
        },
        "0.4522774424948338": {
            "0": 57.405924739791836,
            "1": 57.485988791032824,
            "hypercube": 31.705364291433145
        },
        "0.5527864045000421": {
            "0": 45.796637309847874,
            "1": 48.83907125700561,
            "hypercube": 21.136909527622098
        },
        "0.6837722339831621": {
            "0": 34.747798238590875,
            "1": 34.10728582866293,
            "hypercube": 10.568454763811049
        }
    },
    "6": {
        "0.05131670194948623": {
            "0": 93.91513210568455,
            "1": 94.39551641313051,
            "hypercube": 91.1929543634908
        },
        "0.10557280900008414": {
            "0": 86.54923939151321,
            "1": 88.63090472377903,
            "hypercube": 79.82385908726981
        },
        "0.16333997346592444": {
            "0": 79.10328262610088,
            "1": 83.18654923939151,
            "hypercube": 67.33386709367494
        },