{
    "0": {
        "0.1": {
            "0": 94.64,
            "1": 94.39999999999999,
            "hypercube": 92.08
        },
        "0.2": {
            "0": 85.76,
            "1": 88.96,
            "hypercube": 80.08
        },
        "0.3": {
            "0": 80.72,
            "1": 82.08,
            "hypercube": 69.67999999999999
        },
        "0.4": {
            "0": 74.32,
            "1": 73.52,
            "hypercube": 57.36
        },
        "0.5": {
            "0": 67.2,
            "1": 67.04,
            "hypercube": 47.04
        },
        "0.6": {
            "0": 60.64000000000001,
            "1": 57.28,
            "hypercube": 36.08
        },
        "0.7": {
            "0": 50.88,
            "1": 51.2,
            "hypercube": 27.68
        },
        "0.8": {
            "0": 40.48,
            "1": 41.44,
            "hypercube": 18.08
        },
        "0.9": {
            "0": 25.36,
            "1": 27.279999999999998,
            "hypercube": 7.68
        }
    },
    "1": {
        "0.1": {
            "0": 93.92,
            "1": 92.56,
            "hypercube": 89.60000000000001
        },
        "0.2": {
            "0": 88.4,
            "1": 87.12,
            "hypercube": 80.0
        },
        "0.3": {
            "0": 82.16,
            "1": 79.2,
            "hypercube": 68.16
        },
        "0.4": {
            "0": 76.55999999999999,
            "1": 71.52,
            "hypercube": 57.120000000000005
        },
        "0.5": {
            "0": 69.76,
            "1": 67.12,
            "hypercube": 48.8
        },
        "0.6": {
            "0": 63.2,
            "1": 58.48,
            "hypercube": 38.56
        },
        "0.7": {
            "0": 52.32,
            "1": 50.080000000000005,
            "hypercube": 28.32
        },
        "0.8": {
            "0": 42.96,
            "1": 41.839999999999996,
            "hypercube": 20.8
        },
        "0.9": {
            "0": 30.56,
            "1": 27.279999999999998,
            "hypercube": 10.16
        }
    },
    "2": {
        "0.1": {
            "0": 92.32000000000001,
            "1": 92.4,
            "hypercube": 88.72
        },
        "0.2": {
            "0": 87.36,
            "1": 86.88,
            "hypercube": 79.75999999999999
        },
        "0.3": {
            "0": 81.36,
            "1": 79.92,
            "hypercube": 69.36
        },
        "0.4": {
            "0": 74.96000000000001,
            "1": 72.96000000000001,
            "hypercube": 58.8
        },
        "0.5": {
            "0": 66.56,
            "1": 64.48,
            "hypercube": 46.64
        },
        "0.6": {
            "0": 58.160000000000004,
            "1": 58.24,
            "hypercube": 35.839999999999996
        },
        "0.7": {
            "0": 48.559999999999995,
            "1": 49.36,
            "hypercube": 25.840000000000003
        },
        "0.8": {
            "0": 40.32,
            "1": 38.48,
            "hypercube": 17.28
        },
        "0.9": {
            "0": 28.96,
            "1": 25.759999999999998,
            "hypercube": 8.48
        }
    },
    "3": {
        "0.1": {
            "0": 94.64,
            "1": 94.48,
            "hypercube": 91.2
        },
        "0.2": {
            "0": 88.16000000000001,
            "1": 89.52,
            "hypercube": 81.28
        },
        "0.3": {
            "0": 83.6,
            "1": 83.52000000000001,
            "hypercube": 71.92
        },
        "0.4": {
            "0": 77.52,
            "1": 76.64,
            "hypercube": 61.44
        },
        "0.5": {
            "0": 68.16,
            "1": 67.67999999999999,
            "hypercube": 47.68
        },
        "0.6": {
            "0": 60.56,
            "1": 60.64000000000001,
            "hypercube": 37.68
        },
        "0.7": {
            "0": 50.32,
            "1": 50.56,
            "hypercube": 26.72
        },
        "0.8": {
            "0": 39.92,
            "1": 41.92,
            "hypercube": 18.56
        },
        "0.9": {
            "0": 26.16,
            "1": 27.200000000000003,
            "hypercube": 7.68
        }
    },
    "4": {
        "0.1": {
            "0": 94.32000000000001,
            "1": 93.92,
            "hypercube": 91.84
        },
        "0.2": {
            "0": 89.44,
            "1": 89.03999999999999,
            "hypercube": 83.2
        },
        "0.3": {
            "0": 83.36,
            "1": 81.6,
            "hypercube": 70.72
        },
        "0.4": {
            "0": 77.2,
            "1": 77.52,
            "hypercube": 62.8
        },
        "0.5": {
            "0": 70.32000000000001,
            "1": 68.0,
            "hypercube": 49.36
        },
        "0.6": {
            "0": 60.56,
            "1": 59.84,
            "hypercube": 37.36
        },
        "0.7": {
            "0": 51.6,
            "1": 48.64,
            "hypercube": 25.919999999999998
        },
        "0.8": {
            "0": 41.760000000000005,
            "1": 37.92,
            "hypercube": 17.119999999999997
        },
        "0.9": {
            "0": 26.96,
            "1": 27.36,
            "hypercube": 8.16
        }
    },
    "5": {
        "0.1": {
            "0": 93.2746196957566,
            "1": 94.39551641313051,
            "hypercube": 91.35308246597278
        },
        "0.2": {
            "0": 87.51000800640513,
            "1": 88.71096877502002,
            "hypercube": 82.06565252201761
        },
        "0.3": {
            "0": 81.1048839071257,
            "1": 82.38590872698158,
            "hypercube": 70.93674939951961
        },
        "0.4": {
            "0": 73.3386709367494,
            "1": 75.10008006405124,
            "hypercube": 59.087269815852686
        },
        "0.5": {
            "0": 67.49399519615693,
            "1": 65.73258606885508,
            "hypercube": 47.23779023218575
        },
        "0.6": {
            "0": 59.56765412329864,
            "1": 57.886309047237795,
            "hypercube": 37.229783827061645
        },
        "0.7": {
            "0": 52.12169735788631,
            "1": 51.00080064051241,
            "hypercube": 28.742994395516412
        },
        "0.8": {
            "0": 41.79343474779824,
            "1": 44.59567654123299,
            "hypercube": 20.336269015212167
        },
        "0.9": {
            "0": 28.823058446757404,
            "1": 30.824659727782226,
            "hypercube": 9.847878302642114
        }
    },
    "6": {
        "0.1": {
            "0": 91.99359487590073,
            "1": 94.95596477181746,
            "hypercube": 90.39231385108086
        },
        "0.2": {
            "0": 85.58847077662129,
            "1": 89.19135308246598,
            "hypercube": 79.66373098478783
        },
        "0.3": {
            "0": 78.06244995996798,
            "1": 81.66533226581265,
            "hypercube": 66.93354683746998
        },
        "0.4": {
            "0": 71.73738991192954,
            "1": 75.02001601281026,
            "hypercube": 56.84547638110489
        },
        "0.5": {
            "0": 62.85028022417934,
            "1": 65.49239391513211,
            "hypercube": 43.55484387510008
        },
        "0.6": {
            "0": 55.40432345876701,
            "1": 58.76701361088871,
            "hypercube": 34.58767013610889
        },
        "0.7": {
            "0": 46.036829463570854,
            "1": 51.80144115292234,
            "hypercube": 26.180944755804642
        },
        "0.8": {
            "0": 37.55004003202562,
            "1": 43.63490792634107,
            "hypercube": 19.855884707766215
        },
        "0.9": {
            "0": 25.62049639711769,
            "1": 28.662930344275424,
            "hypercube": 9.207365892714172
        }
    },
    "7": {
        "0.1": {
            "0": 95.03602882305844,
            "1": 93.83506805444355,