{
    "0": {
        "0.1": {
            "0": 94.88,
            "1": 94.8,
            "hypercube": 93.52000000000001
        },
        "0.2": {
            "0": 86.8,
            "1": 89.28,
            "hypercube": 80.64
        },
        "0.3": {
            "0": 78.96,
            "1": 82.64,
            "hypercube": 66.56
        },
        "0.4": {
            "0": 74.96000000000001,
            "1": 74.96000000000001,
            "hypercube": 55.84
        },
        "0.5": {
            "0": 65.03999999999999,
            "1": 66.08000000000001,
            "hypercube": 42.64
        },
        "0.6": {
            "0": 60.8,
            "1": 58.64,
            "hypercube": 34.88
        },
        "0.7": {
            "0": 52.559999999999995,
            "1": 50.63999999999999,
            "hypercube": 26.88
        },
        "0.8": {
            "0": 44.24,
            "1": 41.199999999999996,
            "hypercube": 19.12
        },
        "0.9": {
            "0": 29.12,
            "1": 29.2,
            "hypercube": 9.92
        }
    },
    "1": {
        "0.1": {
            "0": 93.84,
            "1": 94.96,
            "hypercube": 92.08
        },
        "0.2": {
            "0": 89.44,
            "1": 88.24,
            "hypercube": 81.6
        },
        "0.3": {
            "0": 84.0,
            "1": 82.08,
            "hypercube": 70.8
        },
        "0.4": {
            "0": 77.44,
            "1": 73.52,
            "hypercube": 56.879999999999995
        },
        "0.5": {
            "0": 70.16,
            "1": 65.36,
            "hypercube": 44.72
        },
        "0.6": {
            "0": 63.2,
            "1": 59.040000000000006,
            "hypercube": 35.28
        },
        "0.7": {
            "0": 54.32,
            "1": 51.2,
            "hypercube": 25.6
        },
        "0.8": {
            "0": 46.48,
            "1": 40.88,
            "hypercube": 16.88
        },
        "0.9": {
            "0": 33.2,
            "1": 26.16,
            "hypercube": 8.4
        }
    },
    "2": {
        "0.1": {
            "0": 93.44,
            "1": 92.08,
            "hypercube": 90.24
        },
        "0.2": {
            "0": 85.84,
            "1": 85.52,
            "hypercube": 77.12
        },
        "0.3": {
            "0": 79.84,
            "1": 79.03999999999999,
            "hypercube": 64.88000000000001
        },
        "0.4": {
            "0": 72.0,
            "1": 72.88,
            "hypercube": 53.44
        },
        "0.5": {
            "0": 64.32,
            "1": 65.75999999999999,
            "hypercube": 43.84
        },
        "0.6": {
            "0": 55.84,
            "1": 60.480000000000004,
            "hypercube": 36.88
        },
        "0.7": {
            "0": 46.96,
            "1": 52.800000000000004,
            "hypercube": 28.799999999999997
        },
        "0.8": {
            "0": 39.76,
            "1": 43.04,
            "hypercube": 20.880000000000003
        },
        "0.9": {
            "0": 25.759999999999998,
            "1": 30.240000000000002,
            "hypercube": 9.92
        }
    },
    "3": {
        "0.1": {
            "0": 95.76,
            "1": 94.64,
            "hypercube": 92.72
        },
        "0.2": {
            "0": 90.0,
            "1": 88.4,
            "hypercube": 81.52000000000001
        },
        "0.3": {
            "0": 84.39999999999999,
            "1": 82.96,
            "hypercube": 70.96000000000001
        },
        "0.4": {
            "0": 78.24,
            "1": 75.84,
            "hypercube": 58.64
        },
        "0.5": {
            "0": 72.24000000000001,
            "1": 68.16,
            "hypercube": 48.559999999999995
        },
        "0.6": {
            "0": 63.75999999999999,
            "1": 58.8,
            "hypercube": 36.480000000000004
        },
        "0.7": {
            "0": 52.88,
            "1": 49.68,
            "hypercube": 24.32
        },
        "0.8": {
            "0": 42.559999999999995,
            "1": 40.08,
            "hypercube": 15.2
        },
        "0.9": {
            "0": 27.04,
            "1": 27.36,
            "hypercube": 7.199999999999999
        }
    },
    "4": {
        "0.1": {
            "0": 94.39999999999999,
            "1": 94.72,
            "hypercube": 93.04
        },
        "0.2": {
            "0": 89.12,
            "1": 88.56,
            "hypercube": 82.8
        },
        "0.3": {
            "0": 82.39999999999999,
            "1": 82.0,
            "hypercube": 69.76
        },
        "0.4": {
            "0": 76.48,
            "1": 75.36,
            "hypercube": 58.08
        },
        "0.5": {
            "0": 68.72,
            "1": 68.4,
            "hypercube": 46.160000000000004
        },
        "0.6": {
            "0": 60.4,
            "1": 61.12,
            "hypercube": 34.96
        },
        "0.7": {
            "0": 52.32,
            "1": 54.32,
            "hypercube": 25.36
        },
        "0.8": {
            "0": 44.56,
            "1": 43.6,
            "hypercube": 17.2
        },
        "0.9": {
            "0": 28.16,
            "1": 28.000000000000004,
            "hypercube": 7.28
        }
    },
    "5": {
        "0.1": {
            "0": 94.39551641313051,
            "1": 94.79583666933547,
            "hypercube": 92.87429943955165
        },
        "0.2": {
            "0": 89.11128903122498,
            "1": 89.27141713370696,
            "hypercube": 83.18654923939151
        },
        "0.3": {
            "0": 83.42674139311448,
            "1": 81.82546036829463,
            "hypercube": 70.61649319455564
        },
        "0.4": {
            "0": 77.58206565252202,
            "1": 76.38110488390713,
            "hypercube": 59.80784627702162
        },
        "0.5": {
            "0": 69.49559647718175,
            "1": 67.8142514011209,
            "hypercube": 47.63811048839071
        },
        "0.6": {
            "0": 60.92874299439551,
            "1": 61.1689351481185,
            "hypercube": 37.389911929543636
        },
        "0.7": {
            "0": 53.64291433146518,
            "1": 51.24099279423538,
            "hypercube": 27.622097678142516
        },
        "0.8": {
            "0": 42.99439551641313,
            "1": 40.27221777421938,
            "hypercube": 18.254603682946357
        },
        "0.9": {
            "0": 28.262610088070456,
            "1": 29.143314651721376,
            "hypercube": 9.047237790232186
        }
    },
    "6": {
        "0.1": {
            "0": 91.43314651721377,
            "1": 94.71577261809448,
            "hypercube": 89.9919935948759
        },
        "0.2": {
            "0": 84.14731785428343,
            "1": 90.79263410728583,
            "hypercube": 79.50360288230584
        },
        "0.3": {
            "0": 79.42353883106486,
            "1": 83.66693354683747,
            "hypercube": 68.45476381104884
        },
        "0.4": {
            "0": 72.61809447558046,
            "1": 75.5804643714972,
            "hypercube": 54.68374699759808
        },
        "0.5": {
            "0": 65.81265012009607,
            "1": 69.9759807846277,
            "hypercube": 45.07606084867894
        },
        "0.6": {
            "0": 57.485988791032824,
            "1": 60.68855084067254,
            "hypercube": 33.066453162530024
        },
        "0.7": {
            "0": 47.31785428342674,
            "1": 52.041633306645316,
            "hypercube": 23.939151321056844
        },
        "0.8": {
            "0": 39.79183346677342,
            "1": 42.75420336269015,
            "hypercube": 16.97357886309047
        },
        "0.9": {
            "0": 25.14011208967174,
            "1": 29.143314651721376,
            "hypercube": 8.8871096877502
        }
    },
    "7": {
        "0.1": {
            "0": 94.95596477181746,
            "1": 93.35468374699761,