{
    "0": {
        "0.1": {
            "0": 94.48,
            "1": 94.48,
            "hypercube": 92.24
        },
        "0.2": {
            "0": 86.88,
            "1": 88.48,
            "hypercube": 80.16
        },
        "0.3": {
            "0": 80.88,
            "1": 83.12,
            "hypercube": 70.56
        },
        "0.4": {
            "0": 76.32,
            "1": 76.0,
            "hypercube": 61.36000000000001
        },
        "0.5": {
            "0": 70.16,
            "1": 68.47999999999999,
            "hypercube": 50.88
        },
        "0.6": {
            "0": 60.8,
            "1": 62.239999999999995,
            "hypercube": 40.160000000000004
        },
        "0.7": {
            "0": 51.35999999999999,
            "1": 54.16,
            "hypercube": 29.68
        },
        "0.8": {
            "0": 41.36,
            "1": 42.480000000000004,
            "hypercube": 19.439999999999998
        },
        "0.9": {
            "0": 28.48,
            "1": 26.72,
            "hypercube": 8.88
        }
    },
    "1": {
        "0.1": {
            "0": 93.60000000000001,
            "1": 93.92,
            "hypercube": 90.8
        },
        "0.2": {
            "0": 88.32,
            "1": 87.83999999999999,
            "hypercube": 80.80000000000001
        },
        "0.3": {
            "0": 80.80000000000001,
            "1": 82.39999999999999,
            "hypercube": 69.44
        },
        "0.4": {
            "0": 75.12,
            "1": 74.08,
            "hypercube": 58.32000000000001
        },
        "0.5": {
            "0": 69.76,
            "1": 68.08,
            "hypercube": 50.080000000000005
        },
        "0.6": {
            "0": 61.28,
            "1": 59.199999999999996,
            "hypercube": 38.72
        },
        "0.7": {
            "0": 51.68000000000001,
            "1": 51.6,
            "hypercube": 28.720000000000002
        },
        "0.8": {
            "0": 42.0,
            "1": 40.0,
            "hypercube": 19.36
        },
        "0.9": {
            "0": 28.560000000000002,
            "1": 27.76,
            "hypercube": 9.76
        }
    },
    "2": {
        "0.1": {
            "0": 93.04,
            "1": 92.32000000000001,
            "hypercube": 89.36
        },
        "0.2": {
            "0": 87.68,
            "1": 87.28,
            "hypercube": 80.0
        },
        "0.3": {
            "0": 82.8,
            "1": 81.36,
            "hypercube": 70.72
        },
        "0.4": {
            "0": 76.32,
            "1": 75.52,
            "hypercube": 60.31999999999999
        },
        "0.5": {
            "0": 68.0,
            "1": 66.96,
            "hypercube": 47.68
        },
        "0.6": {
            "0": 59.760000000000005,
            "1": 57.28,
            "hypercube": 36.96
        },
        "0.7": {
            "0": 52.480000000000004,
            "1": 50.160000000000004,
            "hypercube": 29.04
        },
        "0.8": {
            "0": 39.76,
            "1": 39.36,
            "hypercube": 18.96
        },
        "0.9": {
            "0": 29.599999999999998,
            "1": 26.56,
            "hypercube": 9.2
        }
    },
    "3": {
        "0.1": {
            "0": 94.64,
            "1": 94.0,
            "hypercube": 90.8
        },
        "0.2": {
            "0": 89.28,
            "1": 89.92,
            "hypercube": 82.48
        },
        "0.3": {
            "0": 82.96,
            "1": 81.92,
            "hypercube": 70.48
        },
        "0.4": {
            "0": 76.48,
            "1": 74.16,
            "hypercube": 58.720000000000006
        },
        "0.5": {
            "0": 67.44,
            "1": 67.52,
            "hypercube": 46.96
        },
        "0.6": {
            "0": 59.599999999999994,
            "1": 58.64,
            "hypercube": 36.16
        },
        "0.7": {
            "0": 49.919999999999995,
            "1": 49.84,
            "hypercube": 25.36
        },
        "0.8": {
            "0": 38.32,
            "1": 38.32,
            "hypercube": 16.16
        },
        "0.9": {
            "0": 27.6,
            "1": 24.32,
            "hypercube": 7.359999999999999
        }
    },
    "4": {
        "0.1": {
            "0": 95.12,
            "1": 94.24,
            "hypercube": 92.47999999999999
        },
        "0.2": {
            "0": 89.03999999999999,
            "1": 89.2,
            "hypercube": 82.8
        },
        "0.3": {
            "0": 83.91999999999999,
            "1": 81.2,
            "hypercube": 70.96000000000001
        },
        "0.4": {
            "0": 76.72,
            "1": 75.03999999999999,
            "hypercube": 60.480000000000004
        },
        "0.5": {
            "0": 70.32000000000001,
            "1": 67.60000000000001,
            "hypercube": 50.239999999999995
        },
        "0.6": {
            "0": 63.519999999999996,
            "1": 58.64,
            "hypercube": 39.2
        },
        "0.7": {
            "0": 53.839999999999996,
            "1": 50.0,
            "hypercube": 28.16
        },
        "0.8": {
            "0": 44.48,
            "1": 39.92,
            "hypercube": 18.56
        },
        "0.9": {
            "0": 30.080000000000002,
            "1": 27.52,
            "hypercube": 9.04
        }
    },
    "5": {
        "0.1": {
            "0": 93.83506805444355,
            "1": 94.23538831064852,
            "hypercube": 91.51321056845477
        },
        "0.2": {
            "0": 88.871096877502,
            "1": 88.63090472377903,
            "hypercube": 82.62610088070457
        },
        "0.3": {
            "0": 81.98558847077662,
            "1": 81.98558847077662,
            "hypercube": 71.0968775020016
        },
        "0.4": {
            "0": 75.34027221777421,
            "1": 75.02001601281026,
            "hypercube": 60.28823058446757
        },
        "0.5": {
            "0": 68.05444355484389,
            "1": 66.85348278622898,
            "hypercube": 48.35868694955965
        },
        "0.6": {
            "0": 58.28662930344275,
            "1": 59.40752602081665,
            "hypercube": 36.6693354683747
        },
        "0.7": {
            "0": 49.879903923138514,
            "1": 50.120096076861486,
            "hypercube": 26.661329063250598
        },
        "0.8": {
            "0": 39.79183346677342,
            "1": 41.47317854283427,
            "hypercube": 18.254603682946357
        },
        "0.9": {
            "0": 28.102481985588472,
            "1": 30.26421136909528,
            "hypercube": 8.646917534027223
        }
    },
    "6": {
        "0.1": {
            "0": 91.83346677341873,
            "1": 94.4755804643715,
            "hypercube": 89.91192954363491
        },
        "0.2": {
            "0": 85.10808646917533,
            "1": 90.87269815852682,
            "hypercube": 80.78462770216173
        },
        "0.3": {
            "0": 78.38270616493195,
            "1": 82.2257806244996,
            "hypercube": 67.33386709367494
        },
        "0.4": {
            "0": 70.53642914331465,
            "1": 74.93995196156925,
            "hypercube": 55.72457966373099
        },
        "0.5": {
            "0": 63.3306645316253,
            "1": 66.21297037630104,
            "hypercube": 44.35548438751001
        },
        "0.6": {
            "0": 54.4435548438751,
            "1": 56.6853482786229,
            "hypercube": 34.02722177742194
        },
        "0.7": {
            "0": 45.39631705364292,
            "1": 50.28022417934348,
            "hypercube": 26.020816653322658
        },
        "0.8": {
            "0": 38.35068054443555,
            "1": 40.27221777421938,
            "hypercube": 18.815052041633308
        },
        "0.9": {
            "0": 25.86068855084067,
            "1": 27.301841473178545,
            "hypercube": 9.127301841473178
        }
    },