{
    "0": {
        "0.1": {
            "0": 93.12,
            "1": 92.72,
            "hypercube": 90.08
        },
        "0.2": {
            "0": 86.0,
            "1": 88.24,
            "hypercube": 78.8
        },
        "0.3": {
            "0": 78.96,
            "1": 82.64,
            "hypercube": 66.56
        },
        "0.4": {
            "0": 75.6,
            "1": 76.16000000000001,
            "hypercube": 57.599999999999994
        },
        "0.5": {
            "0": 69.84,
            "1": 70.32000000000001,
            "hypercube": 48.32
        },
        "0.6": {
            "0": 62.480000000000004,
            "1": 61.44,
            "hypercube": 37.92
        },
        "0.7": {
            "0": 56.16,
            "1": 55.44,
            "hypercube": 30.72
        },
        "0.8": {
            "0": 46.64,
            "1": 42.96,
            "hypercube": 20.4
        },
        "0.9": {
            "0": 33.2,
            "1": 32.08,
            "hypercube": 11.04
        }
    },
    "1": {
        "0.1": {
            "0": 93.12,
            "1": 94.16,
            "hypercube": 90.64
        },
        "0.2": {
            "0": 88.16000000000001,
            "1": 86.88,
            "hypercube": 79.12
        },
        "0.3": {
            "0": 83.67999999999999,
            "1": 81.92,
            "hypercube": 70.32000000000001
        },
        "0.4": {
            "0": 77.84,
            "1": 75.76,
            "hypercube": 59.199999999999996
        },
        "0.5": {
            "0": 71.76,
            "1": 67.84,
            "hypercube": 47.839999999999996
        },
        "0.6": {
            "0": 65.84,
            "1": 60.88,
            "hypercube": 38.56
        },
        "0.7": {
            "0": 58.32000000000001,
            "1": 54.24,
            "hypercube": 29.599999999999998
        },
        "0.8": {
            "0": 51.12,
            "1": 45.839999999999996,
            "hypercube": 21.04
        },
        "0.9": {
            "0": 37.68,
            "1": 30.959999999999997,
            "hypercube": 10.8
        }
    },
    "2": {
        "0.1": {
            "0": 91.60000000000001,
            "1": 91.12,
            "hypercube": 88.0
        },
        "0.2": {
            "0": 85.11999999999999,
            "1": 84.88,
            "hypercube": 75.76
        },
        "0.3": {
            "0": 80.47999999999999,
            "1": 80.24,
            "hypercube": 66.72
        },
        "0.4": {
            "0": 73.83999999999999,
            "1": 74.56,
            "hypercube": 56.24
        },
        "0.5": {
            "0": 67.36,
            "1": 67.04,
            "hypercube": 46.400000000000006
        },
        "0.6": {
            "0": 56.96,
            "1": 61.36000000000001,
            "hypercube": 37.68
        },
        "0.7": {
            "0": 48.32,
            "1": 53.36,
            "hypercube": 29.360000000000003
        },
        "0.8": {
            "0": 40.0,
            "1": 43.76,
            "hypercube": 21.36
        },
        "0.9": {
            "0": 26.240000000000002,
            "1": 30.64,
            "hypercube": 10.08
        }
    },
    "3": {
        "0.1": {
            "0": 94.24,
            "1": 93.60000000000001,
            "hypercube": 90.48
        },
        "0.2": {
            "0": 89.52,
            "1": 87.83999999999999,
            "hypercube": 80.47999999999999
        },
        "0.3": {
            "0": 85.04,
            "1": 82.96,
            "hypercube": 71.6
        },
        "0.4": {
            "0": 79.2,
            "1": 77.12,
            "hypercube": 60.72
        },
        "0.5": {
            "0": 72.88,
            "1": 69.52000000000001,
            "hypercube": 49.919999999999995
        },
        "0.6": {
            "0": 66.0,
            "1": 61.68,
            "hypercube": 39.92
        },
        "0.7": {
            "0": 56.32,
            "1": 53.04,
            "hypercube": 28.799999999999997
        },
        "0.8": {
            "0": 47.68,
            "1": 43.2,
            "hypercube": 18.32
        },
        "0.9": {
            "0": 28.720000000000002,
            "1": 29.520000000000003,
            "hypercube": 8.24
        }
    },
    "4": {
        "0.1": {
            "0": 93.04,
            "1": 92.4,
            "hypercube": 89.92
        },
        "0.2": {
            "0": 88.56,
            "1": 87.2,
            "hypercube": 80.96
        },
        "0.3": {
            "0": 82.39999999999999,
            "1": 82.0,
            "hypercube": 69.76
        },
        "0.4": {
            "0": 77.36,
            "1": 76.16000000000001,
            "hypercube": 59.599999999999994
        },
        "0.5": {
            "0": 70.64,
            "1": 69.84,
            "hypercube": 49.2
        },
        "0.6": {
            "0": 63.75999999999999,
            "1": 64.08,
            "hypercube": 39.519999999999996
        },
        "0.7": {
            "0": 55.44,
            "1": 56.96,
            "hypercube": 28.64
        },
        "0.8": {
            "0": 47.68,
            "1": 48.32,
            "hypercube": 20.080000000000002
        },
        "0.9": {
            "0": 31.44,
            "1": 31.52,
            "hypercube": 8.32
        }
    },
    "5": {
        "0.1": {
            "0": 93.03442754203363,
            "1": 93.75500400320256,
            "hypercube": 91.11289031224979
        },
        "0.2": {
            "0": 88.47077662129705,
            "1": 87.9103282626101,
            "hypercube": 81.26501200960769
        },
        "0.3": {
            "0": 83.42674139311448,
            "1": 81.82546036829463,
            "hypercube": 70.61649319455564
        },
        "0.4": {
            "0": 78.06244995996798,
            "1": 76.78142514011209,
            "hypercube": 60.608486789431545
        },
        "0.5": {
            "0": 71.81745396317054,
            "1": 70.53642914331465,
            "hypercube": 51.00080064051241
        },
        "0.6": {
            "0": 62.61008807045636,
            "1": 63.01040832666133,
            "hypercube": 39.95196156925541
        },
        "0.7": {
            "0": 56.6052842273819,
            "1": 53.322658126501196,
            "hypercube": 30.184147317854283
        },
        "0.8": {
            "0": 46.437149719775825,
            "1": 42.594075260208164,
            "hypercube": 20.336269015212167
        },
        "0.9": {
            "0": 28.903122497998403,
            "1": 29.86389111289031,
            "hypercube": 9.367493995196156
        }
    },
    "6": {
        "0.1": {
            "0": 89.83186549239392,
            "1": 93.91513210568455,
            "hypercube": 87.9103282626101
        },
        "0.2": {
            "0": 83.42674139311448,
            "1": 89.35148118494796,
            "hypercube": 77.42193755004003
        },
        "0.3": {
            "0": 79.50360288230584,
            "1": 84.54763811048839,
            "hypercube": 69.33546837469976
        },
        "0.4": {
            "0": 73.49879903923139,
            "1": 77.34187349879905,
            "hypercube": 57.08566853482786
        },
        "0.5": {
            "0": 67.33386709367494,
            "1": 71.81745396317054,
            "hypercube": 47.31785428342674
        },
        "0.6": {
            "0": 60.608486789431545,
            "1": 63.730984787830266,
            "hypercube": 37.229783827061645
        },
        "0.7": {
            "0": 51.00080064051241,
            "1": 56.204963971176944,
            "hypercube": 27.061649319455565
        },
        "0.8": {
            "0": 41.95356285028022,
            "1": 46.036829463570854,
            "hypercube": 19.21537229783827
        },
        "0.9": {
            "0": 26.020816653322658,
            "1": 30.66453162530024,
            "hypercube": 9.76781425140112
        }
    },