{
    "0": {
        "0.05131670194948623": {
            "0": 95.36,
            "1": 94.56,
            "hypercube": 92.80000000000001
        },
        "0.10557280900008414": {
            "0": 88.16000000000001,
            "1": 89.28,
            "hypercube": 81.92
        },
        "0.16333997346592444": {
            "0": 82.0,
            "1": 85.76,
            "hypercube": 73.52
        },
        "0.2254033307585166": {
            "0": 78.08,
            "1": 77.84,
            "hypercube": 64.0
        },
        "0.2928932188134524": {
            "0": 72.88,
            "1": 70.56,
            "hypercube": 54.32
        },
        "0.3675444679663241": {
            "0": 65.44,
            "1": 65.28,
            "hypercube": 45.440000000000005
        },
        "0.4522774424948338": {
            "0": 54.800000000000004,
            "1": 56.96,
            "hypercube": 33.040000000000006
        },
        "0.5527864045000421": {
            "0": 45.76,
            "1": 47.199999999999996,
            "hypercube": 23.200000000000003
        },
        "0.6837722339831621": {
            "0": 32.32,
            "1": 32.24,
            "hypercube": 12.4
        }
    },
    "1": {
        "0.05131670194948623": {
            "0": 94.39999999999999,
            "1": 94.56,
            "hypercube": 91.84
        },
        "0.10557280900008414": {
            "0": 89.28,
            "1": 89.28,
            "hypercube": 82.88
        },
        "0.16333997346592444": {
            "0": 82.96,
            "1": 83.76,
            "hypercube": 72.48
        },
        "0.2254033307585166": {
            "0": 77.52,
            "1": 77.28,
            "hypercube": 62.8
        },
        "0.2928932188134524": {
            "0": 72.08,
            "1": 69.76,
            "hypercube": 52.72
        },
        "0.3675444679663241": {
            "0": 64.56,
            "1": 63.36000000000001,
            "hypercube": 43.2
        },
        "0.4522774424948338": {
            "0": 56.720000000000006,
            "1": 54.96,
            "hypercube": 33.2
        },
        "0.5527864045000421": {
            "0": 45.839999999999996,
            "1": 43.28,
            "hypercube": 22.32
        },
        "0.6837722339831621": {
            "0": 33.76,
            "1": 31.44,
            "hypercube": 12.72
        }
    },
    "2": {
        "0.05131670194948623": {
            "0": 94.08,
            "1": 93.28,
            "hypercube": 90.96
        },
        "0.10557280900008414": {
            "0": 88.0,
            "1": 87.68,
            "hypercube": 80.72
        },
        "0.16333997346592444": {
            "0": 83.91999999999999,
            "1": 82.72,
            "hypercube": 72.96000000000001
        },
        "0.2254033307585166": {
            "0": 78.56,
            "1": 76.48,
            "hypercube": 62.96000000000001
        },
        "0.2928932188134524": {
            "0": 70.32000000000001,
            "1": 70.0,
            "hypercube": 52.080000000000005
        },
        "0.3675444679663241": {
            "0": 63.12,
            "1": 61.44,
            "hypercube": 41.04
        },
        "0.4522774424948338": {
            "0": 54.800000000000004,
            "1": 52.88,
            "hypercube": 31.28
        },
        "0.5527864045000421": {
            "0": 44.56,
            "1": 43.76,
            "hypercube": 22.96
        },
        "0.6837722339831621": {
            "0": 33.28,
            "1": 30.72,
            "hypercube": 12.72
        }
    },
    "3": {
        "0.05131670194948623": {
            "0": 95.67999999999999,
            "1": 94.39999999999999,
            "hypercube": 92.0
        },
        "0.10557280900008414": {
            "0": 90.08,
            "1": 90.4,
            "hypercube": 83.52000000000001
        },
        "0.16333997346592444": {
            "0": 84.56,
            "1": 83.67999999999999,
            "hypercube": 72.96000000000001
        },
        "0.2254033307585166": {
            "0": 78.08,
            "1": 76.55999999999999,
            "hypercube": 62.08
        },
        "0.2928932188134524": {
            "0": 70.56,
            "1": 69.04,
            "hypercube": 50.080000000000005
        },
        "0.3675444679663241": {
            "0": 62.8,
            "1": 62.72,
            "hypercube": 40.48
        },
        "0.4522774424948338": {
            "0": 52.88,
            "1": 51.92,
            "hypercube": 28.4
        },
        "0.5527864045000421": {
            "0": 42.08,
            "1": 42.8,
            "hypercube": 19.36
        },
        "0.6837722339831621": {
            "0": 30.240000000000002,
            "1": 28.32,
            "hypercube": 9.36
        }
    },
    "4": {
        "0.05131670194948623": {
            "0": 95.28,
            "1": 95.28,
            "hypercube": 93.60000000000001
        },
        "0.10557280900008414": {
            "0": 90.0,
            "1": 91.03999999999999,
            "hypercube": 85.52
        },
        "0.16333997346592444": {
            "0": 85.2,
            "1": 83.28,
            "hypercube": 73.83999999999999
        },
        "0.2254033307585166": {
            "0": 78.48,
            "1": 77.68,
            "hypercube": 64.08
        },
        "0.2928932188134524": {
            "0": 73.04,
            "1": 71.04,
            "hypercube": 54.72
        },
        "0.3675444679663241": {
            "0": 66.08000000000001,
            "1": 61.68,
            "hypercube": 42.72
        },
        "0.4522774424948338": {
            "0": 57.68,
            "1": 54.0,
            "hypercube": 32.879999999999995
        },
        "0.5527864045000421": {
            "0": 48.88,
            "1": 44.4,
            "hypercube": 22.24
        },
        "0.6837722339831621": {
            "0": 34.56,
            "1": 31.36,
            "hypercube": 11.04
        }
    },
    "5": {
        "0.05131670194948623": {
            "0": 94.55564451561249,
            "1": 95.19615692554044,
            "hypercube": 92.63410728582866
        },
        "0.10557280900008414": {
            "0": 89.91192954363491,
            "1": 89.67173738991193,
            "hypercube": 84.54763811048839
        },
        "0.16333997346592444": {
            "0": 84.30744595676542,
            "1": 84.86789431545236,
            "hypercube": 75.42033626901521
        },
        "0.2254033307585166": {
            "0": 78.78302642113691,
            "1": 77.90232185748599,
            "hypercube": 64.5316253002402
        },
        "0.2928932188134524": {
            "0": 71.41713370696557,
            "1": 69.73578863090472,
            "hypercube": 52.44195356285029
        },
        "0.3675444679663241": {
            "0": 62.85028022417934,
            "1": 63.01040832666133,
            "hypercube": 42.11369095276221
        },
        "0.4522774424948338": {
            "0": 52.522017614091276,
            "1": 54.203362690152126,
            "hypercube": 30.34427542033627
        },
        "0.5527864045000421": {
            "0": 43.63490792634107,
            "1": 45.236188951160926,
            "hypercube": 21.537229783827062
        },
        "0.6837722339831621": {
            "0": 31.865492393915133,
            "1": 33.62690152121697,
            "hypercube": 11.76941553242594
        }
    },
    "6": {
        "0.05131670194948623": {
            "0": 92.87429943955165,
            "1": 95.03602882305844,
            "hypercube": 90.87269815852682
        },
        "0.10557280900008414": {
            "0": 86.94955964771817,
            "1": 91.43314651721377,
            "hypercube": 83.10648518815053
        },
        "0.16333997346592444": {
            "0": 80.94475580464372,
            "1": 85.26821457165732,
            "hypercube": 72.2978382706165
        },
        "0.2254033307585166": {
            "0": 73.73899119295436,
            "1": 77.822257806245,