{
    "0": {
        "0.05131670194948623": {
            "0": 95.12,
            "1": 94.88,
            "hypercube": 93.76
        },
        "0.10557280900008414": {
            "0": 88.0,
            "1": 89.84,
            "hypercube": 82.39999999999999
        },
        "0.16333997346592444": {
            "0": 81.28,
            "1": 85.04,
            "hypercube": 71.12
        },
        "0.2254033307585166": {
            "0": 76.08,
            "1": 76.64,
            "hypercube": 58.56
        },
        "0.2928932188134524": {
            "0": 68.47999999999999,
            "1": 69.67999999999999,
            "hypercube": 46.800000000000004
        },
        "0.3675444679663241": {
            "0": 62.08,
            "1": 60.96,
            "hypercube": 37.2
        },
        "0.4522774424948338": {
            "0": 55.2,
            "1": 54.08,
            "hypercube": 29.360000000000003
        },
        "0.5527864045000421": {
            "0": 46.800000000000004,
            "1": 43.68,
            "hypercube": 20.8
        },
        "0.6837722339831621": {
            "0": 32.08,
            "1": 31.840000000000003,
            "hypercube": 10.96
        }
    },
    "1": {
        "0.05131670194948623": {
            "0": 94.24,
            "1": 95.04,
            "hypercube": 92.56
        },
        "0.10557280900008414": {
            "0": 89.68,
            "1": 89.44,
            "hypercube": 83.04
        },
        "0.16333997346592444": {
            "0": 85.11999999999999,
            "1": 83.28,
            "hypercube": 73.04
        },
        "0.2254033307585166": {
            "0": 77.92,
            "1": 76.08,
            "hypercube": 59.440000000000005
        },
        "0.2928932188134524": {
            "0": 71.67999999999999,
            "1": 67.2,
            "hypercube": 47.199999999999996
        },
        "0.3675444679663241": {
            "0": 65.28,
            "1": 60.56,
            "hypercube": 37.84
        },
        "0.4522774424948338": {
            "0": 56.08,
            "1": 52.64,
            "hypercube": 27.36
        },
        "0.5527864045000421": {
            "0": 47.839999999999996,
            "1": 43.519999999999996,
            "hypercube": 18.240000000000002
        },
        "0.6837722339831621": {
            "0": 34.72,
            "1": 27.839999999999996,
            "hypercube": 9.2
        }
    },
    "2": {
        "0.05131670194948623": {
            "0": 93.67999999999999,
            "1": 92.88,
            "hypercube": 91.12
        },
        "0.10557280900008414": {
            "0": 86.72,
            "1": 86.08,
            "hypercube": 78.56
        },
        "0.16333997346592444": {
            "0": 81.36,
            "1": 80.88,
            "hypercube": 68.16
        },
        "0.2254033307585166": {
            "0": 74.0,
            "1": 74.8,
            "hypercube": 56.48
        },
        "0.2928932188134524": {
            "0": 67.60000000000001,
            "1": 67.44,
            "hypercube": 46.48
        },
        "0.3675444679663241": {
            "0": 58.8,
            "1": 62.56,
            "hypercube": 39.76
        },
        "0.4522774424948338": {
            "0": 50.480000000000004,
            "1": 55.04,
            "hypercube": 30.72
        },
        "0.5527864045000421": {
            "0": 42.32,
            "1": 46.88,
            "hypercube": 24.0
        },
        "0.6837722339831621": {
            "0": 29.2,
            "1": 33.68,
            "hypercube": 12.24
        }
    },
    "3": {
        "0.05131670194948623": {
            "0": 96.08,
            "1": 95.04,
            "hypercube": 93.28
        },
        "0.10557280900008414": {
            "0": 90.96,
            "1": 89.36,
            "hypercube": 83.36
        },
        "0.16333997346592444": {
            "0": 85.2,
            "1": 83.52000000000001,
            "hypercube": 72.32
        },
        "0.2254033307585166": {
            "0": 80.0,
            "1": 77.92,
            "hypercube": 62.08
        },
        "0.2928932188134524": {
            "0": 73.76,
            "1": 70.32000000000001,
            "hypercube": 50.88
        },
        "0.3675444679663241": {
            "0": 66.32000000000001,
            "1": 61.68,
            "hypercube": 40.160000000000004
        },
        "0.4522774424948338": {
            "0": 56.32,
            "1": 53.04,
            "hypercube": 28.799999999999997
        },
        "0.5527864045000421": {
            "0": 46.160000000000004,
            "1": 41.839999999999996,
            "hypercube": 17.04
        },
        "0.6837722339831621": {
            "0": 29.92,
            "1": 30.72,
            "hypercube": 9.04
        }
    },
    "4": {
        "0.05131670194948623": {
            "0": 95.04,
            "1": 95.28,
            "hypercube": 93.76
        },
        "0.10557280900008414": {
            "0": 90.08,
            "1": 89.44,
            "hypercube": 84.56
        },
        "0.16333997346592444": {
            "0": 83.36,
            "1": 83.44,
            "hypercube": 72.16
        },
        "0.2254033307585166": {
            "0": 77.68,
            "1": 76.72,
            "hypercube": 60.480000000000004
        },
        "0.2928932188134524": {
            "0": 70.39999999999999,
            "1": 69.76,
            "hypercube": 48.88
        },
        "0.3675444679663241": {
            "0": 62.480000000000004,
            "1": 63.519999999999996,
            "hypercube": 38.080000000000005
        },
        "0.4522774424948338": {
            "0": 54.08,
            "1": 55.76,
            "hypercube": 27.200000000000003
        },
        "0.5527864045000421": {
            "0": 46.32,
            "1": 46.0,
            "hypercube": 19.040000000000003
        },
        "0.6837722339831621": {
            "0": 31.2,
            "1": 31.04,
            "hypercube": 8.32
        }
    },
    "5": {
        "0.05131670194948623": {
            "0": 94.95596477181746,
            "1": 95.19615692554044,
            "hypercube": 93.59487590072058
        },
        "0.10557280900008414": {
            "0": 89.83186549239392,
            "1": 90.39231385108086,
            "hypercube": 84.94795836669336
        },
        "0.16333997346592444": {
            "0": 85.34827862289832,
            "1": 83.3466773418735,
            "hypercube": 73.65892714171338
        },
        "0.2254033307585166": {
            "0": 78.62289831865492,
            "1": 77.90232185748599,
            "hypercube": 62.289831865492395
        },
        "0.2928932188134524": {
            "0": 71.81745396317054,
            "1": 70.77662129703764,
            "hypercube": 51.080864691753405
        },
        "0.3675444679663241": {
            "0": 62.61008807045636,
            "1": 63.01040832666133,
            "hypercube": 39.95196156925541
        },
        "0.4522774424948338": {
            "0": 55.88470776621297,
            "1": 53.322658126501196,
            "hypercube": 29.86389111289031
        },
        "0.5527864045000421": {
            "0": 47.23779023218575,
            "1": 43.15452361889512,
            "hypercube": 20.97678142514011
        },
        "0.6837722339831621": {
            "0": 31.785428342674138,
            "1": 32.506004803843076,
            "hypercube": 11.048839071257005
        }
    },
    "6": {
        "0.05131670194948623": {
            "0": 93.67493995196156,
            "1": 95.43634907926342,
            "hypercube": 92.71417133706964
        },
        "0.10557280900008414": {
            "0": 86.14891913530825,
            "1": 91.43314651721377,
            "hypercube": 82.06565252201761
        },
        "0.16333997346592444": {
            "0": 80.70456365092073,
            "1": 85.26821457165732,
            "hypercube": 71.17694155324259
        },
        "0.2254033307585166": {
            "0": 74.13931144915932,