{
    "0": {
        "0.1": {
            "0": 92.72,
            "1": 93.52000000000001,
            "hypercube": 89.75999999999999
        },
        "0.2": {
            "0": 86.4,
            "1": 88.16000000000001,
            "hypercube": 79.44
        },
        "0.3": {
            "0": 80.88,
            "1": 83.12,
            "hypercube": 70.56
        },
        "0.4": {
            "0": 76.55999999999999,
            "1": 76.64,
            "hypercube": 62.0
        },
        "0.5": {
            "0": 71.12,
            "1": 69.67999999999999,
            "hypercube": 52.400000000000006
        },
        "0.6": {
            "0": 64.16,
            "1": 64.24,
            "hypercube": 43.76
        },
        "0.7": {
            "0": 53.28000000000001,
            "1": 56.16,
            "hypercube": 31.680000000000003
        },
        "0.8": {
            "0": 43.76,
            "1": 44.24,
            "hypercube": 21.279999999999998
        },
        "0.9": {
            "0": 31.119999999999997,
            "1": 29.2,
            "hypercube": 10.24
        }
    },
    "1": {
        "0.1": {
            "0": 93.12,
            "1": 93.2,
            "hypercube": 89.60000000000001
        },
        "0.2": {
            "0": 87.83999999999999,
            "1": 87.68,
            "hypercube": 80.32000000000001
        },
        "0.3": {
            "0": 80.80000000000001,
            "1": 82.39999999999999,
            "hypercube": 69.44
        },
        "0.4": {
            "0": 75.76,
            "1": 74.88,
            "hypercube": 59.36
        },
        "0.5": {
            "0": 70.32000000000001,
            "1": 68.4,
            "hypercube": 50.63999999999999
        },
        "0.6": {
            "0": 63.12,
            "1": 61.040000000000006,
            "hypercube": 40.8
        },
        "0.7": {
            "0": 54.08,
            "1": 53.28000000000001,
            "hypercube": 31.04
        },
        "0.8": {
            "0": 42.96,
            "1": 41.199999999999996,
            "hypercube": 20.560000000000002
        },
        "0.9": {
            "0": 31.44,
            "1": 29.439999999999998,
            "hypercube": 11.44
        }
    },
    "2": {
        "0.1": {
            "0": 90.8,
            "1": 91.2,
            "hypercube": 86.56
        },
        "0.2": {
            "0": 86.88,
            "1": 85.52,
            "hypercube": 77.84
        },
        "0.3": {
            "0": 82.8,
            "1": 81.36,
            "hypercube": 70.72
        },
        "0.4": {
            "0": 77.28,
            "1": 75.52,
            "hypercube": 61.040000000000006
        },
        "0.5": {
            "0": 69.04,
            "1": 67.36,
            "hypercube": 48.72
        },
        "0.6": {
            "0": 60.96,
            "1": 58.48,
            "hypercube": 37.92
        },
        "0.7": {
            "0": 53.92,
            "1": 51.76,
            "hypercube": 30.4
        },
        "0.8": {
            "0": 43.519999999999996,
            "1": 42.96,
            "hypercube": 22.0
        },
        "0.9": {
            "0": 31.680000000000003,
            "1": 28.000000000000004,
            "hypercube": 10.8
        }
    },
    "3": {
        "0.1": {
            "0": 93.12,
            "1": 93.67999999999999,
            "hypercube": 89.36
        },
        "0.2": {
            "0": 88.56,
            "1": 89.36,
            "hypercube": 81.44
        },
        "0.3": {
            "0": 82.0,
            "1": 80.4,
            "hypercube": 68.4
        },
        "0.4": {
            "0": 77.12,
            "1": 74.8,
            "hypercube": 59.760000000000005
        },
        "0.5": {
            "0": 67.75999999999999,
            "1": 68.08,
            "hypercube": 47.760000000000005
        },
        "0.6": {
            "0": 60.96,
            "1": 60.64000000000001,
            "hypercube": 38.16
        },
        "0.7": {
            "0": 52.32,
            "1": 51.35999999999999,
            "hypercube": 27.6
        },
        "0.8": {
            "0": 41.68,
            "1": 40.88,
            "hypercube": 18.4
        },
        "0.9": {
            "0": 28.96,
            "1": 25.52,
            "hypercube": 7.920000000000001
        }
    },
    "4": {
        "0.1": {
            "0": 94.24,
            "1": 93.60000000000001,
            "hypercube": 91.36
        },
        "0.2": {
            "0": 88.0,
            "1": 87.36,
            "hypercube": 80.0
        },
        "0.3": {
            "0": 83.91999999999999,
            "1": 81.2,
            "hypercube": 70.96000000000001
        },
        "0.4": {
            "0": 76.88000000000001,
            "1": 75.12,
            "hypercube": 60.64000000000001
        },
        "0.5": {
            "0": 71.2,
            "1": 68.88,
            "hypercube": 51.44
        },
        "0.6": {
            "0": 64.56,
            "1": 60.31999999999999,
            "hypercube": 40.8
        },
        "0.7": {
            "0": 55.84,
            "1": 51.92,
            "hypercube": 30.4
        },
        "0.8": {
            "0": 47.92,
            "1": 42.16,
            "hypercube": 20.4
        },
        "0.9": {
            "0": 32.72,
            "1": 29.68,
            "hypercube": 10.4
        }
    },
    "5": {
        "0.1": {
            "0": 93.1945556445156,
            "1": 93.51481184947959,
            "hypercube": 90.23218574859888
        },
        "0.2": {
            "0": 87.9103282626101,
            "1": 88.39071257005604,
            "hypercube": 81.98558847077662
        },
        "0.3": {
            "0": 81.90552441953562,
            "1": 81.66533226581265,
            "hypercube": 70.69655724579663
        },
        "0.4": {
            "0": 75.82065652522017,
            "1": 75.26020816653323,
            "hypercube": 60.848678943154525
        },
        "0.5": {
            "0": 69.09527622097679,
            "1": 67.8142514011209,
            "hypercube": 50.0400320256205
        },
        "0.6": {
            "0": 61.24899919935949,
            "1": 61.569255404323464,
            "hypercube": 40.0320256204964
        },
        "0.7": {
            "0": 51.00080064051241,
            "1": 52.68214571657326,
            "hypercube": 28.422738190552444
        },
        "0.8": {
            "0": 41.87349879903923,
            "1": 43.795036028823056,
            "hypercube": 19.695756605284227
        },
        "0.9": {
            "0": 30.34427542033627,
            "1": 32.506004803843076,
            "hypercube": 10.328262610088071
        }
    },
    "6": {
        "0.1": {
            "0": 91.03282626100881,
            "1": 94.39551641313051,
            "hypercube": 89.19135308246598
        },
        "0.2": {
            "0": 84.70776621297038,
            "1": 90.63250600480384,
            "hypercube": 80.22417934347477
        },
        "0.3": {
            "0": 78.38270616493195,
            "1": 82.2257806244996,
            "hypercube": 67.33386709367494
        },
        "0.4": {
            "0": 72.2978382706165,
            "1": 77.34187349879905,
            "hypercube": 58.52682145716573
        },
        "0.5": {
            "0": 64.29143314651722,
            "1": 67.33386709367494,
            "hypercube": 45.87670136108887
        },
        "0.6": {
            "0": 56.04483586869495,
            "1": 57.64611689351481,
            "hypercube": 35.22818254603683
        },
        "0.7": {
            "0": 46.83746997598078,
            "1": 50.84067253803043,
            "hypercube": 27.381905524419537
        },
        "0.8": {
            "0": 38.9111289031225,
            "1": 41.87349879903923,
            "hypercube": 20.0160128102482
        },
        "0.9": {
            "0": 26.261008807045638,
            "1": 28.502802241793436,
            "hypercube": 10.088070456365092
        }
    },