{
    "0": {
        "0.1": {
            "0": 94.72,
            "1": 94.72,
            "hypercube": 91.44
        },
        "0.2": {
            "0": 91.44,
            "1": 91.67999999999999,
            "hypercube": 86.16
        },
        "0.3": {
            "0": 83.52000000000001,
            "1": 85.2,
            "hypercube": 73.68
        },
        "0.4": {
            "0": 74.96000000000001,
            "1": 73.92,
            "hypercube": 58.64
        },
        "0.5": {
            "0": 64.96,
            "1": 69.6,
            "hypercube": 48.88
        },
        "0.6": {
            "0": 55.279999999999994,
            "1": 65.36,
            "hypercube": 39.68
        },
        "0.7": {
            "0": 47.36,
            "1": 56.32,
            "hypercube": 29.439999999999998
        },
        "0.8": {
            "0": 40.56,
            "1": 45.68,
            "hypercube": 21.279999999999998
        },
        "0.9": {
            "0": 22.64,
            "1": 29.04,
            "hypercube": 6.16
        }
    },
    "1": {
        "0.1": {
            "0": 93.28,
            "1": 95.04,
            "hypercube": 90.72
        },
        "0.2": {
            "0": 84.72,
            "1": 92.96,
            "hypercube": 81.36
        },
        "0.3": {
            "0": 77.52,
            "1": 86.4,
            "hypercube": 70.48
        },
        "0.4": {
            "0": 71.52,
            "1": 77.52,
            "hypercube": 58.879999999999995
        },
        "0.5": {
            "0": 61.519999999999996,
            "1": 68.4,
            "hypercube": 45.12
        },
        "0.6": {
            "0": 51.6,
            "1": 56.48,
            "hypercube": 33.52
        },
        "0.7": {
            "0": 37.6,
            "1": 46.32,
            "hypercube": 22.0
        },
        "0.8": {
            "0": 32.16,
            "1": 40.8,
            "hypercube": 14.719999999999999
        },
        "0.9": {
            "0": 26.32,
            "1": 30.56,
            "hypercube": 8.08
        }
    },
    "2": {
        "0.1": {
            "0": 93.76,
            "1": 89.92,
            "hypercube": 86.08
        },
        "0.2": {
            "0": 88.56,
            "1": 83.2,
            "hypercube": 75.84
        },
        "0.3": {
            "0": 84.32,
            "1": 79.60000000000001,
            "hypercube": 69.67999999999999
        },
        "0.4": {
            "0": 78.48,
            "1": 70.72,
            "hypercube": 57.76
        },
        "0.5": {
            "0": 70.72,
            "1": 64.32,
            "hypercube": 47.760000000000005
        },
        "0.6": {
            "0": 61.919999999999995,
            "1": 59.84,
            "hypercube": 39.92
        },
        "0.7": {
            "0": 54.0,
            "1": 45.76,
            "hypercube": 26.0
        },
        "0.8": {
            "0": 47.12,
            "1": 37.12,
            "hypercube": 17.919999999999998
        },
        "0.9": {
            "0": 31.759999999999998,
            "1": 27.36,
            "hypercube": 8.88
        }
    },
    "3": {
        "0.1": {
            "0": 93.84,
            "1": 95.36,
            "hypercube": 90.72
        },
        "0.2": {
            "0": 88.96,
            "1": 91.75999999999999,
            "hypercube": 83.52000000000001
        },
        "0.3": {
            "0": 81.44,
            "1": 82.16,
            "hypercube": 70.32000000000001
        },
        "0.4": {
            "0": 75.2,
            "1": 76.8,
            "hypercube": 61.6
        },
        "0.5": {
            "0": 70.32000000000001,
            "1": 71.2,
            "hypercube": 53.839999999999996
        },
        "0.6": {
            "0": 61.68,
            "1": 68.0,
            "hypercube": 45.92
        },
        "0.7": {
            "0": 56.720000000000006,
            "1": 59.040000000000006,
            "hypercube": 37.76
        },
        "0.8": {
            "0": 47.839999999999996,
            "1": 51.2,
            "hypercube": 27.76
        },
        "0.9": {
            "0": 23.84,
            "1": 31.680000000000003,
            "hypercube": 8.24
        }
    },
    "4": {
        "0.1": {
            "0": 94.88,
            "1": 94.16,
            "hypercube": 91.28
        },
        "0.2": {
            "0": 90.64,
            "1": 85.44,
            "hypercube": 80.0
        },
        "0.3": {
            "0": 81.92,
            "1": 83.76,
            "hypercube": 71.92
        },
        "0.4": {
            "0": 79.2,
            "1": 73.76,
            "hypercube": 61.839999999999996
        },
        "0.5": {
            "0": 75.44,
            "1": 64.64,
            "hypercube": 52.239999999999995
        },
        "0.6": {
            "0": 67.28,
            "1": 59.28,
            "hypercube": 43.28
        },
        "0.7": {
            "0": 54.24,
            "1": 53.36,
            "hypercube": 32.56
        },
        "0.8": {
            "0": 42.16,
            "1": 43.6,
            "hypercube": 19.439999999999998
        },
        "0.9": {
            "0": 26.56,
            "1": 23.84,
            "hypercube": 6.4799999999999995
        }
    },
    "5": {
        "0.1": {
            "0": 93.2746196957566,
            "1": 93.59487590072058,
            "hypercube": 89.19135308246598
        },
        "0.2": {
            "0": 83.3466773418735,
            "1": 85.34827862289832,
            "hypercube": 73.57886309047238
        },
        "0.3": {
            "0": 77.822257806245,
            "1": 81.42514011208966,
            "hypercube": 66.29303442754203
        },
        "0.4": {
            "0": 73.2586068855084,
            "1": 77.42193755004003,
            "hypercube": 59.167333867093674
        },
        "0.5": {
            "0": 62.289831865492395,
            "1": 68.8550840672538,
            "hypercube": 45.6365092073659
        },
        "0.6": {
            "0": 53.40272217774219,
            "1": 57.245796637309844,
            "hypercube": 33.306645316253004
        },
        "0.7": {
            "0": 48.99919935948759,
            "1": 50.84067253803043,
            "hypercube": 27.301841473178545
        },
        "0.8": {
            "0": 41.87349879903923,
            "1": 44.035228182546035,
            "hypercube": 20.176140912730183
        },
        "0.9": {
            "0": 28.022417934347477,
            "1": 33.78702962369896,
            "hypercube": 9.607686148919136
        }
    },
    "6": {
        "0.1": {
            "0": 93.99519615692554,
            "1": 94.71577261809448,
            "hypercube": 90.79263410728583
        },
        "0.2": {
            "0": 89.35148118494796,
            "1": 84.62770216172937,
            "hypercube": 77.662129703763
        },
        "0.3": {
            "0": 84.86789431545236,
            "1": 76.14091273018416,
            "hypercube": 67.57405924739793
        },
        "0.4": {
            "0": 79.18334667734187,
            "1": 67.89431545236188,
            "hypercube": 56.84547638110489
        },
        "0.5": {
            "0": 75.74059247397919,
            "1": 63.41072858286629,
            "hypercube": 50.52041633306645
        },
        "0.6": {
            "0": 61.48919135308246,
            "1": 58.366693354683754,
            "hypercube": 39.07125700560448
        },
        "0.7": {
            "0": 51.16092874299439,
            "1": 51.80144115292234,
            "hypercube": 28.582866293034424
        },
        "0.8": {
            "0": 44.435548438751,
            "1": 46.51721377101681,
            "hypercube": 22.09767814251401
        },
        "0.9": {
            "0": 26.261008807045638,
            "1": 28.182546036829464,
            "hypercube": 8.807045636509207
        }
    },
    "7": {
        "0.1": {
            "0": 94.63570856685348,
            "1": 94.07526020816654,
            "hypercube": 91.03282626100881
        },