{
    "0": {
        "0.05131670194948623": {
            "0": 96.48,
            "1": 97.36,
            "hypercube": 95.12
        },
        "0.10557280900008414": {
            "0": 90.8,
            "1": 91.60000000000001,
            "hypercube": 85.52
        },
        "0.16333997346592444": {
            "0": 86.48,
            "1": 89.28,
            "hypercube": 80.16
        },
        "0.2254033307585166": {
            "0": 82.8,
            "1": 82.64,
            "hypercube": 71.28
        },
        "0.2928932188134524": {
            "0": 74.64,
            "1": 79.36,
            "hypercube": 61.760000000000005
        },
        "0.3675444679663241": {
            "0": 66.24,
            "1": 73.83999999999999,
            "hypercube": 51.519999999999996
        },
        "0.4522774424948338": {
            "0": 54.72,
            "1": 56.96,
            "hypercube": 33.2
        },
        "0.5527864045000421": {
            "0": 40.96,
            "1": 46.96,
            "hypercube": 20.32
        },
        "0.6837722339831621": {
            "0": 28.720000000000002,
            "1": 29.759999999999998,
            "hypercube": 8.959999999999999
        }
    },
    "1": {
        "0.05131670194948623": {
            "0": 95.28,
            "1": 96.56,
            "hypercube": 93.52000000000001
        },
        "0.10557280900008414": {
            "0": 82.8,
            "1": 92.72,
            "hypercube": 78.64
        },
        "0.16333997346592444": {
            "0": 78.16,
            "1": 88.08,
            "hypercube": 72.56
        },
        "0.2254033307585166": {
            "0": 72.48,
            "1": 85.28,
            "hypercube": 65.36
        },
        "0.2928932188134524": {
            "0": 65.44,
            "1": 76.0,
            "hypercube": 53.6
        },
        "0.3675444679663241": {
            "0": 57.199999999999996,
            "1": 69.12,
            "hypercube": 43.36
        },
        "0.4522774424948338": {
            "0": 49.519999999999996,
            "1": 53.44,
            "hypercube": 29.04
        },
        "0.5527864045000421": {
            "0": 35.92,
            "1": 45.12,
            "hypercube": 17.68
        },
        "0.6837722339831621": {
            "0": 27.839999999999996,
            "1": 33.12,
            "hypercube": 9.04
        }
    },
    "2": {
        "0.05131670194948623": {
            "0": 97.44,
            "1": 95.36,
            "hypercube": 94.48
        },
        "0.10557280900008414": {
            "0": 90.4,
            "1": 87.68,
            "hypercube": 81.52000000000001
        },
        "0.16333997346592444": {
            "0": 87.03999999999999,
            "1": 83.84,
            "hypercube": 75.68
        },
        "0.2254033307585166": {
            "0": 80.56,
            "1": 80.96,
            "hypercube": 67.12
        },
        "0.2928932188134524": {
            "0": 74.88,
            "1": 72.32,
            "hypercube": 57.28
        },
        "0.3675444679663241": {
            "0": 69.36,
            "1": 63.2,
            "hypercube": 46.48
        },
        "0.4522774424948338": {
            "0": 62.56,
            "1": 46.400000000000006,
            "hypercube": 30.320000000000004
        },
        "0.5527864045000421": {
            "0": 52.64,
            "1": 38.64,
            "hypercube": 21.279999999999998
        },
        "0.6837722339831621": {
            "0": 39.28,
            "1": 30.56,
            "hypercube": 11.200000000000001
        }
    },
    "3": {
        "0.05131670194948623": {
            "0": 93.92,
            "1": 96.96000000000001,
            "hypercube": 91.92
        },
        "0.10557280900008414": {
            "0": 92.4,
            "1": 94.39999999999999,
            "hypercube": 88.16000000000001
        },
        "0.16333997346592444": {
            "0": 85.44,
            "1": 89.84,
            "hypercube": 78.64
        },
        "0.2254033307585166": {
            "0": 77.28,
            "1": 85.11999999999999,
            "hypercube": 68.16
        },
        "0.2928932188134524": {
            "0": 73.92,
            "1": 75.76,
            "hypercube": 58.720000000000006
        },
        "0.3675444679663241": {
            "0": 65.36,
            "1": 70.24000000000001,
            "hypercube": 48.16
        },
        "0.4522774424948338": {
            "0": 57.76,
            "1": 55.92,
            "hypercube": 35.120000000000005
        },
        "0.5527864045000421": {
            "0": 49.68,
            "1": 42.4,
            "hypercube": 22.16
        },
        "0.6837722339831621": {
            "0": 25.44,
            "1": 28.000000000000004,
            "hypercube": 7.28
        }
    },
    "4": {
        "0.05131670194948623": {
            "0": 95.67999999999999,
            "1": 96.16,
            "hypercube": 93.36
        },
        "0.10557280900008414": {
            "0": 92.88,
            "1": 90.96,
            "hypercube": 86.4
        },
        "0.16333997346592444": {
            "0": 88.32,
            "1": 88.96,
            "hypercube": 80.64
        },
        "0.2254033307585166": {
            "0": 81.76,
            "1": 86.16,
            "hypercube": 72.32
        },
        "0.2928932188134524": {
            "0": 77.84,
            "1": 82.16,
            "hypercube": 66.0
        },
        "0.3675444679663241": {
            "0": 72.24000000000001,
            "1": 68.08,
            "hypercube": 51.2
        },
        "0.4522774424948338": {
            "0": 63.519999999999996,
            "1": 59.12,
            "hypercube": 39.12
        },
        "0.5527864045000421": {
            "0": 44.800000000000004,
            "1": 51.35999999999999,
            "hypercube": 24.72
        },
        "0.6837722339831621": {
            "0": 26.08,
            "1": 36.32,
            "hypercube": 9.120000000000001
        }
    },
    "5": {
        "0.05131670194948623": {
            "0": 94.63570856685348,
            "1": 95.75660528422738,
            "hypercube": 92.1537229783827
        },
        "0.10557280900008414": {
            "0": 86.46917534027222,
            "1": 87.51000800640513,
            "hypercube": 78.06244995996798
        },
        "0.16333997346592444": {
            "0": 81.26501200960769,
            "1": 84.3875100080064,
            "hypercube": 71.17694155324259
        },
        "0.2254033307585166": {
            "0": 72.2978382706165,
            "1": 76.38110488390713,
            "hypercube": 58.60688550840673
        },
        "0.2928932188134524": {
            "0": 63.49079263410729,
            "1": 71.57726180944756,
            "hypercube": 48.678943154523616
        },
        "0.3675444679663241": {
            "0": 59.887910328262606,
            "1": 65.65252201761409,
            "hypercube": 41.87349879903923
        },
        "0.4522774424948338": {
            "0": 51.40112089671738,
            "1": 59.56765412329864,
            "hypercube": 33.70696557245797
        },
        "0.5527864045000421": {
            "0": 40.19215372297838,
            "1": 46.35708566853482,
            "hypercube": 20.496397117694155
        },
        "0.6837722339831621": {
            "0": 30.424339471577262,
            "1": 35.22818254603683,
            "hypercube": 10.328262610088071
        }
    },
    "6": {
        "0.05131670194948623": {
            "0": 95.5964771817454,
            "1": 96.7173738991193,
            "hypercube": 93.75500400320256
        },
        "0.10557280900008414": {
            "0": 92.1537229783827,
            "1": 89.91192954363491,
            "hypercube": 84.54763811048839
        },
        "0.16333997346592444": {
            "0": 86.54923939151321,
            "1": 82.86629303442754,
            "hypercube": 74.05924739791834
        },
        "0.2254033307585166": {
            "0": 83.98718975180144,
            "1": 74.85988791032825,