{
    "0": {
        "0.1": {
            "0": 95.6,
            "1": 94.88,
            "hypercube": 92.47999999999999
        },
        "0.2": {
            "0": 91.2,
            "1": 90.96,
            "hypercube": 85.44
        },
        "0.3": {
            "0": 83.52000000000001,
            "1": 85.2,
            "hypercube": 73.68
        },
        "0.4": {
            "0": 75.44,
            "1": 76.32,
            "hypercube": 60.88
        },
        "0.5": {
            "0": 66.64,
            "1": 71.04,
            "hypercube": 50.96000000000001
        },
        "0.6": {
            "0": 55.2,
            "1": 64.4,
            "hypercube": 39.12
        },
        "0.7": {
            "0": 47.36,
            "1": 56.32,
            "hypercube": 29.439999999999998
        },
        "0.8": {
            "0": 40.56,
            "1": 45.68,
            "hypercube": 21.279999999999998
        },
        "0.9": {
            "0": 22.64,
            "1": 29.04,
            "hypercube": 6.16
        }
    },
    "1": {
        "0.1": {
            "0": 93.28,
            "1": 95.04,
            "hypercube": 90.72
        },
        "0.2": {
            "0": 84.72,
            "1": 92.96,
            "hypercube": 81.36
        },
        "0.3": {
            "0": 77.52,
            "1": 86.4,
            "hypercube": 70.48
        },
        "0.4": {
            "0": 71.52,
            "1": 77.52,
            "hypercube": 58.879999999999995
        },
        "0.5": {
            "0": 64.08,
            "1": 70.72,
            "hypercube": 48.32
        },
        "0.6": {
            "0": 57.68,
            "1": 64.96,
            "hypercube": 41.199999999999996
        },
        "0.7": {
            "0": 44.64,
            "1": 50.0,
            "hypercube": 26.640000000000004
        },
        "0.8": {
            "0": 34.160000000000004,
            "1": 40.96,
            "hypercube": 16.8
        },
        "0.9": {
            "0": 25.6,
            "1": 27.839999999999996,
            "hypercube": 6.800000000000001
        }
    },
    "2": {
        "0.1": {
            "0": 94.24,
            "1": 90.4,
            "hypercube": 86.72
        },
        "0.2": {
            "0": 89.03999999999999,
            "1": 84.24000000000001,
            "hypercube": 77.36
        },
        "0.3": {
            "0": 84.32,
            "1": 79.60000000000001,
            "hypercube": 69.67999999999999
        },
        "0.4": {
            "0": 78.48,
            "1": 70.72,
            "hypercube": 57.76
        },
        "0.5": {
            "0": 72.0,
            "1": 66.24,
            "hypercube": 49.68
        },
        "0.6": {
            "0": 61.919999999999995,
            "1": 59.84,
            "hypercube": 39.92
        },
        "0.7": {
            "0": 54.0,
            "1": 45.76,
            "hypercube": 26.0
        },
        "0.8": {
            "0": 46.239999999999995,
            "1": 37.12,
            "hypercube": 17.919999999999998
        },
        "0.9": {
            "0": 28.64,
            "1": 26.16,
            "hypercube": 7.6
        }
    },
    "3": {
        "0.1": {
            "0": 93.92,
            "1": 95.92,
            "hypercube": 91.28
        },
        "0.2": {
            "0": 91.75999999999999,
            "1": 92.80000000000001,
            "hypercube": 86.88
        },
        "0.3": {
            "0": 81.6,
            "1": 82.56,
            "hypercube": 70.8
        },
        "0.4": {
            "0": 76.0,
            "1": 78.4,
            "hypercube": 63.68000000000001
        },
        "0.5": {
            "0": 72.48,
            "1": 73.2,
            "hypercube": 56.879999999999995
        },
        "0.6": {
            "0": 61.68,
            "1": 69.76,
            "hypercube": 46.96
        },
        "0.7": {
            "0": 56.720000000000006,
            "1": 59.040000000000006,
            "hypercube": 37.76
        },
        "0.8": {
            "0": 43.76,
            "1": 45.04,
            "hypercube": 22.8
        },
        "0.9": {
            "0": 25.040000000000003,
            "1": 31.840000000000003,
            "hypercube": 8.559999999999999
        }
    },
    "4": {
        "0.1": {
            "0": 94.88,
            "1": 94.16,
            "hypercube": 91.28
        },
        "0.2": {
            "0": 91.12,
            "1": 87.83999999999999,
            "hypercube": 82.39999999999999
        },
        "0.3": {
            "0": 82.39999999999999,
            "1": 83.76,
            "hypercube": 72.16
        },
        "0.4": {
            "0": 79.84,
            "1": 77.28,
            "hypercube": 64.96
        },
        "0.5": {
            "0": 76.96,
            "1": 69.44,
            "hypercube": 56.96
        },
        "0.6": {
            "0": 68.0,
            "1": 59.36,
            "hypercube": 43.76
        },
        "0.7": {
            "0": 54.24,
            "1": 53.36,
            "hypercube": 32.56
        },
        "0.8": {
            "0": 40.64,
            "1": 42.0,
            "hypercube": 18.0
        },
        "0.9": {
            "0": 22.56,
            "1": 19.919999999999998,
            "hypercube": 4.4799999999999995
        }
    },
    "5": {
        "0.1": {
            "0": 93.59487590072058,
            "1": 95.19615692554044,
            "hypercube": 90.95276220976781
        },
        "0.2": {
            "0": 83.3466773418735,
            "1": 85.34827862289832,
            "hypercube": 73.57886309047238
        },
        "0.3": {
            "0": 77.10168134507606,
            "1": 80.22417934347477,
            "hypercube": 64.77181745396317
        },
        "0.4": {
            "0": 71.81745396317054,
            "1": 75.42033626901521,
            "hypercube": 56.36509207365893
        },
        "0.5": {
            "0": 62.369895916733384,
            "1": 68.8550840672538,
            "hypercube": 45.6365092073659
        },
        "0.6": {
            "0": 55.484387510008006,
            "1": 59.24739791833466,
            "hypercube": 35.38831064851882
        },
        "0.7": {
            "0": 51.080864691753405,
            "1": 53.24259407526021,
            "hypercube": 29.943955164131303
        },
        "0.8": {
            "0": 41.072858286629305,
            "1": 42.75420336269015,
            "hypercube": 19.055244195356284
        },
        "0.9": {
            "0": 27.622097678142516,
            "1": 32.746196957566056,
            "hypercube": 8.967173738991193
        }
    },
    "6": {
        "0.1": {
            "0": 94.15532425940752,
            "1": 95.91673338670937,
            "hypercube": 91.99359487590073
        },
        "0.2": {
            "0": 90.47237790232185,
            "1": 84.94795836669336,
            "hypercube": 78.78302642113691
        },
        "0.3": {
            "0": 85.42834267413932,
            "1": 76.46116893514812,
            "hypercube": 68.05444355484389
        },
        "0.4": {
            "0": 82.38590872698158,
            "1": 70.29623698959168,
            "hypercube": 60.848678943154525
        },
        "0.5": {
            "0": 75.74059247397919,
            "1": 63.41072858286629,
            "hypercube": 50.52041633306645
        },
        "0.6": {
            "0": 62.20976781425141,
            "1": 59.48759007205765,
            "hypercube": 40.51240992794236
        },
        "0.7": {
            "0": 48.438751000800636,
            "1": 50.92073658927142,
            "hypercube": 26.58126501200961
        },
        "0.8": {
            "0": 40.912730184147314,
            "1": 41.553242594075265,
            "hypercube": 17.69415532425941
        },
        "0.9": {
            "0": 26.261008807045638,
            "1": 28.182546036829464,
            "hypercube": 8.807045636509207
        }
    },
    "7": {
        "0.1": {
            "0": 94.95596477181746,
            "1": 96.15692554043235,