{
    "0": {
        "0.1": {
            "0": 93.52000000000001,
            "1": 94.72,
            "hypercube": 90.4
        },
        "0.2": {
            "0": 90.0,
            "1": 90.16,
            "hypercube": 83.84
        },
        "0.3": {
            "0": 83.76,
            "1": 84.56,
            "hypercube": 73.6
        },
        "0.4": {
            "0": 75.2,
            "1": 81.12,
            "hypercube": 63.519999999999996
        },
        "0.5": {
            "0": 70.72,
            "1": 78.56,
            "hypercube": 57.84
        },
        "0.6": {
            "0": 58.32000000000001,
            "1": 63.92,
            "hypercube": 39.6
        },
        "0.7": {
            "0": 49.919999999999995,
            "1": 50.88,
            "hypercube": 26.640000000000004
        },
        "0.8": {
            "0": 37.28,
            "1": 44.4,
            "hypercube": 17.84
        },
        "0.9": {
            "0": 26.96,
            "1": 28.799999999999997,
            "hypercube": 8.24
        }
    },
    "1": {
        "0.1": {
            "0": 87.44,
            "1": 95.6,
            "hypercube": 85.11999999999999
        },
        "0.2": {
            "0": 82.8,
            "1": 92.72,
            "hypercube": 78.64
        },
        "0.3": {
            "0": 77.12,
            "1": 87.28,
            "hypercube": 70.96000000000001
        },
        "0.4": {
            "0": 69.19999999999999,
            "1": 78.96,
            "hypercube": 58.8
        },
        "0.5": {
            "0": 60.4,
            "1": 74.08,
            "hypercube": 48.480000000000004
        },
        "0.6": {
            "0": 55.2,
            "1": 64.16,
            "hypercube": 39.04
        },
        "0.7": {
            "0": 41.760000000000005,
            "1": 49.68,
            "hypercube": 22.720000000000002
        },
        "0.8": {
            "0": 33.36,
            "1": 38.96,
            "hypercube": 12.8
        },
        "0.9": {
            "0": 23.119999999999997,
            "1": 28.08,
            "hypercube": 6.32
        }
    },
    "2": {
        "0.1": {
            "0": 93.92,
            "1": 89.12,
            "hypercube": 85.36
        },
        "0.2": {
            "0": 88.08,
            "1": 87.03999999999999,
            "hypercube": 79.03999999999999
        },
        "0.3": {
            "0": 83.52000000000001,
            "1": 82.72,
            "hypercube": 71.52
        },
        "0.4": {
            "0": 77.92,
            "1": 75.84,
            "hypercube": 61.28
        },
        "0.5": {
            "0": 72.24000000000001,
            "1": 67.92,
            "hypercube": 52.16
        },
        "0.6": {
            "0": 65.52,
            "1": 53.12,
            "hypercube": 36.480000000000004
        },
        "0.7": {
            "0": 59.440000000000005,
            "1": 41.120000000000005,
            "hypercube": 25.040000000000003
        },
        "0.8": {
            "0": 52.480000000000004,
            "1": 38.080000000000005,
            "hypercube": 20.880000000000003
        },
        "0.9": {
            "0": 39.28,
            "1": 30.880000000000003,
            "hypercube": 11.28
        }
    },
    "3": {
        "0.1": {
            "0": 93.67999999999999,
            "1": 96.39999999999999,
            "hypercube": 91.2
        },
        "0.2": {
            "0": 88.24,
            "1": 92.16,
            "hypercube": 82.96
        },
        "0.3": {
            "0": 82.0,
            "1": 85.92,
            "hypercube": 72.39999999999999
        },
        "0.4": {
            "0": 77.03999999999999,
            "1": 81.2,
            "hypercube": 64.96
        },
        "0.5": {
            "0": 68.08,
            "1": 70.48,
            "hypercube": 50.32
        },
        "0.6": {
            "0": 59.919999999999995,
            "1": 60.480000000000004,
            "hypercube": 39.04
        },
        "0.7": {
            "0": 54.16,
            "1": 51.68000000000001,
            "hypercube": 30.240000000000002
        },
        "0.8": {
            "0": 41.6,
            "1": 37.6,
            "hypercube": 16.08
        },
        "0.9": {
            "0": 23.76,
            "1": 23.76,
            "hypercube": 5.76
        }
    },
    "4": {
        "0.1": {
            "0": 95.44,
            "1": 94.96,
            "hypercube": 92.24
        },
        "0.2": {
            "0": 89.2,
            "1": 89.60000000000001,
            "hypercube": 81.92
        },
        "0.3": {
            "0": 83.28,
            "1": 87.2,
            "hypercube": 74.56
        },
        "0.4": {
            "0": 78.88,
            "1": 82.72,
            "hypercube": 67.2
        },
        "0.5": {
            "0": 75.84,
            "1": 71.6,
            "hypercube": 56.16
        },
        "0.6": {
            "0": 66.64,
            "1": 62.160000000000004,
            "hypercube": 43.2
        },
        "0.7": {
            "0": 53.6,
            "1": 56.48,
            "hypercube": 31.840000000000003
        },
        "0.8": {
            "0": 32.32,
            "1": 43.36,
            "hypercube": 14.48
        },
        "0.9": {
            "0": 22.8,
            "1": 30.320000000000004,
            "hypercube": 6.4799999999999995
        }
    },
    "5": {
        "0.1": {
            "0": 91.51321056845477,
            "1": 92.55404323458767,
            "hypercube": 86.86949559647718
        },
        "0.2": {
            "0": 85.10808646917533,
            "1": 86.6293034427542,
            "hypercube": 76.30104083266613
        },
        "0.3": {
            "0": 79.74379503602881,
            "1": 79.18334667734187,
            "hypercube": 65.5724579663731
        },
        "0.4": {
            "0": 68.77502001601282,
            "1": 75.42033626901521,
            "hypercube": 55.084067253803035
        },
        "0.5": {
            "0": 61.24899919935949,
            "1": 70.93674939951961,
            "hypercube": 46.677341873498804
        },
        "0.6": {
            "0": 58.04643714971978,
            "1": 61.88951160928743,
            "hypercube": 38.51080864691753
        },
        "0.7": {
            "0": 51.40112089671738,
            "1": 59.56765412329864,
            "hypercube": 33.70696557245797
        },
        "0.8": {
            "0": 40.19215372297838,
            "1": 48.678943154523616,
            "hypercube": 22.017614091273018
        },
        "0.9": {
            "0": 26.661329063250598,
            "1": 33.70696557245797,
            "hypercube": 8.8871096877502
        }
    },
    "6": {
        "0.1": {
            "0": 93.91513210568455,
            "1": 92.63410728582866,
            "hypercube": 88.55084067253803
        },
        "0.2": {
            "0": 88.951160928743,
            "1": 87.9103282626101,
            "hypercube": 80.0640512409928
        },
        "0.3": {
            "0": 85.82866293034428,
            "1": 77.02161729383506,
            "hypercube": 68.05444355484389
        },
        "0.4": {
            "0": 82.14571657325861,
            "1": 69.17534027221778,
            "hypercube": 59.24739791833466
        },
        "0.5": {
            "0": 78.8630904723779,
            "1": 62.93034427542034,
            "hypercube": 52.12169735788631
        },
        "0.6": {
            "0": 70.69655724579663,
            "1": 58.52682145716573,
            "hypercube": 43.87510008006405
        },
        "0.7": {
            "0": 54.3634907926341,
            "1": 51.881505204163325,
            "hypercube": 29.78382706164932
        },
        "0.8": {
            "0": 44.435548438751,
            "1": 40.592473979183346,
            "hypercube": 18.734987990392312
        },
        "0.9": {
            "0": 31.945556445156125,
            "1": 30.74459567654123,
            "hypercube": 8.8871096877502
        }
    },