{
    "0": {
        "0.1": {
            "0": 96.24000000000001,
            "1": 95.12,
            "hypercube": 93.2
        },
        "0.2": {
            "0": 90.48,
            "1": 91.12,
            "hypercube": 84.96000000000001
        },
        "0.3": {
            "0": 84.39999999999999,
            "1": 84.56,
            "hypercube": 74.24
        },
        "0.4": {
            "0": 77.92,
            "1": 81.67999999999999,
            "hypercube": 66.47999999999999
        },
        "0.5": {
            "0": 70.72,
            "1": 78.56,
            "hypercube": 57.84
        },
        "0.6": {
            "0": 58.32000000000001,
            "1": 63.92,
            "hypercube": 39.6
        },
        "0.7": {
            "0": 49.919999999999995,
            "1": 50.88,
            "hypercube": 26.640000000000004
        },
        "0.8": {
            "0": 37.28,
            "1": 44.4,
            "hypercube": 17.84
        },
        "0.9": {
            "0": 19.919999999999998,
            "1": 25.679999999999996,
            "hypercube": 5.76
        }
    },
    "1": {
        "0.1": {
            "0": 87.44,
            "1": 95.6,
            "hypercube": 85.11999999999999
        },
        "0.2": {
            "0": 82.48,
            "1": 90.24,
            "hypercube": 77.36
        },
        "0.3": {
            "0": 77.12,
            "1": 87.12,
            "hypercube": 70.8
        },
        "0.4": {
            "0": 70.96000000000001,
            "1": 81.28,
            "hypercube": 61.68
        },
        "0.5": {
            "0": 65.12,
            "1": 75.28,
            "hypercube": 52.959999999999994
        },
        "0.6": {
            "0": 56.64,
            "1": 65.36,
            "hypercube": 40.64
        },
        "0.7": {
            "0": 41.839999999999996,
            "1": 50.239999999999995,
            "hypercube": 23.119999999999997
        },
        "0.8": {
            "0": 33.76,
            "1": 40.32,
            "hypercube": 13.76
        },
        "0.9": {
            "0": 25.2,
            "1": 30.8,
            "hypercube": 7.68
        }
    },
    "2": {
        "0.1": {
            "0": 96.08,
            "1": 91.75999999999999,
            "hypercube": 89.84
        },
        "0.2": {
            "0": 88.56,
            "1": 87.2,
            "hypercube": 79.60000000000001
        },
        "0.3": {
            "0": 83.52000000000001,
            "1": 82.72,
            "hypercube": 71.52
        },
        "0.4": {
            "0": 77.92,
            "1": 75.84,
            "hypercube": 61.28
        },
        "0.5": {
            "0": 72.24000000000001,
            "1": 67.92,
            "hypercube": 52.16
        },
        "0.6": {
            "0": 65.36,
            "1": 53.12,
            "hypercube": 36.480000000000004
        },
        "0.7": {
            "0": 59.760000000000005,
            "1": 41.199999999999996,
            "hypercube": 25.2
        },
        "0.8": {
            "0": 50.4,
            "1": 38.0,
            "hypercube": 20.32
        },
        "0.9": {
            "0": 32.24,
            "1": 26.640000000000004,
            "hypercube": 8.32
        }
    },
    "3": {
        "0.1": {
            "0": 93.67999999999999,
            "1": 96.39999999999999,
            "hypercube": 91.2
        },
        "0.2": {
            "0": 92.0,
            "1": 94.39999999999999,
            "hypercube": 87.76
        },
        "0.3": {
            "0": 83.36,
            "1": 86.48,
            "hypercube": 74.08
        },
        "0.4": {
            "0": 77.03999999999999,
            "1": 81.2,
            "hypercube": 64.96
        },
        "0.5": {
            "0": 69.44,
            "1": 72.96000000000001,
            "hypercube": 52.88
        },
        "0.6": {
            "0": 61.36000000000001,
            "1": 63.68000000000001,
            "hypercube": 41.36
        },
        "0.7": {
            "0": 54.16,
            "1": 51.68000000000001,
            "hypercube": 30.240000000000002
        },
        "0.8": {
            "0": 40.8,
            "1": 36.24,
            "hypercube": 15.440000000000001
        },
        "0.9": {
            "0": 23.76,
            "1": 22.56,
            "hypercube": 5.52
        }
    },
    "4": {
        "0.1": {
            "0": 95.44,
            "1": 94.96,
            "hypercube": 92.24
        },
        "0.2": {
            "0": 90.48,
            "1": 89.92,
            "hypercube": 83.28
        },
        "0.3": {
            "0": 83.28,
            "1": 87.2,
            "hypercube": 74.56
        },
        "0.4": {
            "0": 78.88,
            "1": 82.72,
            "hypercube": 67.2
        },
        "0.5": {
            "0": 75.84,
            "1": 71.6,
            "hypercube": 56.16
        },
        "0.6": {
            "0": 66.64,
            "1": 62.160000000000004,
            "hypercube": 43.2
        },
        "0.7": {
            "0": 53.6,
            "1": 56.48,
            "hypercube": 31.840000000000003
        },
        "0.8": {
            "0": 39.12,
            "1": 46.64,
            "hypercube": 19.6
        },
        "0.9": {
            "0": 20.8,
            "1": 26.400000000000002,
            "hypercube": 5.4399999999999995
        }
    },
    "5": {
        "0.1": {
            "0": 92.39391513210569,
            "1": 92.55404323458767,
            "hypercube": 87.59007205764611
        },
        "0.2": {
            "0": 85.82866293034428,
            "1": 86.94955964771817,
            "hypercube": 77.18174539631705
        },
        "0.3": {
            "0": 79.9839871897518,
            "1": 79.66373098478783,
            "hypercube": 66.13290632506005
        },
        "0.4": {
            "0": 70.05604483586869,
            "1": 76.22097678142514,
            "hypercube": 56.6052842273819
        },
        "0.5": {
            "0": 61.24899919935949,
            "1": 70.93674939951961,
            "hypercube": 46.677341873498804
        },
        "0.6": {
            "0": 57.08566853482786,
            "1": 61.88951160928743,
            "hypercube": 38.190552441953564
        },
        "0.7": {
            "0": 49.399519615692554,
            "1": 58.04643714971978,
            "hypercube": 31.705364291433145
        },
        "0.8": {
            "0": 37.7902321857486,
            "1": 43.795036028823056,
            "hypercube": 18.254603682946357
        },
        "0.9": {
            "0": 26.661329063250598,
            "1": 33.70696557245797,
            "hypercube": 8.8871096877502
        }
    },
    "6": {
        "0.1": {
            "0": 95.43634907926342,
            "1": 96.07686148919136,
            "hypercube": 93.03442754203363
        },
        "0.2": {
            "0": 92.1537229783827,
            "1": 89.43154523618895,
            "hypercube": 84.06725380304243
        },
        "0.3": {
            "0": 85.82866293034428,
            "1": 79.74379503602881,
            "hypercube": 70.45636509207365
        },
        "0.4": {
            "0": 82.78622898318655,
            "1": 70.69655724579663,
            "hypercube": 60.848678943154525
        },
        "0.5": {
            "0": 78.46277021617294,
            "1": 62.85028022417934,
            "hypercube": 51.72137710168134
        },
        "0.6": {
            "0": 70.69655724579663,
            "1": 58.52682145716573,
            "hypercube": 43.87510008006405
        },
        "0.7": {
            "0": 52.12169735788631,
            "1": 51.32105684547638,
            "hypercube": 28.34267413931145
        },
        "0.8": {
            "0": 41.87349879903923,
            "1": 38.9111289031225,
            "hypercube": 16.89351481184948
        },
        "0.9": {
            "0": 28.662930344275424,
            "1": 29.143314651721376,
            "hypercube": 7.365892714171338
        }
    },