{
    "0": {
        "0.05131670194948623": {
            "0": 96.8,
            "1": 96.08,
            "hypercube": 94.72
        },
        "0.10557280900008414": {
            "0": 91.75999999999999,
            "1": 93.36,
            "hypercube": 87.76
        },
        "0.16333997346592444": {
            "0": 87.92,
            "1": 88.08,
            "hypercube": 80.08
        },
        "0.2254033307585166": {
            "0": 82.39999999999999,
            "1": 84.08,
            "hypercube": 71.84
        },
        "0.2928932188134524": {
            "0": 73.83999999999999,
            "1": 73.44000000000001,
            "hypercube": 57.440000000000005
        },
        "0.3675444679663241": {
            "0": 64.72,
            "1": 69.52000000000001,
            "hypercube": 48.72
        },
        "0.4522774424948338": {
            "0": 53.839999999999996,
            "1": 62.63999999999999,
            "hypercube": 37.2
        },
        "0.5527864045000421": {
            "0": 43.44,
            "1": 53.52,
            "hypercube": 25.919999999999998
        },
        "0.6837722339831621": {
            "0": 30.320000000000004,
            "1": 38.64,
            "hypercube": 13.200000000000001
        }
    },
    "1": {
        "0.05131670194948623": {
            "0": 94.16,
            "1": 96.32,
            "hypercube": 92.56
        },
        "0.10557280900008414": {
            "0": 86.48,
            "1": 93.67999999999999,
            "hypercube": 83.67999999999999
        },
        "0.16333997346592444": {
            "0": 79.92,
            "1": 87.52,
            "hypercube": 73.2
        },
        "0.2254033307585166": {
            "0": 72.0,
            "1": 79.75999999999999,
            "hypercube": 60.480000000000004
        },
        "0.2928932188134524": {
            "0": 69.52000000000001,
            "1": 73.36,
            "hypercube": 53.92
        },
        "0.3675444679663241": {
            "0": 61.36000000000001,
            "1": 66.4,
            "hypercube": 44.0
        },
        "0.4522774424948338": {
            "0": 49.76,
            "1": 54.800000000000004,
            "hypercube": 31.44
        },
        "0.5527864045000421": {
            "0": 36.4,
            "1": 42.96,
            "hypercube": 19.919999999999998
        },
        "0.6837722339831621": {
            "0": 26.640000000000004,
            "1": 31.6,
            "hypercube": 8.72
        }
    },
    "2": {
        "0.05131670194948623": {
            "0": 94.32000000000001,
            "1": 94.8,
            "hypercube": 90.72
        },
        "0.10557280900008414": {
            "0": 89.92,
            "1": 87.76,
            "hypercube": 80.96
        },
        "0.16333997346592444": {
            "0": 86.64,
            "1": 80.4,
            "hypercube": 72.24000000000001
        },
        "0.2254033307585166": {
            "0": 80.47999999999999,
            "1": 74.24,
            "hypercube": 62.32
        },
        "0.2928932188134524": {
            "0": 73.83999999999999,
            "1": 67.84,
            "hypercube": 52.16
        },
        "0.3675444679663241": {
            "0": 67.04,
            "1": 62.08,
            "hypercube": 44.080000000000005
        },
        "0.4522774424948338": {
            "0": 57.04,
            "1": 50.56,
            "hypercube": 30.72
        },
        "0.5527864045000421": {
            "0": 47.92,
            "1": 38.64,
            "hypercube": 19.28
        },
        "0.6837722339831621": {
            "0": 32.32,
            "1": 28.64,
            "hypercube": 9.44
        }
    },
    "3": {
        "0.05131670194948623": {
            "0": 94.48,
            "1": 97.04,
            "hypercube": 92.64
        },
        "0.10557280900008414": {
            "0": 93.28,
            "1": 94.16,
            "hypercube": 89.28
        },
        "0.16333997346592444": {
            "0": 85.36,
            "1": 90.16,
            "hypercube": 79.12
        },
        "0.2254033307585166": {
            "0": 78.56,
            "1": 80.47999999999999,
            "hypercube": 66.64
        },
        "0.2928932188134524": {
            "0": 74.32,
            "1": 75.2,
            "hypercube": 59.519999999999996
        },
        "0.3675444679663241": {
            "0": 65.92,
            "1": 69.76,
            "hypercube": 49.919999999999995
        },
        "0.4522774424948338": {
            "0": 60.24,
            "1": 62.0,
            "hypercube": 41.120000000000005
        },
        "0.5527864045000421": {
            "0": 50.63999999999999,
            "1": 53.2,
            "hypercube": 30.48
        },
        "0.6837722339831621": {
            "0": 25.679999999999996,
            "1": 34.8,
            "hypercube": 9.6
        }
    },
    "4": {
        "0.05131670194948623": {
            "0": 95.6,
            "1": 95.44,
            "hypercube": 93.2
        },
        "0.10557280900008414": {
            "0": 92.47999999999999,
            "1": 89.52,
            "hypercube": 84.88
        },
        "0.16333997346592444": {
            "0": 86.16,
            "1": 84.72,
            "hypercube": 75.92
        },
        "0.2254033307585166": {
            "0": 81.44,
            "1": 78.64,
            "hypercube": 67.28
        },
        "0.2928932188134524": {
            "0": 78.96,
            "1": 72.64,
            "hypercube": 60.72
        },
        "0.3675444679663241": {
            "0": 74.32,
            "1": 62.63999999999999,
            "hypercube": 50.080000000000005
        },
        "0.4522774424948338": {
            "0": 62.56,
            "1": 55.60000000000001,
            "hypercube": 37.6
        },
        "0.5527864045000421": {
            "0": 47.36,
            "1": 47.199999999999996,
            "hypercube": 24.88
        },
        "0.6837722339831621": {
            "0": 27.04,
            "1": 24.0,
            "hypercube": 6.64
        }
    },
    "5": {
        "0.05131670194948623": {
            "0": 95.5164131305044,
            "1": 96.79743795036029,
            "hypercube": 94.07526020816654
        },
        "0.10557280900008414": {
            "0": 86.94955964771817,
            "1": 88.39071257005604,
            "hypercube": 78.9431545236189
        },
        "0.16333997346592444": {
            "0": 79.02321857485988,
            "1": 82.94635708566854,
            "hypercube": 68.45476381104884
        },
        "0.2254033307585166": {
            "0": 75.5004003202562,
            "1": 78.06244995996798,
            "hypercube": 61.569255404323464
        },
        "0.2928932188134524": {
            "0": 64.5316253002402,
            "1": 73.41873498799039,
            "hypercube": 49.79983987189752
        },
        "0.3675444679663241": {
            "0": 59.887910328262606,
            "1": 63.81104883907126,
            "hypercube": 41.23298638911129
        },
        "0.4522774424948338": {
            "0": 52.92233787029623,
            "1": 54.84387510008006,
            "hypercube": 31.945556445156125
        },
        "0.5527864045000421": {
            "0": 44.59567654123299,
            "1": 47.23779023218575,
            "hypercube": 23.53883106485188
        },
        "0.6837722339831621": {
            "0": 29.86389111289031,
            "1": 35.06805444355484,
            "hypercube": 11.289031224979984
        }
    },
    "6": {
        "0.05131670194948623": {
            "0": 96.55724579663732,
            "1": 97.43795036028823,
            "hypercube": 95.19615692554044
        },
        "0.10557280900008414": {
            "0": 90.55244195356285,
            "1": 87.59007205764611,
            "hypercube": 81.50520416333067
        },
        "0.16333997346592444": {
            "0": 88.71096877502002,
            "1": 78.9431545236189,
            "hypercube": 72.53803042433947
        },