{
    "0": {
        "0.1": {
            "0": 93.44,
            "1": 94.0,
            "hypercube": 89.84
        },
        "0.2": {
            "0": 88.96,
            "1": 86.48,
            "hypercube": 79.52
        },
        "0.3": {
            "0": 83.12,
            "1": 80.08,
            "hypercube": 69.44
        },
        "0.4": {
            "0": 76.64,
            "1": 73.68,
            "hypercube": 59.440000000000005
        },
        "0.5": {
            "0": 70.08,
            "1": 68.08,
            "hypercube": 50.96000000000001
        },
        "0.6": {
            "0": 63.519999999999996,
            "1": 61.28,
            "hypercube": 42.96
        },
        "0.7": {
            "0": 55.84,
            "1": 54.96,
            "hypercube": 34.72
        },
        "0.8": {
            "0": 46.08,
            "1": 44.32,
            "hypercube": 22.88
        },
        "0.9": {
            "0": 32.4,
            "1": 33.2,
            "hypercube": 11.68
        }
    },
    "1": {
        "0.1": {
            "0": 93.76,
            "1": 93.76,
            "hypercube": 90.16
        },
        "0.2": {
            "0": 88.24,
            "1": 87.2,
            "hypercube": 80.08
        },
        "0.3": {
            "0": 83.6,
            "1": 82.88,
            "hypercube": 72.72
        },
        "0.4": {
            "0": 77.36,
            "1": 77.92,
            "hypercube": 64.08
        },
        "0.5": {
            "0": 71.52,
            "1": 71.12,
            "hypercube": 54.559999999999995
        },
        "0.6": {
            "0": 61.36000000000001,
            "1": 64.08,
            "hypercube": 42.24
        },
        "0.7": {
            "0": 51.44,
            "1": 53.92,
            "hypercube": 31.6
        },
        "0.8": {
            "0": 41.839999999999996,
            "1": 44.96,
            "hypercube": 21.6
        },
        "0.9": {
            "0": 32.08,
            "1": 32.32,
            "hypercube": 11.68
        }
    },
    "2": {
        "0.1": {
            "0": 92.80000000000001,
            "1": 91.28,
            "hypercube": 86.56
        },
        "0.2": {
            "0": 85.28,
            "1": 84.24000000000001,
            "hypercube": 75.12
        },
        "0.3": {
            "0": 80.72,
            "1": 79.36,
            "hypercube": 67.36
        },
        "0.4": {
            "0": 74.16,
            "1": 72.32,
            "hypercube": 57.199999999999996
        },
        "0.5": {
            "0": 64.96,
            "1": 64.56,
            "hypercube": 46.239999999999995
        },
        "0.6": {
            "0": 57.440000000000005,
            "1": 58.24,
            "hypercube": 38.0
        },
        "0.7": {
            "0": 49.68,
            "1": 49.04,
            "hypercube": 29.12
        },
        "0.8": {
            "0": 40.8,
            "1": 40.72,
            "hypercube": 19.919999999999998
        },
        "0.9": {
            "0": 29.92,
            "1": 29.439999999999998,
            "hypercube": 10.32
        }
    },
    "3": {
        "0.1": {
            "0": 93.2,
            "1": 94.56,
            "hypercube": 89.92
        },
        "0.2": {
            "0": 89.12,
            "1": 89.2,
            "hypercube": 82.16
        },
        "0.3": {
            "0": 82.8,
            "1": 83.12,
            "hypercube": 72.08
        },
        "0.4": {
            "0": 76.4,
            "1": 76.96,
            "hypercube": 62.63999999999999
        },
        "0.5": {
            "0": 70.16,
            "1": 70.48,
            "hypercube": 53.36
        },
        "0.6": {
            "0": 62.72,
            "1": 62.8,
            "hypercube": 43.36
        },
        "0.7": {
            "0": 56.00000000000001,
            "1": 55.60000000000001,
            "hypercube": 34.48
        },
        "0.8": {
            "0": 44.800000000000004,
            "1": 46.96,
            "hypercube": 22.400000000000002
        },
        "0.9": {
            "0": 28.96,
            "1": 28.000000000000004,
            "hypercube": 9.6
        }
    },
    "4": {
        "0.1": {
            "0": 93.52000000000001,
            "1": 92.80000000000001,
            "hypercube": 88.8
        },
        "0.2": {
            "0": 86.32,
            "1": 86.24000000000001,
            "hypercube": 77.2
        },
        "0.3": {
            "0": 82.0,
            "1": 81.12,
            "hypercube": 69.52000000000001
        },
        "0.4": {
            "0": 78.24,
            "1": 74.0,
            "hypercube": 61.760000000000005
        },
        "0.5": {
            "0": 72.32,
            "1": 68.16,
            "hypercube": 52.400000000000006
        },
        "0.6": {
            "0": 64.0,
            "1": 60.4,
            "hypercube": 42.32
        },
        "0.7": {
            "0": 54.0,
            "1": 51.519999999999996,
            "hypercube": 31.36
        },
        "0.8": {
            "0": 43.44,
            "1": 42.0,
            "hypercube": 20.560000000000002
        },
        "0.9": {
            "0": 31.119999999999997,
            "1": 31.680000000000003,
            "hypercube": 10.4
        }
    },
    "5": {
        "0.1": {
            "0": 93.43474779823859,
            "1": 93.59487590072058,
            "hypercube": 89.35148118494796
        },
        "0.2": {
            "0": 87.51000800640513,
            "1": 87.9103282626101,
            "hypercube": 79.10328262610088
        },
        "0.3": {
            "0": 81.90552441953562,
            "1": 82.62610088070457,
            "hypercube": 70.61649319455564
        },
        "0.4": {
            "0": 75.02001601281026,
            "1": 77.822257806245,
            "hypercube": 61.40912730184147
        },
        "0.5": {
            "0": 67.09367493995197,
            "1": 71.0968775020016,
            "hypercube": 50.28022417934348
        },
        "0.6": {
            "0": 59.56765412329864,
            "1": 63.17053642914331,
            "hypercube": 40.99279423538831
        },
        "0.7": {
            "0": 51.80144115292234,
            "1": 51.96156925540433,
            "hypercube": 30.26421136909528
        },
        "0.8": {
            "0": 44.275420336269015,
            "1": 43.71497197758207,
            "hypercube": 21.537229783827062
        },
        "0.9": {
            "0": 32.02562049639712,
            "1": 33.62690152121697,
            "hypercube": 11.689351481184948
        }
    },
    "6": {
        "0.1": {
            "0": 92.87429943955165,
            "1": 91.2730184147318,
            "hypercube": 86.78943154523618
        },
        "0.2": {
            "0": 88.55084067253803,
            "1": 84.30744595676542,
            "hypercube": 76.7013610888711
        },
        "0.3": {
            "0": 82.86629303442754,
            "1": 76.62129703763011,
            "hypercube": 66.05284227381905
        },
        "0.4": {
            "0": 75.02001601281026,
            "1": 69.81585268214572,
            "hypercube": 56.12489991993594
        },
        "0.5": {
            "0": 66.45316253002403,
            "1": 61.40912730184147,
            "hypercube": 44.435548438751
        },
        "0.6": {
            "0": 59.80784627702162,
            "1": 56.76541232986389,
            "hypercube": 38.03042433947157
        },
        "0.7": {
            "0": 52.92233787029623,
            "1": 47.157726180944756,
            "hypercube": 28.182546036829464
        },
        "0.8": {
            "0": 42.834267413931144,
            "1": 40.0320256204964,
            "hypercube": 18.815052041633308
        },
        "0.9": {
            "0": 32.2658126501201,
            "1": 29.143314651721376,
            "hypercube": 9.76781425140112
        }
    },
    "7": {
        "0.1": {
            "0": 93.51481184947959,
            "1": 94.63570856685348,