{
    "0": {
        "0.1": {
            "0": 94.8,
            "1": 94.72,
            "hypercube": 91.60000000000001
        },
        "0.2": {
            "0": 88.64,
            "1": 87.36,
            "hypercube": 80.08
        },
        "0.3": {
            "0": 83.12,
            "1": 81.52000000000001,
            "hypercube": 70.72
        },
        "0.4": {
            "0": 77.03999999999999,
            "1": 75.52,
            "hypercube": 60.72
        },
        "0.5": {
            "0": 71.36,
            "1": 68.32000000000001,
            "hypercube": 51.44
        },
        "0.6": {
            "0": 63.12,
            "1": 61.68,
            "hypercube": 41.36
        },
        "0.7": {
            "0": 56.48,
            "1": 50.72,
            "hypercube": 30.080000000000002
        },
        "0.8": {
            "0": 46.08,
            "1": 42.480000000000004,
            "hypercube": 19.36
        },
        "0.9": {
            "0": 30.8,
            "1": 27.439999999999998,
            "hypercube": 8.48
        }
    },
    "1": {
        "0.1": {
            "0": 92.56,
            "1": 93.67999999999999,
            "hypercube": 88.56
        },
        "0.2": {
            "0": 86.64,
            "1": 87.68,
            "hypercube": 78.8
        },
        "0.3": {
            "0": 81.67999999999999,
            "1": 82.64,
            "hypercube": 70.96000000000001
        },
        "0.4": {
            "0": 77.2,
            "1": 78.72,
            "hypercube": 64.64
        },
        "0.5": {
            "0": 68.8,
            "1": 69.92,
            "hypercube": 52.0
        },
        "0.6": {
            "0": 61.12,
            "1": 63.2,
            "hypercube": 42.08
        },
        "0.7": {
            "0": 53.28000000000001,
            "1": 55.279999999999994,
            "hypercube": 31.6
        },
        "0.8": {
            "0": 40.72,
            "1": 43.44,
            "hypercube": 18.64
        },
        "0.9": {
            "0": 29.2,
            "1": 33.52,
            "hypercube": 9.44
        }
    },
    "2": {
        "0.1": {
            "0": 93.2,
            "1": 90.88000000000001,
            "hypercube": 86.32
        },
        "0.2": {
            "0": 86.48,
            "1": 86.96000000000001,
            "hypercube": 77.44
        },
        "0.3": {
            "0": 81.84,
            "1": 81.28,
            "hypercube": 68.47999999999999
        },
        "0.4": {
            "0": 74.0,
            "1": 76.24,
            "hypercube": 59.199999999999996
        },
        "0.5": {
            "0": 66.88,
            "1": 70.39999999999999,
            "hypercube": 49.76
        },
        "0.6": {
            "0": 58.96,
            "1": 58.879999999999995,
            "hypercube": 36.720000000000006
        },
        "0.7": {
            "0": 52.400000000000006,
            "1": 47.52,
            "hypercube": 26.08
        },
        "0.8": {
            "0": 43.28,
            "1": 42.88,
            "hypercube": 18.88
        },
        "0.9": {
            "0": 32.32,
            "1": 31.36,
            "hypercube": 10.16
        }
    },
    "3": {
        "0.1": {
            "0": 94.39999999999999,
            "1": 93.44,
            "hypercube": 89.36
        },
        "0.2": {
            "0": 90.16,
            "1": 88.0,
            "hypercube": 81.04
        },
        "0.3": {
            "0": 83.36,
            "1": 83.6,
            "hypercube": 72.16
        },
        "0.4": {
            "0": 76.0,
            "1": 76.88000000000001,
            "hypercube": 61.36000000000001
        },
        "0.5": {
            "0": 70.0,
            "1": 68.56,
            "hypercube": 50.72
        },
        "0.6": {
            "0": 62.88,
            "1": 60.72,
            "hypercube": 40.72
        },
        "0.7": {
            "0": 56.24,
            "1": 51.35999999999999,
            "hypercube": 30.4
        },
        "0.8": {
            "0": 44.72,
            "1": 41.04,
            "hypercube": 19.439999999999998
        },
        "0.9": {
            "0": 32.4,
            "1": 29.599999999999998,
            "hypercube": 9.92
        }
    },
    "4": {
        "0.1": {
            "0": 94.24,
            "1": 94.08,
            "hypercube": 90.32
        },
        "0.2": {
            "0": 86.56,
            "1": 87.6,
            "hypercube": 77.84
        },
        "0.3": {
            "0": 81.84,
            "1": 82.48,
            "hypercube": 69.19999999999999
        },
        "0.4": {
            "0": 77.52,
            "1": 77.75999999999999,
            "hypercube": 61.919999999999995
        },
        "0.5": {
            "0": 71.67999999999999,
            "1": 68.64,
            "hypercube": 50.56
        },
        "0.6": {
            "0": 67.04,
            "1": 60.64000000000001,
            "hypercube": 42.0
        },
        "0.7": {
            "0": 58.720000000000006,
            "1": 54.400000000000006,
            "hypercube": 32.800000000000004
        },
        "0.8": {
            "0": 47.839999999999996,
            "1": 41.6,
            "hypercube": 20.4
        },
        "0.9": {
            "0": 33.12,
            "1": 29.599999999999998,
            "hypercube": 10.0
        }
    },
    "5": {
        "0.1": {
            "0": 91.59327461969575,
            "1": 93.35468374699761,
            "hypercube": 87.10968775020017
        },
        "0.2": {
            "0": 85.74859887910328,
            "1": 86.54923939151321,
            "hypercube": 77.02161729383506
        },
        "0.3": {
            "0": 81.66533226581265,
            "1": 80.78462770216173,
            "hypercube": 69.01521216973579
        },
        "0.4": {
            "0": 73.81905524419535,
            "1": 73.01841473178543,
            "hypercube": 57.726180944755804
        },
        "0.5": {
            "0": 67.41393114491594,
            "1": 67.7341873498799,
            "hypercube": 48.83907125700561
        },
        "0.6": {
            "0": 60.28823058446757,
            "1": 62.04963971176941,
            "hypercube": 40.99279423538831
        },
        "0.7": {
            "0": 53.72297838270617,
            "1": 53.002401921537235,
            "hypercube": 30.824659727782226
        },
        "0.8": {
            "0": 44.035228182546035,
            "1": 44.435548438751,
            "hypercube": 21.21697357886309
        },
        "0.9": {
            "0": 33.54683746997598,
            "1": 33.46677341873499,
            "hypercube": 11.449159327461969
        }
    },
    "6": {
        "0.1": {
            "0": 93.2746196957566,
            "1": 91.51321056845477,
            "hypercube": 87.02962369895917
        },
        "0.2": {
            "0": 89.03122497998399,
            "1": 85.26821457165732,
            "hypercube": 78.22257806244995
        },
        "0.3": {
            "0": 83.90712570056044,
            "1": 78.14251401120896,
            "hypercube": 67.57405924739793
        },
        "0.4": {
            "0": 77.74219375500401,
            "1": 71.89751801441153,
            "hypercube": 58.366693354683754
        },
        "0.5": {
            "0": 71.81745396317054,
            "1": 62.289831865492395,
            "hypercube": 47.55804643714972
        },
        "0.6": {
            "0": 63.49079263410729,
            "1": 55.564451561248994,
            "hypercube": 37.14971977582066
        },
        "0.7": {
            "0": 56.84547638110489,
            "1": 47.71817453963171,
            "hypercube": 27.942353883106485
        },
        "0.8": {
            "0": 47.958366693354684,
            "1": 38.11048839071257,
            "hypercube": 17.69415532425941
        },
        "0.9": {
            "0": 32.02562049639712,
            "1": 29.46357085668535,
            "hypercube": 8.246597277822259
        }
    },