{
    "0": {
        "0.1": {
            "0": 93.92,
            "1": 94.16,
            "hypercube": 90.24
        },
        "0.2": {
            "0": 89.2,
            "1": 86.88,
            "hypercube": 80.16
        },
        "0.3": {
            "0": 83.28,
            "1": 80.47999999999999,
            "hypercube": 69.76
        },
        "0.4": {
            "0": 76.96,
            "1": 74.08,
            "hypercube": 60.160000000000004
        },
        "0.5": {
            "0": 70.08,
            "1": 68.08,
            "hypercube": 50.96000000000001
        },
        "0.6": {
            "0": 63.36000000000001,
            "1": 61.199999999999996,
            "hypercube": 42.8
        },
        "0.7": {
            "0": 54.879999999999995,
            "1": 53.52,
            "hypercube": 33.44
        },
        "0.8": {
            "0": 45.28,
            "1": 43.04,
            "hypercube": 21.759999999999998
        },
        "0.9": {
            "0": 30.080000000000002,
            "1": 30.64,
            "hypercube": 9.92
        }
    },
    "1": {
        "0.1": {
            "0": 93.84,
            "1": 94.24,
            "hypercube": 90.72
        },
        "0.2": {
            "0": 88.24,
            "1": 87.2,
            "hypercube": 80.08
        },
        "0.3": {
            "0": 83.04,
            "1": 82.72,
            "hypercube": 72.16
        },
        "0.4": {
            "0": 77.12,
            "1": 77.75999999999999,
            "hypercube": 63.68000000000001
        },
        "0.5": {
            "0": 70.72,
            "1": 69.67999999999999,
            "hypercube": 52.559999999999995
        },
        "0.6": {
            "0": 61.36000000000001,
            "1": 64.08,
            "hypercube": 42.24
        },
        "0.7": {
            "0": 52.480000000000004,
            "1": 54.559999999999995,
            "hypercube": 32.4
        },
        "0.8": {
            "0": 41.36,
            "1": 44.56,
            "hypercube": 20.880000000000003
        },
        "0.9": {
            "0": 30.240000000000002,
            "1": 30.240000000000002,
            "hypercube": 9.84
        }
    },
    "2": {
        "0.1": {
            "0": 94.0,
            "1": 91.75999999999999,
            "hypercube": 88.16000000000001
        },
        "0.2": {
            "0": 85.84,
            "1": 84.56,
            "hypercube": 75.92
        },
        "0.3": {
            "0": 80.72,
            "1": 79.36,
            "hypercube": 67.36
        },
        "0.4": {
            "0": 73.28,
            "1": 72.32,
            "hypercube": 56.48
        },
        "0.5": {
            "0": 65.84,
            "1": 65.2,
            "hypercube": 47.04
        },
        "0.6": {
            "0": 57.36,
            "1": 57.92,
            "hypercube": 37.76
        },
        "0.7": {
            "0": 50.160000000000004,
            "1": 49.2,
            "hypercube": 29.599999999999998
        },
        "0.8": {
            "0": 40.56,
            "1": 40.239999999999995,
            "hypercube": 19.52
        },
        "0.9": {
            "0": 28.000000000000004,
            "1": 27.6,
            "hypercube": 8.799999999999999
        }
    },
    "3": {
        "0.1": {
            "0": 94.08,
            "1": 94.64,
            "hypercube": 90.72
        },
        "0.2": {
            "0": 89.2,
            "1": 89.2,
            "hypercube": 82.24000000000001
        },
        "0.3": {
            "0": 82.8,
            "1": 83.12,
            "hypercube": 72.08
        },
        "0.4": {
            "0": 77.2,
            "1": 77.28,
            "hypercube": 63.6
        },
        "0.5": {
            "0": 70.64,
            "1": 71.28,
            "hypercube": 54.48
        },
        "0.6": {
            "0": 62.72,
            "1": 62.8,
            "hypercube": 43.36
        },
        "0.7": {
            "0": 54.48,
            "1": 53.839999999999996,
            "hypercube": 32.16
        },
        "0.8": {
            "0": 42.88,
            "1": 45.6,
            "hypercube": 20.560000000000002
        },
        "0.9": {
            "0": 28.88,
            "1": 28.000000000000004,
            "hypercube": 9.6
        }
    },
    "4": {
        "0.1": {
            "0": 95.28,
            "1": 93.04,
            "hypercube": 90.72
        },
        "0.2": {
            "0": 87.6,
            "1": 87.03999999999999,
            "hypercube": 79.03999999999999
        },
        "0.3": {
            "0": 82.0,
            "1": 81.12,
            "hypercube": 69.52000000000001
        },
        "0.4": {
            "0": 78.24,
            "1": 74.0,
            "hypercube": 61.760000000000005
        },
        "0.5": {
            "0": 72.72,
            "1": 68.32000000000001,
            "hypercube": 52.800000000000004
        },
        "0.6": {
            "0": 64.0,
            "1": 60.4,
            "hypercube": 42.32
        },
        "0.7": {
            "0": 53.44,
            "1": 51.04,
            "hypercube": 30.64
        },
        "0.8": {
            "0": 42.4,
            "1": 41.36,
            "hypercube": 19.439999999999998
        },
        "0.9": {
            "0": 27.6,
            "1": 29.12,
            "hypercube": 8.4
        }
    },
    "5": {
        "0.1": {
            "0": 93.75500400320256,
            "1": 93.99519615692554,
            "hypercube": 89.9919935948759
        },
        "0.2": {
            "0": 88.31064851881504,
            "1": 88.55084067253803,
            "hypercube": 80.38430744595676
        },
        "0.3": {
            "0": 81.90552441953562,
            "1": 82.62610088070457,
            "hypercube": 70.61649319455564
        },
        "0.4": {
            "0": 74.85988791032825,
            "1": 77.50200160128102,
            "hypercube": 61.0088070456365
        },
        "0.5": {
            "0": 67.09367493995197,
            "1": 71.0968775020016,
            "hypercube": 50.28022417934348
        },
        "0.6": {
            "0": 59.80784627702162,
            "1": 63.730984787830266,
            "hypercube": 41.63330664531625
        },
        "0.7": {
            "0": 53.002401921537235,
            "1": 52.361889511609284,
            "hypercube": 31.385108086469177
        },
        "0.8": {
            "0": 44.275420336269015,
            "1": 43.71497197758207,
            "hypercube": 21.537229783827062
        },
        "0.9": {
            "0": 30.904723779023218,
            "1": 32.586068855084065,
            "hypercube": 11.289031224979984
        }
    },
    "6": {
        "0.1": {
            "0": 93.59487590072058,
            "1": 92.87429943955165,
            "hypercube": 88.871096877502
        },
        "0.2": {
            "0": 88.791032826261,
            "1": 84.30744595676542,
            "hypercube": 76.94155324259407
        },
        "0.3": {
            "0": 83.18654923939151,
            "1": 76.7013610888711,
            "hypercube": 66.29303442754203
        },
        "0.4": {
            "0": 75.34027221777421,
            "1": 70.13610888710969,
            "hypercube": 56.44515612489992
        },
        "0.5": {
            "0": 67.17373899119295,
            "1": 61.64931945556445,
            "hypercube": 45.07606084867894
        },
        "0.6": {
            "0": 59.80784627702162,
            "1": 56.76541232986389,
            "hypercube": 38.03042433947157
        },
        "0.7": {
            "0": 52.2017614091273,
            "1": 46.036829463570854,
            "hypercube": 26.74139311449159
        },
        "0.8": {
            "0": 42.03362690152122,
            "1": 37.30984787830264,
            "hypercube": 16.33306645316253
        },
        "0.9": {
            "0": 27.782225780624497,
            "1": 25.940752602081663,
            "hypercube": 7.526020816653323
        }
    },