{
    "0": {
        "0.05131670194948623": {
            "0": 95.36,
            "1": 95.04,
            "hypercube": 92.4
        },
        "0.10557280900008414": {
            "0": 91.12,
            "1": 87.92,
            "hypercube": 82.56
        },
        "0.16333997346592444": {
            "0": 86.0,
            "1": 82.16,
            "hypercube": 72.88
        },
        "0.2254033307585166": {
            "0": 78.96,
            "1": 75.6,
            "hypercube": 62.88
        },
        "0.2928932188134524": {
            "0": 73.11999999999999,
            "1": 70.72,
            "hypercube": 55.04
        },
        "0.3675444679663241": {
            "0": 65.68,
            "1": 63.92,
            "hypercube": 45.92
        },
        "0.4522774424948338": {
            "0": 59.519999999999996,
            "1": 57.599999999999994,
            "hypercube": 38.48
        },
        "0.5527864045000421": {
            "0": 50.56,
            "1": 48.08,
            "hypercube": 27.92
        },
        "0.6837722339831621": {
            "0": 33.839999999999996,
            "1": 34.96,
            "hypercube": 12.8
        }
    },
    "1": {
        "0.05131670194948623": {
            "0": 94.39999999999999,
            "1": 94.96,
            "hypercube": 91.92
        },
        "0.10557280900008414": {
            "0": 88.64,
            "1": 88.08,
            "hypercube": 80.96
        },
        "0.16333997346592444": {
            "0": 84.08,
            "1": 83.52000000000001,
            "hypercube": 73.68
        },
        "0.2254033307585166": {
            "0": 78.16,
            "1": 78.88,
            "hypercube": 65.36
        },
        "0.2928932188134524": {
            "0": 72.08,
            "1": 72.56,
            "hypercube": 56.00000000000001
        },
        "0.3675444679663241": {
            "0": 64.8,
            "1": 65.36,
            "hypercube": 45.440000000000005
        },
        "0.4522774424948338": {
            "0": 54.0,
            "1": 56.48,
            "hypercube": 34.239999999999995
        },
        "0.5527864045000421": {
            "0": 43.44,
            "1": 46.64,
            "hypercube": 23.119999999999997
        },
        "0.6837722339831621": {
            "0": 32.32,
            "1": 32.32,
            "hypercube": 11.76
        }
    },
    "2": {
        "0.05131670194948623": {
            "0": 94.56,
            "1": 92.72,
            "hypercube": 89.60000000000001
        },
        "0.10557280900008414": {
            "0": 86.8,
            "1": 85.28,
            "hypercube": 77.28
        },
        "0.16333997346592444": {
            "0": 81.67999999999999,
            "1": 81.36,
            "hypercube": 69.67999999999999
        },
        "0.2254033307585166": {
            "0": 75.03999999999999,
            "1": 73.2,
            "hypercube": 58.48
        },
        "0.2928932188134524": {
            "0": 68.8,
            "1": 67.36,
            "hypercube": 50.480000000000004
        },
        "0.3675444679663241": {
            "0": 61.839999999999996,
            "1": 60.4,
            "hypercube": 41.6
        },
        "0.4522774424948338": {
            "0": 53.28000000000001,
            "1": 52.32,
            "hypercube": 32.800000000000004
        },
        "0.5527864045000421": {
            "0": 43.84,
            "1": 43.6,
            "hypercube": 22.8
        },
        "0.6837722339831621": {
            "0": 31.44,
            "1": 30.159999999999997,
            "hypercube": 11.04
        }
    },
    "3": {
        "0.05131670194948623": {
            "0": 95.12,
            "1": 95.52000000000001,
            "hypercube": 92.08
        },
        "0.10557280900008414": {
            "0": 91.12,
            "1": 90.24,
            "hypercube": 84.32
        },
        "0.16333997346592444": {
            "0": 84.08,
            "1": 84.8,
            "hypercube": 74.08
        },
        "0.2254033307585166": {
            "0": 78.16,
            "1": 78.72,
            "hypercube": 65.03999999999999
        },
        "0.2928932188134524": {
            "0": 73.2,
            "1": 74.48,
            "hypercube": 58.48
        },
        "0.3675444679663241": {
            "0": 65.68,
            "1": 66.08000000000001,
            "hypercube": 47.52
        },
        "0.4522774424948338": {
            "0": 56.96,
            "1": 57.440000000000005,
            "hypercube": 36.32
        },
        "0.5527864045000421": {
            "0": 47.28,
            "1": 49.76,
            "hypercube": 25.2
        },
        "0.6837722339831621": {
            "0": 31.680000000000003,
            "1": 31.52,
            "hypercube": 11.600000000000001
        }
    },
    "4": {
        "0.05131670194948623": {
            "0": 95.6,
            "1": 93.92,
            "hypercube": 91.92
        },
        "0.10557280900008414": {
            "0": 88.88000000000001,
            "1": 88.8,
            "hypercube": 81.44
        },
        "0.16333997346592444": {
            "0": 83.91999999999999,
            "1": 83.12,
            "hypercube": 72.72
        },
        "0.2254033307585166": {
            "0": 79.28,
            "1": 77.52,
            "hypercube": 64.96
        },
        "0.2928932188134524": {
            "0": 75.28,
            "1": 71.2,
            "hypercube": 57.120000000000005
        },
        "0.3675444679663241": {
            "0": 67.44,
            "1": 65.28,
            "hypercube": 46.800000000000004
        },
        "0.4522774424948338": {
            "0": 58.48,
            "1": 56.00000000000001,
            "hypercube": 35.6
        },
        "0.5527864045000421": {
            "0": 48.4,
            "1": 44.64,
            "hypercube": 24.32
        },
        "0.6837722339831621": {
            "0": 33.36,
            "1": 33.28,
            "hypercube": 12.08
        }
    },
    "5": {
        "0.05131670194948623": {
            "0": 94.31545236188951,
            "1": 94.55564451561249,
            "hypercube": 91.03282626100881
        },
        "0.10557280900008414": {
            "0": 89.11128903122498,
            "1": 88.871096877502,
            "hypercube": 81.34507606084867
        },
        "0.16333997346592444": {
            "0": 83.2666132906325,
            "1": 85.02802241793435,
            "hypercube": 73.49879903923139
        },
        "0.2254033307585166": {
            "0": 75.5804643714972,
            "1": 79.10328262610088,
            "hypercube": 62.770216172938355
        },
        "0.2928932188134524": {
            "0": 69.25540432345876,
            "1": 73.49879903923139,
            "hypercube": 53.56285028022418
        },
        "0.3675444679663241": {
            "0": 63.250600480384314,
            "1": 66.29303442754203,
            "hypercube": 45.07606084867894
        },
        "0.4522774424948338": {
            "0": 55.564451561248994,
            "1": 56.12489991993594,
            "hypercube": 34.507606084867895
        },
        "0.5527864045000421": {
            "0": 47.397918334667736,
            "1": 46.35708566853482,
            "hypercube": 25.060048038430743
        },
        "0.6837722339831621": {
            "0": 33.306645316253004,
            "1": 36.028823058446754,
            "hypercube": 13.130504403522819
        }
    },
    "6": {
        "0.05131670194948623": {
            "0": 93.91513210568455,
            "1": 93.51481184947959,
            "hypercube": 89.83186549239392
        },
        "0.10557280900008414": {
            "0": 89.83186549239392,
            "1": 85.5084067253803,
            "hypercube": 78.8630904723779
        },
        "0.16333997346592444": {
            "0": 85.42834267413932,
            "1": 79.18334667734187,
            "hypercube": 70.13610888710969
        },
        "0.2254033307585166": {
            "0": 78.8630904723779,
            "1": 72.61809447558046,