{
    "0": {
        "0.1": {
            "0": 95.19999999999999,
            "1": 95.04,
            "hypercube": 92.16
        },
        "0.2": {
            "0": 88.88000000000001,
            "1": 87.6,
            "hypercube": 80.47999999999999
        },
        "0.3": {
            "0": 83.67999999999999,
            "1": 81.92,
            "hypercube": 71.36
        },
        "0.4": {
            "0": 77.03999999999999,
            "1": 74.4,
            "hypercube": 59.84
        },
        "0.5": {
            "0": 71.36,
            "1": 68.08,
            "hypercube": 51.28
        },
        "0.6": {
            "0": 62.72,
            "1": 61.44,
            "hypercube": 41.04
        },
        "0.7": {
            "0": 55.67999999999999,
            "1": 50.0,
            "hypercube": 29.28
        },
        "0.8": {
            "0": 43.6,
            "1": 42.08,
            "hypercube": 17.84
        },
        "0.9": {
            "0": 27.76,
            "1": 26.8,
            "hypercube": 7.6
        }
    },
    "1": {
        "0.1": {
            "0": 92.56,
            "1": 93.67999999999999,
            "hypercube": 88.56
        },
        "0.2": {
            "0": 86.64,
            "1": 87.68,
            "hypercube": 78.8
        },
        "0.3": {
            "0": 81.67999999999999,
            "1": 82.64,
            "hypercube": 70.96000000000001
        },
        "0.4": {
            "0": 77.03999999999999,
            "1": 78.64,
            "hypercube": 64.48
        },
        "0.5": {
            "0": 69.6,
            "1": 70.0,
            "hypercube": 52.559999999999995
        },
        "0.6": {
            "0": 60.0,
            "1": 63.12,
            "hypercube": 41.120000000000005
        },
        "0.7": {
            "0": 52.480000000000004,
            "1": 54.48,
            "hypercube": 30.56
        },
        "0.8": {
            "0": 40.72,
            "1": 43.6,
            "hypercube": 18.72
        },
        "0.9": {
            "0": 27.04,
            "1": 31.36,
            "hypercube": 8.0
        }
    },
    "2": {
        "0.1": {
            "0": 94.39999999999999,
            "1": 92.56,
            "hypercube": 88.96
        },
        "0.2": {
            "0": 86.64,
            "1": 87.36,
            "hypercube": 78.0
        },
        "0.3": {
            "0": 82.0,
            "1": 81.52000000000001,
            "hypercube": 68.88
        },
        "0.4": {
            "0": 73.28,
            "1": 75.92,
            "hypercube": 58.56
        },
        "0.5": {
            "0": 65.36,
            "1": 66.8,
            "hypercube": 46.32
        },
        "0.6": {
            "0": 58.48,
            "1": 58.56,
            "hypercube": 36.480000000000004
        },
        "0.7": {
            "0": 52.16,
            "1": 47.52,
            "hypercube": 25.919999999999998
        },
        "0.8": {
            "0": 41.92,
            "1": 41.44,
            "hypercube": 17.76
        },
        "0.9": {
            "0": 30.159999999999997,
            "1": 29.28,
            "hypercube": 8.559999999999999
        }
    },
    "3": {
        "0.1": {
            "0": 94.8,
            "1": 94.08,
            "hypercube": 90.32
        },
        "0.2": {
            "0": 90.56,
            "1": 88.48,
            "hypercube": 81.92
        },
        "0.3": {
            "0": 83.44,
            "1": 83.67999999999999,
            "hypercube": 72.32
        },
        "0.4": {
            "0": 76.4,
            "1": 77.12,
            "hypercube": 61.760000000000005
        },
        "0.5": {
            "0": 70.0,
            "1": 68.56,
            "hypercube": 50.72
        },
        "0.6": {
            "0": 62.88,
            "1": 60.72,
            "hypercube": 40.72
        },
        "0.7": {
            "0": 54.800000000000004,
            "1": 50.63999999999999,
            "hypercube": 28.64
        },
        "0.8": {
            "0": 42.64,
            "1": 38.56,
            "hypercube": 17.2
        },
        "0.9": {
            "0": 27.36,
            "1": 26.640000000000004,
            "hypercube": 7.76
        }
    },
    "4": {
        "0.1": {
            "0": 94.56,
            "1": 94.16,
            "hypercube": 90.72
        },
        "0.2": {
            "0": 88.0,
            "1": 88.8,
            "hypercube": 80.24
        },
        "0.3": {
            "0": 82.48,
            "1": 83.12,
            "hypercube": 70.39999999999999
        },
        "0.4": {
            "0": 77.60000000000001,
            "1": 77.75999999999999,
            "hypercube": 61.919999999999995
        },
        "0.5": {
            "0": 71.44,
            "1": 68.24,
            "hypercube": 50.239999999999995
        },
        "0.6": {
            "0": 65.44,
            "1": 59.36,
            "hypercube": 39.519999999999996
        },
        "0.7": {
            "0": 56.64,
            "1": 52.480000000000004,
            "hypercube": 31.119999999999997
        },
        "0.8": {
            "0": 46.800000000000004,
            "1": 41.04,
            "hypercube": 19.6
        },
        "0.9": {
            "0": 31.28,
            "1": 27.12,
            "hypercube": 8.72
        }
    },
    "5": {
        "0.1": {
            "0": 92.55404323458767,
            "1": 93.43474779823859,
            "hypercube": 87.99039231385109
        },
        "0.2": {
            "0": 86.22898318654923,
            "1": 86.94955964771817,
            "hypercube": 77.662129703763
        },
        "0.3": {
            "0": 81.66533226581265,
            "1": 80.78462770216173,
            "hypercube": 69.01521216973579
        },
        "0.4": {
            "0": 72.93835068054445,
            "1": 72.53803042433947,
            "hypercube": 56.76541232986389
        },
        "0.5": {
            "0": 67.41393114491594,
            "1": 67.7341873498799,
            "hypercube": 48.83907125700561
        },
        "0.6": {
            "0": 59.087269815852686,
            "1": 61.0088070456365,
            "hypercube": 39.55164131305044
        },
        "0.7": {
            "0": 51.72137710168134,
            "1": 52.041633306645316,
            "hypercube": 29.143314651721376
        },
        "0.8": {
            "0": 41.47317854283427,
            "1": 44.035228182546035,
            "hypercube": 19.935948759007204
        },
        "0.9": {
            "0": 31.144915932746198,
            "1": 29.703763010408323,
            "hypercube": 9.047237790232186
        }
    },
    "6": {
        "0.1": {
            "0": 93.35468374699761,
            "1": 92.55404323458767,
            "hypercube": 88.07045636509207
        },
        "0.2": {
            "0": 89.27141713370696,
            "1": 86.54923939151321,
            "hypercube": 79.42353883106486
        },
        "0.3": {
            "0": 83.90712570056044,
            "1": 78.14251401120896,
            "hypercube": 67.57405924739793
        },
        "0.4": {
            "0": 78.38270616493195,
            "1": 72.93835068054445,
            "hypercube": 59.647718174539634
        },
        "0.5": {
            "0": 71.81745396317054,
            "1": 62.289831865492395,
            "hypercube": 47.55804643714972
        },
        "0.6": {
            "0": 64.13130504403523,
            "1": 55.964771817453965,
            "hypercube": 37.630104083266616
        },
        "0.7": {
            "0": 56.28502802241794,
            "1": 46.91753402722178,
            "hypercube": 27.141713370696557
        },
        "0.8": {
            "0": 45.236188951160926,
            "1": 37.389911929543636,
            "hypercube": 16.573258606885506
        },
        "0.9": {
            "0": 29.62369895916733,
            "1": 27.22177742193755,
            "hypercube": 7.125700560448359
        }
    },
    "7": {
        "0.1": {
            "0": 94.07526020816654,