{
    "0": {
        "0.05131670194948623": {
            "0": 95.6,
            "1": 96.16,
            "hypercube": 93.60000000000001
        },
        "0.10557280900008414": {
            "0": 90.0,
            "1": 88.8,
            "hypercube": 82.48
        },
        "0.16333997346592444": {
            "0": 84.88,
            "1": 83.04,
            "hypercube": 73.44000000000001
        },
        "0.2254033307585166": {
            "0": 79.67999999999999,
            "1": 76.64,
            "hypercube": 63.839999999999996
        },
        "0.2928932188134524": {
            "0": 74.08,
            "1": 70.88,
            "hypercube": 55.120000000000005
        },
        "0.3675444679663241": {
            "0": 66.56,
            "1": 62.96000000000001,
            "hypercube": 44.4
        },
        "0.4522774424948338": {
            "0": 59.36,
            "1": 54.879999999999995,
            "hypercube": 34.08
        },
        "0.5527864045000421": {
            "0": 48.480000000000004,
            "1": 44.56,
            "hypercube": 22.0
        },
        "0.6837722339831621": {
            "0": 32.56,
            "1": 29.92,
            "hypercube": 9.44
        }
    },
    "1": {
        "0.05131670194948623": {
            "0": 93.92,
            "1": 94.56,
            "hypercube": 90.64
        },
        "0.10557280900008414": {
            "0": 87.28,
            "1": 88.56,
            "hypercube": 79.84
        },
        "0.16333997346592444": {
            "0": 82.16,
            "1": 84.24000000000001,
            "hypercube": 72.56
        },
        "0.2254033307585166": {
            "0": 77.60000000000001,
            "1": 78.8,
            "hypercube": 65.03999999999999
        },
        "0.2928932188134524": {
            "0": 70.72,
            "1": 72.16,
            "hypercube": 54.48
        },
        "0.3675444679663241": {
            "0": 62.239999999999995,
            "1": 64.64,
            "hypercube": 43.76
        },
        "0.4522774424948338": {
            "0": 54.879999999999995,
            "1": 56.56,
            "hypercube": 33.44
        },
        "0.5527864045000421": {
            "0": 42.88,
            "1": 45.36,
            "hypercube": 20.48
        },
        "0.6837722339831621": {
            "0": 28.799999999999997,
            "1": 33.12,
            "hypercube": 9.2
        }
    },
    "2": {
        "0.05131670194948623": {
            "0": 94.96,
            "1": 94.24,
            "hypercube": 91.03999999999999
        },
        "0.10557280900008414": {
            "0": 86.96000000000001,
            "1": 87.76,
            "hypercube": 78.64
        },
        "0.16333997346592444": {
            "0": 82.96,
            "1": 83.12,
            "hypercube": 70.8
        },
        "0.2254033307585166": {
            "0": 74.88,
            "1": 77.2,
            "hypercube": 60.72
        },
        "0.2928932188134524": {
            "0": 68.4,
            "1": 72.24000000000001,
            "hypercube": 52.239999999999995
        },
        "0.3675444679663241": {
            "0": 60.64000000000001,
            "1": 61.040000000000006,
            "hypercube": 39.36
        },
        "0.4522774424948338": {
            "0": 54.08,
            "1": 49.84,
            "hypercube": 28.64
        },
        "0.5527864045000421": {
            "0": 44.080000000000005,
            "1": 43.28,
            "hypercube": 19.6
        },
        "0.6837722339831621": {
            "0": 33.76,
            "1": 31.840000000000003,
            "hypercube": 10.56
        }
    },
    "3": {
        "0.05131670194948623": {
            "0": 95.12,
            "1": 95.44,
            "hypercube": 91.84
        },
        "0.10557280900008414": {
            "0": 91.2,
            "1": 89.2,
            "hypercube": 82.96
        },
        "0.16333997346592444": {
            "0": 84.39999999999999,
            "1": 84.88,
            "hypercube": 73.92
        },
        "0.2254033307585166": {
            "0": 77.92,
            "1": 78.08,
            "hypercube": 63.44
        },
        "0.2928932188134524": {
            "0": 72.16,
            "1": 70.8,
            "hypercube": 54.08
        },
        "0.3675444679663241": {
            "0": 64.56,
            "1": 62.8,
            "hypercube": 43.28
        },
        "0.4522774424948338": {
            "0": 57.599999999999994,
            "1": 54.16,
            "hypercube": 33.040000000000006
        },
        "0.5527864045000421": {
            "0": 46.48,
            "1": 43.28,
            "hypercube": 21.6
        },
        "0.6837722339831621": {
            "0": 31.119999999999997,
            "1": 28.4,
            "hypercube": 9.36
        }
    },
    "4": {
        "0.05131670194948623": {
            "0": 94.96,
            "1": 94.96,
            "hypercube": 91.75999999999999
        },
        "0.10557280900008414": {
            "0": 89.12,
            "1": 89.84,
            "hypercube": 82.08
        },
        "0.16333997346592444": {
            "0": 83.76,
            "1": 84.24000000000001,
            "hypercube": 72.56
        },
        "0.2254033307585166": {
            "0": 78.48,
            "1": 78.48,
            "hypercube": 63.28
        },
        "0.2928932188134524": {
            "0": 73.52,
            "1": 70.72,
            "hypercube": 53.6
        },
        "0.3675444679663241": {
            "0": 67.60000000000001,
            "1": 62.63999999999999,
            "hypercube": 43.6
        },
        "0.4522774424948338": {
            "0": 58.879999999999995,
            "1": 54.800000000000004,
            "hypercube": 33.28
        },
        "0.5527864045000421": {
            "0": 50.32,
            "1": 45.519999999999996,
            "hypercube": 23.44
        },
        "0.6837722339831621": {
            "0": 34.64,
            "1": 30.4,
            "hypercube": 10.72
        }
    },
    "5": {
        "0.05131670194948623": {
            "0": 93.99519615692554,
            "1": 94.95596477181746,
            "hypercube": 90.79263410728583
        },
        "0.10557280900008414": {
            "0": 87.10968775020017,
            "1": 88.15052041633307,
            "hypercube": 79.50360288230584
        },
        "0.16333997346592444": {
            "0": 82.94635708566854,
            "1": 82.14571657325861,
            "hypercube": 71.57726180944756
        },
        "0.2254033307585166": {
            "0": 76.06084867894315,
            "1": 74.77982385908727,
            "hypercube": 60.0480384307446
        },
        "0.2928932188134524": {
            "0": 69.57566052842273,
            "1": 69.09527622097679,
            "hypercube": 51.32105684547638
        },
        "0.3675444679663241": {
            "0": 62.12970376301041,
            "1": 63.65092073658927,
            "hypercube": 42.834267413931144
        },
        "0.4522774424948338": {
            "0": 54.763811048839074,
            "1": 53.88310648518815,
            "hypercube": 31.705364291433145
        },
        "0.5527864045000421": {
            "0": 45.956765412329865,
            "1": 45.15612489991994,
            "hypercube": 22.257806244995997
        },
        "0.6837722339831621": {
            "0": 33.62690152121697,
            "1": 34.02722177742194,
            "hypercube": 11.689351481184948
        }
    },
    "6": {
        "0.05131670194948623": {
            "0": 93.51481184947959,
            "1": 94.71577261809448,
            "hypercube": 90.0720576461169
        },
        "0.10557280900008414": {
            "0": 90.31224979983988,
            "1": 87.51000800640513,
            "hypercube": 80.94475580464372
        },
        "0.16333997346592444": {
            "0": 85.66853482786229,
            "1": 79.34347477982386,
            "hypercube": 70.21617293835068
        },
        "0.2254033307585166": {
            "0": 80.14411529223379,