{
    "0": {
        "0.1": {
            "0": 94.64,
            "1": 94.96,
            "hypercube": 91.60000000000001
        },
        "0.2": {
            "0": 89.44,
            "1": 86.4,
            "hypercube": 79.84
        },
        "0.3": {
            "0": 82.72,
            "1": 79.84,
            "hypercube": 69.44
        },
        "0.4": {
            "0": 75.36,
            "1": 73.52,
            "hypercube": 58.720000000000006
        },
        "0.5": {
            "0": 70.64,
            "1": 66.16,
            "hypercube": 50.4
        },
        "0.6": {
            "0": 63.36000000000001,
            "1": 58.56,
            "hypercube": 41.36
        },
        "0.7": {
            "0": 55.279999999999994,
            "1": 51.04,
            "hypercube": 30.880000000000003
        },
        "0.8": {
            "0": 44.64,
            "1": 42.32,
            "hypercube": 19.919999999999998
        },
        "0.9": {
            "0": 31.36,
            "1": 29.759999999999998,
            "hypercube": 9.520000000000001
        }
    },
    "1": {
        "0.1": {
            "0": 92.96,
            "1": 94.88,
            "hypercube": 90.8
        },
        "0.2": {
            "0": 86.96000000000001,
            "1": 87.83999999999999,
            "hypercube": 79.36
        },
        "0.3": {
            "0": 81.28,
            "1": 83.04,
            "hypercube": 70.88
        },
        "0.4": {
            "0": 75.28,
            "1": 77.28,
            "hypercube": 61.760000000000005
        },
        "0.5": {
            "0": 68.64,
            "1": 70.56,
            "hypercube": 51.68000000000001
        },
        "0.6": {
            "0": 61.040000000000006,
            "1": 62.8,
            "hypercube": 41.04
        },
        "0.7": {
            "0": 50.480000000000004,
            "1": 52.72,
            "hypercube": 30.320000000000004
        },
        "0.8": {
            "0": 39.839999999999996,
            "1": 43.76,
            "hypercube": 21.2
        },
        "0.9": {
            "0": 28.88,
            "1": 30.8,
            "hypercube": 10.72
        }
    },
    "2": {
        "0.1": {
            "0": 95.19999999999999,
            "1": 92.56,
            "hypercube": 90.0
        },
        "0.2": {
            "0": 86.48,
            "1": 85.44,
            "hypercube": 76.64
        },
        "0.3": {
            "0": 79.84,
            "1": 79.28,
            "hypercube": 66.32000000000001
        },
        "0.4": {
            "0": 74.16,
            "1": 71.6,
            "hypercube": 57.199999999999996
        },
        "0.5": {
            "0": 65.75999999999999,
            "1": 64.56,
            "hypercube": 46.239999999999995
        },
        "0.6": {
            "0": 58.4,
            "1": 56.00000000000001,
            "hypercube": 36.64
        },
        "0.7": {
            "0": 51.68000000000001,
            "1": 48.88,
            "hypercube": 28.000000000000004
        },
        "0.8": {
            "0": 42.559999999999995,
            "1": 39.12,
            "hypercube": 18.240000000000002
        },
        "0.9": {
            "0": 28.48,
            "1": 25.679999999999996,
            "hypercube": 9.04
        }
    },
    "3": {
        "0.1": {
            "0": 94.96,
            "1": 95.36,
            "hypercube": 92.24
        },
        "0.2": {
            "0": 88.96,
            "1": 89.12,
            "hypercube": 81.67999999999999
        },
        "0.3": {
            "0": 83.44,
            "1": 84.56,
            "hypercube": 73.36
        },
        "0.4": {
            "0": 76.8,
            "1": 78.4,
            "hypercube": 63.92
        },
        "0.5": {
            "0": 69.76,
            "1": 72.08,
            "hypercube": 54.64
        },
        "0.6": {
            "0": 62.0,
            "1": 63.04,
            "hypercube": 42.8
        },
        "0.7": {
            "0": 54.08,
            "1": 52.16,
            "hypercube": 32.16
        },
        "0.8": {
            "0": 43.519999999999996,
            "1": 41.92,
            "hypercube": 21.759999999999998
        },
        "0.9": {
            "0": 29.68,
            "1": 27.92,
            "hypercube": 8.4
        }
    },
    "4": {
        "0.1": {
            "0": 95.19999999999999,
            "1": 94.64,
            "hypercube": 91.84
        },
        "0.2": {
            "0": 88.56,
            "1": 88.88000000000001,
            "hypercube": 80.96
        },
        "0.3": {
            "0": 82.8,
            "1": 83.91999999999999,
            "hypercube": 72.48
        },
        "0.4": {
            "0": 77.60000000000001,
            "1": 76.24,
            "hypercube": 62.480000000000004
        },
        "0.5": {
            "0": 71.04,
            "1": 68.96,
            "hypercube": 52.0
        },
        "0.6": {
            "0": 62.32,
            "1": 59.28,
            "hypercube": 39.76
        },
        "0.7": {
            "0": 53.6,
            "1": 52.559999999999995,
            "hypercube": 30.959999999999997
        },
        "0.8": {
            "0": 42.96,
            "1": 40.88,
            "hypercube": 19.040000000000003
        },
        "0.9": {
            "0": 28.32,
            "1": 26.8,
            "hypercube": 7.359999999999999
        }
    },
    "5": {
        "0.1": {
            "0": 94.95596477181746,
            "1": 94.31545236188951,
            "hypercube": 91.43314651721377
        },
        "0.2": {
            "0": 88.55084067253803,
            "1": 88.47077662129705,
            "hypercube": 80.70456365092073
        },
        "0.3": {
            "0": 81.74539631705365,
            "1": 83.98718975180144,
            "hypercube": 71.57726180944756
        },
        "0.4": {
            "0": 75.26020816653323,
            "1": 75.90072057646117,
            "hypercube": 60.20816653322658
        },
        "0.5": {
            "0": 68.69495596477182,
            "1": 68.37469975980784,
            "hypercube": 50.28022417934348
        },
        "0.6": {
            "0": 59.887910328262606,
            "1": 61.0088070456365,
            "hypercube": 39.391513210568455
        },
        "0.7": {
            "0": 50.76060848678943,
            "1": 51.64131305044035,
            "hypercube": 27.782225780624497
        },
        "0.8": {
            "0": 41.072858286629305,
            "1": 41.79343474779824,
            "hypercube": 17.133706965572458
        },
        "0.9": {
            "0": 30.66453162530024,
            "1": 29.943955164131303,
            "hypercube": 8.406725380304243
        }
    },
    "6": {
        "0.1": {
            "0": 94.4755804643715,
            "1": 92.63410728582866,
            "hypercube": 89.43154523618895
        },
        "0.2": {
            "0": 88.871096877502,
            "1": 84.3875100080064,
            "hypercube": 77.02161729383506
        },
        "0.3": {
            "0": 83.82706164931946,
            "1": 79.10328262610088,
            "hypercube": 68.61489191353083
        },
        "0.4": {
            "0": 77.26180944755805,
            "1": 71.49719775820657,
            "hypercube": 58.366693354683754
        },
        "0.5": {
            "0": 69.65572457966374,
            "1": 64.85188150520416,
            "hypercube": 48.83907125700561
        },
        "0.6": {
            "0": 59.32746196957566,
            "1": 56.28502802241794,
            "hypercube": 37.630104083266616
        },
        "0.7": {
            "0": 51.080864691753405,
            "1": 47.55804643714972,
            "hypercube": 27.622097678142516
        },
        "0.8": {
            "0": 37.950360288230584,
            "1": 39.151321056845475,
            "hypercube": 17.053642914331466
        },
        "0.9": {
            "0": 27.782225780624497,
            "1": 26.180944755804642,
            "hypercube": 7.686148919135308
        }
    },