{
    "0": {
        "0.1": {
            "0": 94.48,
            "1": 94.39999999999999,
            "hypercube": 91.03999999999999
        },
        "0.2": {
            "0": 89.12,
            "1": 87.2,
            "hypercube": 80.08
        },
        "0.3": {
            "0": 83.76,
            "1": 81.04,
            "hypercube": 70.72
        },
        "0.4": {
            "0": 78.48,
            "1": 75.92,
            "hypercube": 62.480000000000004
        },
        "0.5": {
            "0": 69.84,
            "1": 69.84,
            "hypercube": 51.68000000000001
        },
        "0.6": {
            "0": 62.88,
            "1": 61.519999999999996,
            "hypercube": 40.96
        },
        "0.7": {
            "0": 57.76,
            "1": 51.68000000000001,
            "hypercube": 30.8
        },
        "0.8": {
            "0": 44.72,
            "1": 42.72,
            "hypercube": 19.68
        },
        "0.9": {
            "0": 31.840000000000003,
            "1": 29.04,
            "hypercube": 9.44
        }
    },
    "1": {
        "0.1": {
            "0": 92.96,
            "1": 94.08,
            "hypercube": 89.2
        },
        "0.2": {
            "0": 87.44,
            "1": 88.48,
            "hypercube": 80.08
        },
        "0.3": {
            "0": 82.72,
            "1": 82.64,
            "hypercube": 72.0
        },
        "0.4": {
            "0": 77.03999999999999,
            "1": 76.96,
            "hypercube": 63.28
        },
        "0.5": {
            "0": 68.8,
            "1": 70.64,
            "hypercube": 52.32
        },
        "0.6": {
            "0": 60.4,
            "1": 64.0,
            "hypercube": 41.760000000000005
        },
        "0.7": {
            "0": 52.800000000000004,
            "1": 53.44,
            "hypercube": 30.159999999999997
        },
        "0.8": {
            "0": 41.6,
            "1": 43.04,
            "hypercube": 18.32
        },
        "0.9": {
            "0": 28.88,
            "1": 31.759999999999998,
            "hypercube": 9.120000000000001
        }
    },
    "2": {
        "0.1": {
            "0": 94.56,
            "1": 93.36,
            "hypercube": 89.84
        },
        "0.2": {
            "0": 87.28,
            "1": 87.52,
            "hypercube": 78.64
        },
        "0.3": {
            "0": 80.47999999999999,
            "1": 82.72,
            "hypercube": 68.72
        },
        "0.4": {
            "0": 72.32,
            "1": 76.48,
            "hypercube": 57.599999999999994
        },
        "0.5": {
            "0": 66.8,
            "1": 69.36,
            "hypercube": 49.2
        },
        "0.6": {
            "0": 60.88,
            "1": 60.88,
            "hypercube": 39.28
        },
        "0.7": {
            "0": 51.44,
            "1": 52.559999999999995,
            "hypercube": 28.720000000000002
        },
        "0.8": {
            "0": 42.24,
            "1": 41.68,
            "hypercube": 18.8
        },
        "0.9": {
            "0": 29.04,
            "1": 30.0,
            "hypercube": 8.959999999999999
        }
    },
    "3": {
        "0.1": {
            "0": 95.19999999999999,
            "1": 95.19999999999999,
            "hypercube": 91.75999999999999
        },
        "0.2": {
            "0": 89.44,
            "1": 89.60000000000001,
            "hypercube": 81.92
        },
        "0.3": {
            "0": 84.72,
            "1": 82.96,
            "hypercube": 72.8
        },
        "0.4": {
            "0": 76.4,
            "1": 75.84,
            "hypercube": 60.08
        },
        "0.5": {
            "0": 70.96000000000001,
            "1": 67.92,
            "hypercube": 50.080000000000005
        },
        "0.6": {
            "0": 62.96000000000001,
            "1": 60.0,
            "hypercube": 39.2
        },
        "0.7": {
            "0": 54.400000000000006,
            "1": 51.68000000000001,
            "hypercube": 30.080000000000002
        },
        "0.8": {
            "0": 42.64,
            "1": 39.04,
            "hypercube": 16.96
        },
        "0.9": {
            "0": 28.000000000000004,
            "1": 28.32,
            "hypercube": 8.16
        }
    },
    "4": {
        "0.1": {
            "0": 95.19999999999999,
            "1": 95.28,
            "hypercube": 92.08
        },
        "0.2": {
            "0": 89.12,
            "1": 89.52,
            "hypercube": 81.92
        },
        "0.3": {
            "0": 82.88,
            "1": 84.0,
            "hypercube": 71.84
        },
        "0.4": {
            "0": 78.64,
            "1": 78.56,
            "hypercube": 64.16
        },
        "0.5": {
            "0": 72.88,
            "1": 72.16,
            "hypercube": 54.48
        },
        "0.6": {
            "0": 66.72,
            "1": 64.16,
            "hypercube": 44.0
        },
        "0.7": {
            "0": 57.120000000000005,
            "1": 54.879999999999995,
            "hypercube": 32.48
        },
        "0.8": {
            "0": 45.839999999999996,
            "1": 44.4,
            "hypercube": 21.6
        },
        "0.9": {
            "0": 31.36,
            "1": 30.48,
            "hypercube": 10.0
        }
    },
    "5": {
        "0.1": {
            "0": 94.15532425940752,
            "1": 94.31545236188951,
            "hypercube": 90.47237790232185
        },
        "0.2": {
            "0": 88.31064851881504,
            "1": 88.791032826261,
            "hypercube": 80.78462770216173
        },
        "0.3": {
            "0": 80.94475580464372,
            "1": 82.14571657325861,
            "hypercube": 69.41553242594075
        },
        "0.4": {
            "0": 75.02001601281026,
            "1": 75.98078462770216,
            "hypercube": 60.28823058446757
        },
        "0.5": {
            "0": 68.13450760608487,
            "1": 67.49399519615693,
            "hypercube": 49.079263410728586
        },
        "0.6": {
            "0": 60.608486789431545,
            "1": 61.0088070456365,
            "hypercube": 39.55164131305044
        },
        "0.7": {
            "0": 53.16253002401922,
            "1": 50.680544435548434,
            "hypercube": 28.98318654923939
        },
        "0.8": {
            "0": 42.514011208967176,
            "1": 40.19215372297838,
            "hypercube": 17.45396317053643
        },
        "0.9": {
            "0": 27.862289831865496,
            "1": 28.742994395516412,
            "hypercube": 7.686148919135308
        }
    },
    "6": {
        "0.1": {
            "0": 93.43474779823859,
            "1": 91.83346677341873,
            "hypercube": 87.59007205764611
        },
        "0.2": {
            "0": 88.63090472377903,
            "1": 85.18815052041633,
            "hypercube": 77.90232185748599
        },
        "0.3": {
            "0": 82.86629303442754,
            "1": 79.10328262610088,
            "hypercube": 67.89431545236188
        },
        "0.4": {
            "0": 77.58206565252202,
            "1": 72.69815852682146,
            "hypercube": 58.366693354683754
        },
        "0.5": {
            "0": 70.45636509207365,
            "1": 63.971176941553246,
            "hypercube": 46.99759807846277
        },
        "0.6": {
            "0": 63.250600480384314,
            "1": 54.763811048839074,
            "hypercube": 35.708566853482786
        },
        "0.7": {
            "0": 54.3634907926341,
            "1": 47.958366693354684,
            "hypercube": 26.901521216973578
        },
        "0.8": {
            "0": 44.59567654123299,
            "1": 39.391513210568455,
            "hypercube": 17.934347477982385
        },
        "0.9": {
            "0": 29.22337870296237,
            "1": 26.74139311449159,
            "hypercube": 6.885508406725379
        }
    },
    "7": {
        "0.1": {
            "0": 93.75500400320256,