{
    "0": {
        "0.1": {
            "0": 93.76,
            "1": 93.84,
            "hypercube": 89.92
        },
        "0.2": {
            "0": 88.4,
            "1": 86.32,
            "hypercube": 78.64
        },
        "0.3": {
            "0": 83.76,
            "1": 81.04,
            "hypercube": 70.72
        },
        "0.4": {
            "0": 78.48,
            "1": 75.92,
            "hypercube": 62.480000000000004
        },
        "0.5": {
            "0": 69.84,
            "1": 69.84,
            "hypercube": 51.68000000000001
        },
        "0.6": {
            "0": 63.28,
            "1": 61.760000000000005,
            "hypercube": 41.28
        },
        "0.7": {
            "0": 58.32000000000001,
            "1": 53.12,
            "hypercube": 32.08
        },
        "0.8": {
            "0": 46.48,
            "1": 44.4,
            "hypercube": 20.880000000000003
        },
        "0.9": {
            "0": 35.120000000000005,
            "1": 32.800000000000004,
            "hypercube": 11.44
        }
    },
    "1": {
        "0.1": {
            "0": 92.4,
            "1": 93.52000000000001,
            "hypercube": 88.16000000000001
        },
        "0.2": {
            "0": 87.03999999999999,
            "1": 88.32,
            "hypercube": 79.60000000000001
        },
        "0.3": {
            "0": 82.39999999999999,
            "1": 82.16,
            "hypercube": 71.44
        },
        "0.4": {
            "0": 77.03999999999999,
            "1": 76.96,
            "hypercube": 63.28
        },
        "0.5": {
            "0": 68.8,
            "1": 70.64,
            "hypercube": 52.32
        },
        "0.6": {
            "0": 60.64000000000001,
            "1": 64.96,
            "hypercube": 42.64
        },
        "0.7": {
            "0": 53.839999999999996,
            "1": 55.36,
            "hypercube": 31.919999999999998
        },
        "0.8": {
            "0": 43.2,
            "1": 45.2,
            "hypercube": 20.32
        },
        "0.9": {
            "0": 31.36,
            "1": 33.92,
            "hypercube": 10.56
        }
    },
    "2": {
        "0.1": {
            "0": 94.0,
            "1": 92.47999999999999,
            "hypercube": 88.48
        },
        "0.2": {
            "0": 87.03999999999999,
            "1": 87.36,
            "hypercube": 78.32000000000001
        },
        "0.3": {
            "0": 80.0,
            "1": 82.56,
            "hypercube": 68.16
        },
        "0.4": {
            "0": 72.32,
            "1": 76.48,
            "hypercube": 57.599999999999994
        },
        "0.5": {
            "0": 66.24,
            "1": 68.72,
            "hypercube": 48.4
        },
        "0.6": {
            "0": 61.12,
            "1": 61.6,
            "hypercube": 40.0
        },
        "0.7": {
            "0": 53.2,
            "1": 54.400000000000006,
            "hypercube": 30.64
        },
        "0.8": {
            "0": 44.4,
            "1": 44.080000000000005,
            "hypercube": 20.64
        },
        "0.9": {
            "0": 33.040000000000006,
            "1": 33.68,
            "hypercube": 10.96
        }
    },
    "3": {
        "0.1": {
            "0": 95.04,
            "1": 94.16,
            "hypercube": 90.72
        },
        "0.2": {
            "0": 89.2,
            "1": 89.03999999999999,
            "hypercube": 81.36
        },
        "0.3": {
            "0": 84.72,
            "1": 82.96,
            "hypercube": 72.8
        },
        "0.4": {
            "0": 76.4,
            "1": 75.84,
            "hypercube": 60.08
        },
        "0.5": {
            "0": 71.36,
            "1": 68.4,
            "hypercube": 50.72
        },
        "0.6": {
            "0": 63.12,
            "1": 60.64000000000001,
            "hypercube": 39.6
        },
        "0.7": {
            "0": 54.96,
            "1": 52.480000000000004,
            "hypercube": 30.880000000000003
        },
        "0.8": {
            "0": 44.0,
            "1": 40.0,
            "hypercube": 18.4
        },
        "0.9": {
            "0": 30.48,
            "1": 30.320000000000004,
            "hypercube": 9.36
        }
    },
    "4": {
        "0.1": {
            "0": 94.72,
            "1": 94.88,
            "hypercube": 91.28
        },
        "0.2": {
            "0": 89.03999999999999,
            "1": 88.96,
            "hypercube": 81.44
        },
        "0.3": {
            "0": 82.48,
            "1": 83.44,
            "hypercube": 70.88
        },
        "0.4": {
            "0": 78.48,
            "1": 78.48,
            "hypercube": 64.08
        },
        "0.5": {
            "0": 72.88,
            "1": 72.16,
            "hypercube": 54.48
        },
        "0.6": {
            "0": 66.96,
            "1": 65.03999999999999,
            "hypercube": 44.800000000000004
        },
        "0.7": {
            "0": 57.68,
            "1": 56.16,
            "hypercube": 33.52
        },
        "0.8": {
            "0": 47.760000000000005,
            "1": 46.0,
            "hypercube": 22.96
        },
        "0.9": {
            "0": 34.4,
            "1": 33.040000000000006,
            "hypercube": 11.360000000000001
        }
    },
    "5": {
        "0.1": {
            "0": 92.79423538831065,
            "1": 93.11449159327462,
            "hypercube": 88.23058446757406
        },
        "0.2": {
            "0": 86.78943154523618,
            "1": 88.31064851881504,
            "hypercube": 79.10328262610088
        },
        "0.3": {
            "0": 80.94475580464372,
            "1": 82.14571657325861,
            "hypercube": 69.41553242594075
        },
        "0.4": {
            "0": 74.77982385908727,
            "1": 75.26020816653323,
            "hypercube": 59.647718174539634
        },
        "0.5": {
            "0": 68.61489191353083,
            "1": 67.57405924739793,
            "hypercube": 49.23939151321057
        },
        "0.6": {
            "0": 61.24899919935949,
            "1": 62.289831865492395,
            "hypercube": 40.912730184147314
        },
        "0.7": {
            "0": 55.004003202562046,
            "1": 53.48278622898318,
            "hypercube": 31.30504403522818
        },
        "0.8": {
            "0": 45.236188951160926,
            "1": 43.3146517213771,
            "hypercube": 20.416333066453163
        },
        "0.9": {
            "0": 31.064851881505206,
            "1": 31.144915932746198,
            "hypercube": 9.527622097678142
        }
    },
    "6": {
        "0.1": {
            "0": 93.11449159327462,
            "1": 91.83346677341873,
            "hypercube": 87.26981585268214
        },
        "0.2": {
            "0": 88.55084067253803,
            "1": 84.70776621297038,
            "hypercube": 77.34187349879905
        },
        "0.3": {
            "0": 82.70616493194555,
            "1": 78.70296236989591,
            "hypercube": 67.49399519615693
        },
        "0.4": {
            "0": 77.58206565252202,
            "1": 72.69815852682146,
            "hypercube": 58.366693354683754
        },
        "0.5": {
            "0": 71.2570056044836,
            "1": 64.69175340272217,
            "hypercube": 47.958366693354684
        },
        "0.6": {
            "0": 64.85188150520416,
            "1": 56.44515612489992,
            "hypercube": 37.950360288230584
        },
        "0.7": {
            "0": 55.964771817453965,
            "1": 49.639711769415534,
            "hypercube": 28.823058446757404
        },
        "0.8": {
            "0": 46.27702161729383,
            "1": 39.95196156925541,
            "hypercube": 18.57485988791033
        },
        "0.9": {
            "0": 31.064851881505206,
            "1": 27.782225780624497,
            "hypercube": 7.365892714171338
        }
    },
    "7": {
        "0.1": {
            "0": 93.67493995196156,