{
    "0": {
        "0.05131670194948623": {
            "0": 95.12,
            "1": 95.28,
            "hypercube": 92.32000000000001
        },
        "0.10557280900008414": {
            "0": 89.84,
            "1": 88.32,
            "hypercube": 81.76
        },
        "0.16333997346592444": {
            "0": 84.96000000000001,
            "1": 82.08,
            "hypercube": 72.24000000000001
        },
        "0.2254033307585166": {
            "0": 79.52,
            "1": 77.68,
            "hypercube": 64.64
        },
        "0.2928932188134524": {
            "0": 72.39999999999999,
            "1": 72.32,
            "hypercube": 55.120000000000005
        },
        "0.3675444679663241": {
            "0": 65.92,
            "1": 65.12,
            "hypercube": 45.28
        },
        "0.4522774424948338": {
            "0": 59.760000000000005,
            "1": 55.67999999999999,
            "hypercube": 34.64
        },
        "0.5527864045000421": {
            "0": 48.480000000000004,
            "1": 46.0,
            "hypercube": 22.8
        },
        "0.6837722339831621": {
            "0": 35.6,
            "1": 34.08,
            "hypercube": 12.08
        }
    },
    "1": {
        "0.05131670194948623": {
            "0": 93.52000000000001,
            "1": 94.32000000000001,
            "hypercube": 89.92
        },
        "0.10557280900008414": {
            "0": 88.16000000000001,
            "1": 89.52,
            "hypercube": 81.28
        },
        "0.16333997346592444": {
            "0": 84.32,
            "1": 83.67999999999999,
            "hypercube": 73.83999999999999
        },
        "0.2254033307585166": {
            "0": 78.96,
            "1": 77.84,
            "hypercube": 65.2
        },
        "0.2928932188134524": {
            "0": 71.2,
            "1": 71.92,
            "hypercube": 55.120000000000005
        },
        "0.3675444679663241": {
            "0": 62.88,
            "1": 66.24,
            "hypercube": 44.800000000000004
        },
        "0.4522774424948338": {
            "0": 54.24,
            "1": 56.39999999999999,
            "hypercube": 33.040000000000006
        },
        "0.5527864045000421": {
            "0": 43.68,
            "1": 46.239999999999995,
            "hypercube": 20.72
        },
        "0.6837722339831621": {
            "0": 31.04,
            "1": 33.92,
            "hypercube": 10.56
        }
    },
    "2": {
        "0.05131670194948623": {
            "0": 95.28,
            "1": 94.16,
            "hypercube": 91.36
        },
        "0.10557280900008414": {
            "0": 88.72,
            "1": 88.08,
            "hypercube": 80.47999999999999
        },
        "0.16333997346592444": {
            "0": 81.92,
            "1": 83.6,
            "hypercube": 70.72
        },
        "0.2254033307585166": {
            "0": 74.96000000000001,
            "1": 77.75999999999999,
            "hypercube": 60.96
        },
        "0.2928932188134524": {
            "0": 69.12,
            "1": 72.88,
            "hypercube": 53.2
        },
        "0.3675444679663241": {
            "0": 62.0,
            "1": 63.44,
            "hypercube": 42.16
        },
        "0.4522774424948338": {
            "0": 53.76,
            "1": 55.120000000000005,
            "hypercube": 31.52
        },
        "0.5527864045000421": {
            "0": 44.800000000000004,
            "1": 44.32,
            "hypercube": 20.96
        },
        "0.6837722339831621": {
            "0": 32.96,
            "1": 33.6,
            "hypercube": 10.879999999999999
        }
    },
    "3": {
        "0.05131670194948623": {
            "0": 95.6,
            "1": 95.36,
            "hypercube": 92.24
        },
        "0.10557280900008414": {
            "0": 90.8,
            "1": 90.32,
            "hypercube": 83.52000000000001
        },
        "0.16333997346592444": {
            "0": 85.68,
            "1": 84.72,
            "hypercube": 75.03999999999999
        },
        "0.2254033307585166": {
            "0": 78.24,
            "1": 77.75999999999999,
            "hypercube": 63.04
        },
        "0.2928932188134524": {
            "0": 72.88,
            "1": 70.64,
            "hypercube": 53.44
        },
        "0.3675444679663241": {
            "0": 64.8,
            "1": 63.36000000000001,
            "hypercube": 42.559999999999995
        },
        "0.4522774424948338": {
            "0": 57.199999999999996,
            "1": 55.120000000000005,
            "hypercube": 33.44
        },
        "0.5527864045000421": {
            "0": 46.32,
            "1": 41.6,
            "hypercube": 19.84
        },
        "0.6837722339831621": {
            "0": 30.4,
            "1": 30.320000000000004,
            "hypercube": 9.36
        }
    },
    "4": {
        "0.05131670194948623": {
            "0": 95.6,
            "1": 95.6,
            "hypercube": 92.80000000000001
        },
        "0.10557280900008414": {
            "0": 89.75999999999999,
            "1": 90.4,
            "hypercube": 83.36
        },
        "0.16333997346592444": {
            "0": 84.39999999999999,
            "1": 85.04,
            "hypercube": 73.83999999999999
        },
        "0.2254033307585166": {
            "0": 80.0,
            "1": 79.44,
            "hypercube": 65.84
        },
        "0.2928932188134524": {
            "0": 74.32,
            "1": 73.92,
            "hypercube": 57.199999999999996
        },
        "0.3675444679663241": {
            "0": 68.08,
            "1": 66.72,
            "hypercube": 46.64
        },
        "0.4522774424948338": {
            "0": 58.24,
            "1": 57.599999999999994,
            "hypercube": 34.72
        },
        "0.5527864045000421": {
            "0": 49.519999999999996,
            "1": 47.92,
            "hypercube": 24.88
        },
        "0.6837722339831621": {
            "0": 34.8,
            "1": 33.12,
            "hypercube": 11.600000000000001
        }
    },
    "5": {
        "0.05131670194948623": {
            "0": 94.4755804643715,
            "1": 94.55564451561249,
            "hypercube": 90.95276220976781
        },
        "0.10557280900008414": {
            "0": 89.27141713370696,
            "1": 89.35148118494796,
            "hypercube": 82.2257806244996
        },
        "0.16333997346592444": {
            "0": 82.54603682946357,
            "1": 83.2666132906325,
            "hypercube": 71.41713370696557
        },
        "0.2254033307585166": {
            "0": 77.26180944755805,
            "1": 78.22257806244995,
            "hypercube": 63.81104883907126
        },
        "0.2928932188134524": {
            "0": 69.9759807846277,
            "1": 70.53642914331465,
            "hypercube": 52.76220976781425
        },
        "0.3675444679663241": {
            "0": 63.01040832666133,
            "1": 63.3306645316253,
            "hypercube": 42.67413931144916
        },
        "0.4522774424948338": {
            "0": 55.80464371497198,
            "1": 54.283426741393114,
            "hypercube": 32.02562049639712
        },
        "0.5527864045000421": {
            "0": 46.11689351481185,
            "1": 44.35548438751001,
            "hypercube": 21.77742193755004
        },
        "0.6837722339831621": {
            "0": 31.865492393915133,
            "1": 32.1857485988791,
            "hypercube": 9.927942353883108
        }
    },
    "6": {
        "0.05131670194948623": {
            "0": 94.31545236188951,
            "1": 92.71417133706964,
            "hypercube": 89.19135308246598
        },
        "0.10557280900008414": {
            "0": 89.35148118494796,
            "1": 86.94955964771817,
            "hypercube": 80.0640512409928
        },
        "0.16333997346592444": {
            "0": 84.30744595676542,
            "1": 80.54443554843876,
            "hypercube": 70.13610888710969
        },