{
    "0": {
        "0.1": {
            "0": 94.0,
            "1": 94.24,
            "hypercube": 90.4
        },
        "0.2": {
            "0": 89.28,
            "1": 86.4,
            "hypercube": 79.67999999999999
        },
        "0.3": {
            "0": 82.32000000000001,
            "1": 79.52,
            "hypercube": 68.72
        },
        "0.4": {
            "0": 75.36,
            "1": 73.52,
            "hypercube": 58.720000000000006
        },
        "0.5": {
            "0": 70.72,
            "1": 66.47999999999999,
            "hypercube": 50.56
        },
        "0.6": {
            "0": 63.36000000000001,
            "1": 58.56,
            "hypercube": 41.36
        },
        "0.7": {
            "0": 55.67999999999999,
            "1": 51.839999999999996,
            "hypercube": 32.0
        },
        "0.8": {
            "0": 46.160000000000004,
            "1": 43.84,
            "hypercube": 21.52
        },
        "0.9": {
            "0": 35.04,
            "1": 32.800000000000004,
            "hypercube": 11.68
        }
    },
    "1": {
        "0.1": {
            "0": 92.64,
            "1": 93.92,
            "hypercube": 89.60000000000001
        },
        "0.2": {
            "0": 86.96000000000001,
            "1": 87.83999999999999,
            "hypercube": 79.36
        },
        "0.3": {
            "0": 81.76,
            "1": 83.36,
            "hypercube": 71.36
        },
        "0.4": {
            "0": 75.52,
            "1": 77.92,
            "hypercube": 62.480000000000004
        },
        "0.5": {
            "0": 69.44,
            "1": 71.2,
            "hypercube": 52.959999999999994
        },
        "0.6": {
            "0": 61.040000000000006,
            "1": 62.8,
            "hypercube": 41.04
        },
        "0.7": {
            "0": 50.480000000000004,
            "1": 52.88,
            "hypercube": 30.4
        },
        "0.8": {
            "0": 41.04,
            "1": 44.4,
            "hypercube": 22.16
        },
        "0.9": {
            "0": 31.119999999999997,
            "1": 32.800000000000004,
            "hypercube": 12.879999999999999
        }
    },
    "2": {
        "0.1": {
            "0": 93.44,
            "1": 91.67999999999999,
            "hypercube": 87.44
        },
        "0.2": {
            "0": 85.92,
            "1": 85.11999999999999,
            "hypercube": 76.0
        },
        "0.3": {
            "0": 80.08,
            "1": 79.52,
            "hypercube": 66.72
        },
        "0.4": {
            "0": 74.48,
            "1": 71.92,
            "hypercube": 57.599999999999994
        },
        "0.5": {
            "0": 65.75999999999999,
            "1": 64.56,
            "hypercube": 46.239999999999995
        },
        "0.6": {
            "0": 58.4,
            "1": 56.00000000000001,
            "hypercube": 36.64
        },
        "0.7": {
            "0": 52.0,
            "1": 50.4,
            "hypercube": 29.12
        },
        "0.8": {
            "0": 45.440000000000005,
            "1": 42.4,
            "hypercube": 19.919999999999998
        },
        "0.9": {
            "0": 28.799999999999997,
            "1": 25.840000000000003,
            "hypercube": 9.28
        }
    },
    "3": {
        "0.1": {
            "0": 94.56,
            "1": 94.8,
            "hypercube": 91.44
        },
        "0.2": {
            "0": 88.96,
            "1": 89.12,
            "hypercube": 81.67999999999999
        },
        "0.3": {
            "0": 83.36,
            "1": 84.16,
            "hypercube": 72.88
        },
        "0.4": {
            "0": 77.28,
            "1": 78.64,
            "hypercube": 64.48
        },
        "0.5": {
            "0": 70.64,
            "1": 72.88,
            "hypercube": 55.67999999999999
        },
        "0.6": {
            "0": 63.04,
            "1": 63.519999999999996,
            "hypercube": 43.84
        },
        "0.7": {
            "0": 53.68000000000001,
            "1": 51.92,
            "hypercube": 31.840000000000003
        },
        "0.8": {
            "0": 44.24,
            "1": 42.08,
            "hypercube": 22.0
        },
        "0.9": {
            "0": 31.919999999999998,
            "1": 30.959999999999997,
            "hypercube": 11.360000000000001
        }
    },
    "4": {
        "0.1": {
            "0": 94.96,
            "1": 94.16,
            "hypercube": 91.2
        },
        "0.2": {
            "0": 88.0,
            "1": 88.56,
            "hypercube": 80.32000000000001
        },
        "0.3": {
            "0": 82.56,
            "1": 83.52000000000001,
            "hypercube": 71.92
        },
        "0.4": {
            "0": 77.60000000000001,
            "1": 76.24,
            "hypercube": 62.480000000000004
        },
        "0.5": {
            "0": 70.88,
            "1": 68.88,
            "hypercube": 51.92
        },
        "0.6": {
            "0": 62.32,
            "1": 59.28,
            "hypercube": 39.76
        },
        "0.7": {
            "0": 54.16,
            "1": 52.800000000000004,
            "hypercube": 31.2
        },
        "0.8": {
            "0": 44.24,
            "1": 41.44,
            "hypercube": 19.919999999999998
        },
        "0.9": {
            "0": 30.959999999999997,
            "1": 30.159999999999997,
            "hypercube": 8.559999999999999
        }
    },
    "5": {
        "0.1": {
            "0": 94.31545236188951,
            "1": 93.1945556445156,
            "hypercube": 89.75180144115292
        },
        "0.2": {
            "0": 88.07045636509207,
            "1": 88.31064851881504,
            "hypercube": 80.22417934347477
        },
        "0.3": {
            "0": 81.74539631705365,
            "1": 83.98718975180144,
            "hypercube": 71.57726180944756
        },
        "0.4": {
            "0": 75.18014411529224,
            "1": 75.74059247397919,
            "hypercube": 59.96797437950361
        },
        "0.5": {
            "0": 68.69495596477182,
            "1": 68.37469975980784,
            "hypercube": 50.28022417934348
        },
        "0.6": {
            "0": 59.887910328262606,
            "1": 61.0088070456365,
            "hypercube": 39.391513210568455
        },
        "0.7": {
            "0": 50.76060848678943,
            "1": 51.64131305044035,
            "hypercube": 27.782225780624497
        },
        "0.8": {
            "0": 43.63490792634107,
            "1": 44.11529223378703,
            "hypercube": 19.53562850280224
        },
        "0.9": {
            "0": 32.02562049639712,
            "1": 32.826261008807045,
            "hypercube": 10.0080064051241
        }
    },
    "6": {
        "0.1": {
            "0": 94.39551641313051,
            "1": 90.95276220976781,
            "hypercube": 87.6701361088871
        },
        "0.2": {
            "0": 88.63090472377903,
            "1": 83.90712570056044,
            "hypercube": 76.38110488390713
        },
        "0.3": {
            "0": 83.66693354683747,
            "1": 79.02321857485988,
            "hypercube": 68.53482786228983
        },
        "0.4": {
            "0": 77.26180944755805,
            "1": 71.49719775820657,
            "hypercube": 58.366693354683754
        },
        "0.5": {
            "0": 69.49559647718175,
            "1": 64.69175340272217,
            "hypercube": 48.75900720576461
        },
        "0.6": {
            "0": 59.32746196957566,
            "1": 56.28502802241794,
            "hypercube": 37.630104083266616
        },
        "0.7": {
            "0": 51.080864691753405,
            "1": 47.55804643714972,
            "hypercube": 27.622097678142516
        },
        "0.8": {
            "0": 38.99119295436349,
            "1": 39.55164131305044,
            "hypercube": 17.854283426741393
        },
        "0.9": {
            "0": 30.34427542033627,