{
    "0": {
        "0.05131670194948623": {
            "0": 95.6,
            "1": 95.36,
            "hypercube": 92.96
        },
        "0.10557280900008414": {
            "0": 90.56,
            "1": 88.88000000000001,
            "hypercube": 82.96
        },
        "0.16333997346592444": {
            "0": 85.44,
            "1": 81.36,
            "hypercube": 72.08
        },
        "0.2254033307585166": {
            "0": 78.72,
            "1": 74.64,
            "hypercube": 62.0
        },
        "0.2928932188134524": {
            "0": 72.32,
            "1": 69.36,
            "hypercube": 53.6
        },
        "0.3675444679663241": {
            "0": 66.4,
            "1": 61.12,
            "hypercube": 44.879999999999995
        },
        "0.4522774424948338": {
            "0": 58.56,
            "1": 54.08,
            "hypercube": 35.44
        },
        "0.5527864045000421": {
            "0": 48.72,
            "1": 44.96,
            "hypercube": 23.599999999999998
        },
        "0.6837722339831621": {
            "0": 35.68,
            "1": 33.6,
            "hypercube": 12.0
        }
    },
    "1": {
        "0.05131670194948623": {
            "0": 93.2,
            "1": 95.12,
            "hypercube": 91.2
        },
        "0.10557280900008414": {
            "0": 88.24,
            "1": 88.96,
            "hypercube": 81.28
        },
        "0.16333997346592444": {
            "0": 82.39999999999999,
            "1": 83.52000000000001,
            "hypercube": 72.0
        },
        "0.2254033307585166": {
            "0": 78.32000000000001,
            "1": 79.03999999999999,
            "hypercube": 65.68
        },
        "0.2928932188134524": {
            "0": 70.64,
            "1": 72.24000000000001,
            "hypercube": 54.24
        },
        "0.3675444679663241": {
            "0": 63.839999999999996,
            "1": 65.36,
            "hypercube": 44.56
        },
        "0.4522774424948338": {
            "0": 52.72,
            "1": 54.559999999999995,
            "hypercube": 32.24
        },
        "0.5527864045000421": {
            "0": 43.68,
            "1": 46.0,
            "hypercube": 23.76
        },
        "0.6837722339831621": {
            "0": 31.2,
            "1": 33.6,
            "hypercube": 13.04
        }
    },
    "2": {
        "0.05131670194948623": {
            "0": 95.52000000000001,
            "1": 92.96,
            "hypercube": 90.72
        },
        "0.10557280900008414": {
            "0": 87.2,
            "1": 87.2,
            "hypercube": 78.4
        },
        "0.16333997346592444": {
            "0": 81.44,
            "1": 80.32000000000001,
            "hypercube": 68.64
        },
        "0.2254033307585166": {
            "0": 76.08,
            "1": 74.16,
            "hypercube": 59.760000000000005
        },
        "0.2928932188134524": {
            "0": 68.88,
            "1": 66.56,
            "hypercube": 50.239999999999995
        },
        "0.3675444679663241": {
            "0": 61.919999999999995,
            "1": 59.84,
            "hypercube": 41.199999999999996
        },
        "0.4522774424948338": {
            "0": 53.76,
            "1": 51.6,
            "hypercube": 30.959999999999997
        },
        "0.5527864045000421": {
            "0": 45.440000000000005,
            "1": 42.4,
            "hypercube": 19.919999999999998
        },
        "0.6837722339831621": {
            "0": 30.880000000000003,
            "1": 28.4,
            "hypercube": 10.4
        }
    },
    "3": {
        "0.05131670194948623": {
            "0": 95.92,
            "1": 96.0,
            "hypercube": 93.44
        },
        "0.10557280900008414": {
            "0": 91.12,
            "1": 90.0,
            "hypercube": 84.08
        },
        "0.16333997346592444": {
            "0": 85.11999999999999,
            "1": 86.08,
            "hypercube": 76.0
        },
        "0.2254033307585166": {
            "0": 79.67999999999999,
            "1": 80.24,
            "hypercube": 67.60000000000001
        },
        "0.2928932188134524": {
            "0": 71.92,
            "1": 74.64,
            "hypercube": 57.99999999999999
        },
        "0.3675444679663241": {
            "0": 66.08000000000001,
            "1": 66.16,
            "hypercube": 47.68
        },
        "0.4522774424948338": {
            "0": 57.440000000000005,
            "1": 56.96,
            "hypercube": 36.64
        },
        "0.5527864045000421": {
            "0": 46.96,
            "1": 45.12,
            "hypercube": 24.4
        },
        "0.6837722339831621": {
            "0": 33.44,
            "1": 32.24,
            "hypercube": 12.559999999999999
        }
    },
    "4": {
        "0.05131670194948623": {
            "0": 95.36,
            "1": 95.28,
            "hypercube": 92.47999999999999
        },
        "0.10557280900008414": {
            "0": 90.0,
            "1": 90.08,
            "hypercube": 83.04
        },
        "0.16333997346592444": {
            "0": 84.32,
            "1": 84.8,
            "hypercube": 74.48
        },
        "0.2254033307585166": {
            "0": 79.75999999999999,
            "1": 77.44,
            "hypercube": 64.88000000000001
        },
        "0.2928932188134524": {
            "0": 74.0,
            "1": 71.76,
            "hypercube": 56.39999999999999
        },
        "0.3675444679663241": {
            "0": 65.52,
            "1": 63.519999999999996,
            "hypercube": 44.64
        },
        "0.4522774424948338": {
            "0": 58.24,
            "1": 55.92,
            "hypercube": 35.28
        },
        "0.5527864045000421": {
            "0": 48.0,
            "1": 45.2,
            "hypercube": 22.64
        },
        "0.6837722339831621": {
            "0": 31.759999999999998,
            "1": 31.119999999999997,
            "hypercube": 9.36
        }
    },
    "5": {
        "0.05131670194948623": {
            "0": 95.35628502802241,
            "1": 95.35628502802241,
            "hypercube": 92.71417133706964
        },
        "0.10557280900008414": {
            "0": 90.31224979983988,
            "1": 89.75180144115292,
            "hypercube": 83.50680544435548
        },
        "0.16333997346592444": {
            "0": 83.58686949559647,
            "1": 85.98879103282626,
            "hypercube": 74.69975980784628
        },
        "0.2254033307585166": {
            "0": 77.74219375500401,
            "1": 78.46277021617294,
            "hypercube": 63.89111289031225
        },
        "0.2928932188134524": {
            "0": 71.01681345076061,
            "1": 71.65732586068854,
            "hypercube": 53.72297838270617
        },
        "0.3675444679663241": {
            "0": 63.17053642914331,
            "1": 63.730984787830266,
            "hypercube": 43.3146517213771
        },
        "0.4522774424948338": {
            "0": 55.64451561248999,
            "1": 55.564451561248994,
            "hypercube": 33.70696557245797
        },
        "0.5527864045000421": {
            "0": 45.87670136108887,
            "1": 45.556445156124894,
            "hypercube": 21.77742193755004
        },
        "0.6837722339831621": {
            "0": 33.46677341873499,
            "1": 34.66773418734988,
            "hypercube": 11.289031224979984
        }
    },
    "6": {
        "0.05131670194948623": {
            "0": 95.11609287429944,
            "1": 94.15532425940752,
            "hypercube": 91.59327461969575
        },
        "0.10557280900008414": {
            "0": 89.35148118494796,
            "1": 85.74859887910328,
            "hypercube": 78.62289831865492
        },
        "0.16333997346592444": {
            "0": 85.18815052041633,
            "1": 80.78462770216173,
            "hypercube": 70.93674939951961
        },
        "0.2254033307585166": {
            "0": 79.74379503602881,