{
    "0": {
        "0.1": {
            "0": 85.68,
            "1": 83.84,
            "hypercube": 83.12
        },
        "0.2": {
            "0": 74.56,
            "1": 76.24,
            "hypercube": 73.52
        },
        "0.3": {
            "0": 68.96,
            "1": 67.67999999999999,
            "hypercube": 64.72
        },
        "0.4": {
            "0": 60.96,
            "1": 62.0,
            "hypercube": 56.39999999999999
        },
        "0.5": {
            "0": 55.04,
            "1": 55.92,
            "hypercube": 48.96
        },
        "0.6": {
            "0": 51.12,
            "1": 53.36,
            "hypercube": 45.76
        },
        "0.7": {
            "0": 44.24,
            "1": 43.2,
            "hypercube": 36.0
        },
        "0.8": {
            "0": 32.4,
            "1": 35.120000000000005,
            "hypercube": 25.840000000000003
        },
        "0.9": {
            "0": 13.76,
            "1": 23.119999999999997,
            "hypercube": 10.48
        }
    },
    "1": {
        "0.1": {
            "0": 94.32000000000001,
            "1": 91.52,
            "hypercube": 90.88000000000001
        },
        "0.2": {
            "0": 81.76,
            "1": 80.72,
            "hypercube": 78.16
        },
        "0.3": {
            "0": 76.08,
            "1": 75.68,
            "hypercube": 69.84
        },
        "0.4": {
            "0": 69.36,
            "1": 67.75999999999999,
            "hypercube": 61.040000000000006
        },
        "0.5": {
            "0": 59.519999999999996,
            "1": 58.4,
            "hypercube": 48.88
        },
        "0.6": {
            "0": 56.08,
            "1": 47.92,
            "hypercube": 39.519999999999996
        },
        "0.7": {
            "0": 47.92,
            "1": 41.44,
            "hypercube": 31.6
        },
        "0.8": {
            "0": 40.160000000000004,
            "1": 31.2,
            "hypercube": 20.64
        },
        "0.9": {
            "0": 26.479999999999997,
            "1": 25.6,
            "hypercube": 8.64
        }
    },
    "2": {
        "0.1": {
            "0": 81.04,
            "1": 83.12,
            "hypercube": 78.96
        },
        "0.2": {
            "0": 71.36,
            "1": 73.04,
            "hypercube": 67.36
        },
        "0.3": {
            "0": 68.88,
            "1": 68.32000000000001,
            "hypercube": 61.6
        },
        "0.4": {
            "0": 65.2,
            "1": 60.88,
            "hypercube": 52.080000000000005
        },
        "0.5": {
            "0": 56.8,
            "1": 53.52,
            "hypercube": 40.56
        },
        "0.6": {
            "0": 50.080000000000005,
            "1": 51.76,
            "hypercube": 36.8
        },
        "0.7": {
            "0": 36.480000000000004,
            "1": 43.919999999999995,
            "hypercube": 25.840000000000003
        },
        "0.8": {
            "0": 28.560000000000002,
            "1": 36.96,
            "hypercube": 17.919999999999998
        },
        "0.9": {
            "0": 17.68,
            "1": 24.0,
            "hypercube": 7.68
        }
    },
    "3": {
        "0.1": {
            "0": 92.56,
            "1": 91.28,
            "hypercube": 90.56
        },
        "0.2": {
            "0": 82.56,
            "1": 86.0,
            "hypercube": 81.52000000000001
        },
        "0.3": {
            "0": 78.24,
            "1": 79.36,
            "hypercube": 72.32
        },
        "0.4": {
            "0": 66.24,
            "1": 68.72,
            "hypercube": 61.28
        },
        "0.5": {
            "0": 59.440000000000005,
            "1": 60.160000000000004,
            "hypercube": 50.88
        },
        "0.6": {
            "0": 54.0,
            "1": 49.6,
            "hypercube": 40.64
        },
        "0.7": {
            "0": 45.2,
            "1": 43.84,
            "hypercube": 34.88
        },
        "0.8": {
            "0": 33.44,
            "1": 33.2,
            "hypercube": 25.119999999999997
        },
        "0.9": {
            "0": 25.040000000000003,
            "1": 20.72,
            "hypercube": 14.16
        }
    },
    "4": {
        "0.1": {
            "0": 89.84,
            "1": 91.44,
            "hypercube": 88.16000000000001
        },
        "0.2": {
            "0": 81.6,
            "1": 82.08,
            "hypercube": 78.32000000000001
        },
        "0.3": {
            "0": 68.4,
            "1": 69.84,
            "hypercube": 66.88
        },
        "0.4": {
            "0": 62.8,
            "1": 65.03999999999999,
            "hypercube": 60.56
        },
        "0.5": {
            "0": 52.0,
            "1": 54.559999999999995,
            "hypercube": 46.160000000000004
        },
        "0.6": {
            "0": 44.56,
            "1": 43.44,
            "hypercube": 33.839999999999996
        },
        "0.7": {
            "0": 38.16,
            "1": 33.44,
            "hypercube": 23.119999999999997
        },
        "0.8": {
            "0": 31.840000000000003,
            "1": 27.439999999999998,
            "hypercube": 16.88
        },
        "0.9": {
            "0": 21.6,
            "1": 18.8,
            "hypercube": 6.72
        }
    },
    "5": {
        "0.1": {
            "0": 91.67333867093676,
            "1": 89.03122497998399,
            "hypercube": 88.31064851881504
        },
        "0.2": {
            "0": 80.86469175340272,
            "1": 81.66533226581265,
            "hypercube": 78.78302642113691
        },
        "0.3": {
            "0": 71.33706965572458,
            "1": 74.69975980784628,
            "hypercube": 70.29623698959168
        },
        "0.4": {
            "0": 67.17373899119295,
            "1": 61.88951160928743,
            "hypercube": 58.76701361088871
        },
        "0.5": {
            "0": 60.368294635708565,
            "1": 58.9271417133707,
            "hypercube": 50.28022417934348
        },
        "0.6": {
            "0": 49.55964771817454,
            "1": 48.438751000800636,
            "hypercube": 34.98799039231385
        },
        "0.7": {
            "0": 42.11369095276221,
            "1": 41.23298638911129,
            "hypercube": 27.702161729383505
        },
        "0.8": {
            "0": 28.262610088070456,
            "1": 29.62369895916733,
            "hypercube": 15.692554043234589
        },
        "0.9": {
            "0": 20.496397117694155,
            "1": 18.65492393915132,
            "hypercube": 8.326661329063251
        }
    },
    "6": {
        "0.1": {
            "0": 91.43314651721377,
            "1": 93.59487590072058,
            "hypercube": 90.95276220976781
        },
        "0.2": {
            "0": 83.3466773418735,
            "1": 83.2666132906325,
            "hypercube": 81.34507606084867
        },
        "0.3": {
            "0": 71.81745396317054,
            "1": 71.57726180944756,
            "hypercube": 70.45636509207365
        },
        "0.4": {
            "0": 60.92874299439551,
            "1": 61.64931945556445,
            "hypercube": 56.28502802241794
        },
        "0.5": {
            "0": 53.96317053642914,
            "1": 55.32425940752602,
            "hypercube": 48.678943154523616
        },
        "0.6": {
            "0": 43.074459567654124,
            "1": 50.600480384307446,
            "hypercube": 38.67093674939952
        },
        "0.7": {
            "0": 29.86389111289031,
            "1": 38.99119295436349,
            "hypercube": 25.62049639711769
        },
        "0.8": {
            "0": 23.218574859887912,
            "1": 28.742994395516412,
            "hypercube": 18.734987990392312
        },
        "0.9": {
            "0": 12.57005604483587,
            "1": 23.058446757405925,
            "hypercube": 8.967173738991193
        }
    },
    "7": {
        "0.1": {
            "0": 92.3138510808647,