{
    "0": {
        "0.1": {
            "0": 87.36,
            "1": 88.96,
            "hypercube": 86.4
        },
        "0.2": {
            "0": 76.4,
            "1": 78.88,
            "hypercube": 75.76
        },
        "0.3": {
            "0": 69.84,
            "1": 69.52000000000001,
            "hypercube": 66.88
        },
        "0.4": {
            "0": 60.96,
            "1": 62.0,
            "hypercube": 56.39999999999999
        },
        "0.5": {
            "0": 55.04,
            "1": 55.92,
            "hypercube": 48.96
        },
        "0.6": {
            "0": 50.239999999999995,
            "1": 51.68000000000001,
            "hypercube": 44.0
        },
        "0.7": {
            "0": 44.24,
            "1": 43.2,
            "hypercube": 36.0
        },
        "0.8": {
            "0": 32.16,
            "1": 35.04,
            "hypercube": 25.679999999999996
        },
        "0.9": {
            "0": 18.08,
            "1": 24.08,
            "hypercube": 13.600000000000001
        }
    },
    "1": {
        "0.1": {
            "0": 94.32000000000001,
            "1": 91.52,
            "hypercube": 90.88000000000001
        },
        "0.2": {
            "0": 84.32,
            "1": 84.32,
            "hypercube": 81.76
        },
        "0.3": {
            "0": 76.48,
            "1": 76.72,
            "hypercube": 70.48
        },
        "0.4": {
            "0": 72.08,
            "1": 68.88,
            "hypercube": 62.88
        },
        "0.5": {
            "0": 60.64000000000001,
            "1": 58.56,
            "hypercube": 50.0
        },
        "0.6": {
            "0": 56.08,
            "1": 47.92,
            "hypercube": 39.519999999999996
        },
        "0.7": {
            "0": 45.92,
            "1": 39.6,
            "hypercube": 29.599999999999998
        },
        "0.8": {
            "0": 37.36,
            "1": 29.759999999999998,
            "hypercube": 17.84
        },
        "0.9": {
            "0": 18.72,
            "1": 18.32,
            "hypercube": 4.24
        }
    },
    "2": {
        "0.1": {
            "0": 85.52,
            "1": 86.32,
            "hypercube": 83.28
        },
        "0.2": {
            "0": 75.12,
            "1": 77.12,
            "hypercube": 71.52
        },
        "0.3": {
            "0": 69.28,
            "1": 71.36,
            "hypercube": 64.32
        },
        "0.4": {
            "0": 65.2,
            "1": 60.88,
            "hypercube": 52.080000000000005
        },
        "0.5": {
            "0": 56.32,
            "1": 53.52,
            "hypercube": 40.08
        },
        "0.6": {
            "0": 49.76,
            "1": 50.63999999999999,
            "hypercube": 36.32
        },
        "0.7": {
            "0": 32.48,
            "1": 42.88,
            "hypercube": 23.200000000000003
        },
        "0.8": {
            "0": 27.200000000000003,
            "1": 34.96,
            "hypercube": 16.16
        },
        "0.9": {
            "0": 16.32,
            "1": 20.96,
            "hypercube": 6.4799999999999995
        }
    },
    "3": {
        "0.1": {
            "0": 92.88,
            "1": 91.44,
            "hypercube": 91.03999999999999
        },
        "0.2": {
            "0": 83.84,
            "1": 87.76,
            "hypercube": 83.2
        },
        "0.3": {
            "0": 78.24,
            "1": 79.36,
            "hypercube": 72.32
        },
        "0.4": {
            "0": 70.24000000000001,
            "1": 70.72,
            "hypercube": 64.0
        },
        "0.5": {
            "0": 60.64000000000001,
            "1": 61.6,
            "hypercube": 52.959999999999994
        },
        "0.6": {
            "0": 55.04,
            "1": 51.28,
            "hypercube": 41.92
        },
        "0.7": {
            "0": 45.6,
            "1": 44.32,
            "hypercube": 35.199999999999996
        },
        "0.8": {
            "0": 30.4,
            "1": 32.879999999999995,
            "hypercube": 22.96
        },
        "0.9": {
            "0": 24.4,
            "1": 18.08,
            "hypercube": 12.32
        }
    },
    "4": {
        "0.1": {
            "0": 89.03999999999999,
            "1": 90.48,
            "hypercube": 87.03999999999999
        },
        "0.2": {
            "0": 83.91999999999999,
            "1": 85.36,
            "hypercube": 82.56
        },
        "0.3": {
            "0": 73.04,
            "1": 72.8,
            "hypercube": 69.36
        },
        "0.4": {
            "0": 65.03999999999999,
            "1": 67.12,
            "hypercube": 63.28
        },
        "0.5": {
            "0": 57.68,
            "1": 57.120000000000005,
            "hypercube": 51.76
        },
        "0.6": {
            "0": 45.92,
            "1": 45.36,
            "hypercube": 36.0
        },
        "0.7": {
            "0": 38.16,
            "1": 33.44,
            "hypercube": 23.119999999999997
        },
        "0.8": {
            "0": 28.96,
            "1": 22.16,
            "hypercube": 12.24
        },
        "0.9": {
            "0": 18.4,
            "1": 13.28,
            "hypercube": 4.08
        }
    },
    "5": {
        "0.1": {
            "0": 91.67333867093676,
            "1": 89.03122497998399,
            "hypercube": 88.31064851881504
        },
        "0.2": {
            "0": 83.58686949559647,
            "1": 81.66533226581265,
            "hypercube": 80.54443554843876
        },
        "0.3": {
            "0": 78.06244995996798,
            "1": 77.822257806245,
            "hypercube": 75.18014411529224
        },
        "0.4": {
            "0": 68.9351481184948,
            "1": 68.9351481184948,
            "hypercube": 66.37309847878302
        },
        "0.5": {
            "0": 59.48759007205765,
            "1": 57.245796637309844,
            "hypercube": 48.678943154523616
        },
        "0.6": {
            "0": 46.5972778222578,
            "1": 48.27862289831866,
            "hypercube": 32.66613290632506
        },
        "0.7": {
            "0": 41.23298638911129,
            "1": 39.31144915932746,
            "hypercube": 26.020816653322658
        },
        "0.8": {
            "0": 28.262610088070456,
            "1": 29.62369895916733,
            "hypercube": 15.692554043234589
        },
        "0.9": {
            "0": 18.494795836669336,
            "1": 16.493194555644518,
            "hypercube": 6.805444355484387
        }
    },
    "6": {
        "0.1": {
            "0": 92.87429943955165,
            "1": 93.59487590072058,
            "hypercube": 91.99359487590073
        },
        "0.2": {
            "0": 85.02802241793435,
            "1": 85.42834267413932,
            "hypercube": 84.30744595676542
        },
        "0.3": {
            "0": 77.822257806245,
            "1": 75.26020816653323,
            "hypercube": 74.05924739791834
        },
        "0.4": {
            "0": 62.93034427542034,
            "1": 66.61329063250601,
            "hypercube": 60.92874299439551
        },
        "0.5": {
            "0": 54.60368294635709,
            "1": 57.56605284227382,
            "hypercube": 50.120096076861486
        },
        "0.6": {
            "0": 41.79343474779824,
            "1": 48.678943154523616,
            "hypercube": 37.389911929543636
        },
        "0.7": {
            "0": 30.66453162530024,
            "1": 40.0320256204964,
            "hypercube": 26.421136909527622
        },
        "0.8": {
            "0": 23.218574859887912,
            "1": 28.742994395516412,
            "hypercube": 18.734987990392312
        },
        "0.9": {
            "0": 10.968775020016013,
            "1": 20.816653322658127,
            "hypercube": 7.44595676541233
        }
    },
    "7": {
        "0.1": {
            "0": 92.3138510808647,
            "1": 91.75340272217774,