{
    "0": {
        "0.1": {
            "0": 90.08,
            "1": 90.16,
            "hypercube": 88.56
        },
        "0.2": {
            "0": 83.76,
            "1": 79.67999999999999,
            "hypercube": 78.16
        },
        "0.3": {
            "0": 68.16,
            "1": 68.64,
            "hypercube": 61.919999999999995
        },
        "0.4": {
            "0": 62.0,
            "1": 63.6,
            "hypercube": 53.68000000000001
        },
        "0.5": {
            "0": 53.839999999999996,
            "1": 59.760000000000005,
            "hypercube": 47.44
        },
        "0.6": {
            "0": 47.92,
            "1": 53.12,
            "hypercube": 41.28
        },
        "0.7": {
            "0": 40.48,
            "1": 44.080000000000005,
            "hypercube": 34.64
        },
        "0.8": {
            "0": 26.72,
            "1": 32.0,
            "hypercube": 21.2
        },
        "0.9": {
            "0": 14.16,
            "1": 17.68,
            "hypercube": 9.2
        }
    },
    "1": {
        "0.1": {
            "0": 94.16,
            "1": 91.52,
            "hypercube": 91.12
        },
        "0.2": {
            "0": 86.56,
            "1": 87.52,
            "hypercube": 83.84
        },
        "0.3": {
            "0": 76.88000000000001,
            "1": 77.36,
            "hypercube": 73.2
        },
        "0.4": {
            "0": 70.72,
            "1": 68.24,
            "hypercube": 62.63999999999999
        },
        "0.5": {
            "0": 59.919999999999995,
            "1": 56.8,
            "hypercube": 49.04
        },
        "0.6": {
            "0": 43.120000000000005,
            "1": 48.0,
            "hypercube": 35.199999999999996
        },
        "0.7": {
            "0": 37.12,
            "1": 40.88,
            "hypercube": 29.520000000000003
        },
        "0.8": {
            "0": 27.439999999999998,
            "1": 25.759999999999998,
            "hypercube": 19.6
        },
        "0.9": {
            "0": 14.64,
            "1": 12.08,
            "hypercube": 7.920000000000001
        }
    },
    "2": {
        "0.1": {
            "0": 89.84,
            "1": 86.64,
            "hypercube": 85.28
        },
        "0.2": {
            "0": 78.72,
            "1": 78.72,
            "hypercube": 74.64
        },
        "0.3": {
            "0": 67.28,
            "1": 74.64,
            "hypercube": 64.16
        },
        "0.4": {
            "0": 58.160000000000004,
            "1": 63.839999999999996,
            "hypercube": 51.35999999999999
        },
        "0.5": {
            "0": 52.64,
            "1": 53.44,
            "hypercube": 42.88
        },
        "0.6": {
            "0": 48.8,
            "1": 49.6,
            "hypercube": 38.48
        },
        "0.7": {
            "0": 41.28,
            "1": 41.199999999999996,
            "hypercube": 31.28
        },
        "0.8": {
            "0": 32.72,
            "1": 32.800000000000004,
            "hypercube": 24.72
        },
        "0.9": {
            "0": 18.240000000000002,
            "1": 17.919999999999998,
            "hypercube": 12.24
        }
    },
    "3": {
        "0.1": {
            "0": 91.44,
            "1": 93.92,
            "hypercube": 91.2
        },
        "0.2": {
            "0": 89.44,
            "1": 87.52,
            "hypercube": 85.36
        },
        "0.3": {
            "0": 82.56,
            "1": 78.48,
            "hypercube": 76.08
        },
        "0.4": {
            "0": 64.08,
            "1": 67.12,
            "hypercube": 56.48
        },
        "0.5": {
            "0": 55.84,
            "1": 58.48,
            "hypercube": 45.839999999999996
        },
        "0.6": {
            "0": 39.36,
            "1": 49.68,
            "hypercube": 34.239999999999995
        },
        "0.7": {
            "0": 29.520000000000003,
            "1": 38.72,
            "hypercube": 25.119999999999997
        },
        "0.8": {
            "0": 23.200000000000003,
            "1": 21.12,
            "hypercube": 15.440000000000001
        },
        "0.9": {
            "0": 14.000000000000002,
            "1": 7.920000000000001,
            "hypercube": 4.72
        }
    },
    "4": {
        "0.1": {
            "0": 95.04,
            "1": 92.56,
            "hypercube": 92.4
        },
        "0.2": {
            "0": 86.4,
            "1": 86.88,
            "hypercube": 83.52000000000001
        },
        "0.3": {
            "0": 79.12,
            "1": 78.88,
            "hypercube": 75.28
        },
        "0.4": {
            "0": 67.36,
            "1": 69.12,
            "hypercube": 60.480000000000004
        },
        "0.5": {
            "0": 49.919999999999995,
            "1": 57.84,
            "hypercube": 43.76
        },
        "0.6": {
            "0": 42.24,
            "1": 46.72,
            "hypercube": 35.76
        },
        "0.7": {
            "0": 30.320000000000004,
            "1": 34.32,
            "hypercube": 24.08
        },
        "0.8": {
            "0": 21.84,
            "1": 24.48,
            "hypercube": 16.56
        },
        "0.9": {
            "0": 12.8,
            "1": 12.08,
            "hypercube": 7.5200000000000005
        }
    },
    "5": {
        "0.1": {
            "0": 90.63250600480384,
            "1": 89.51160928742993,
            "hypercube": 88.55084067253803
        },
        "0.2": {
            "0": 83.66693354683747,
            "1": 82.2257806244996,
            "hypercube": 79.10328262610088
        },
        "0.3": {
            "0": 73.09847878302642,
            "1": 74.3795036028823,
            "hypercube": 68.29463570856686
        },
        "0.4": {
            "0": 64.13130504403523,
            "1": 64.93194555644516,
            "hypercube": 56.6853482786229
        },
        "0.5": {
            "0": 59.087269815852686,
            "1": 59.40752602081665,
            "hypercube": 50.92073658927142
        },
        "0.6": {
            "0": 49.31945556445156,
            "1": 50.600480384307446,
            "hypercube": 41.87349879903923
        },
        "0.7": {
            "0": 45.716573258606886,
            "1": 42.273819055244196,
            "hypercube": 35.86869495596477
        },
        "0.8": {
            "0": 32.42594075260208,
            "1": 29.86389111289031,
            "hypercube": 23.45876701361089
        },
        "0.9": {
            "0": 18.174539631705365,
            "1": 19.055244195356284,
            "hypercube": 12.409927942353884
        }
    },
    "6": {
        "0.1": {
            "0": 90.0720576461169,
            "1": 92.79423538831065,
            "hypercube": 89.27141713370696
        },
        "0.2": {
            "0": 81.18494795836669,
            "1": 85.18815052041633,
            "hypercube": 78.78302642113691
        },
        "0.3": {
            "0": 73.65892714171338,
            "1": 77.98238590872698,
            "hypercube": 70.45636509207365
        },
        "0.4": {
            "0": 70.21617293835068,
            "1": 63.971176941553246,
            "hypercube": 59.40752602081665
        },
        "0.5": {
            "0": 57.485988791032824,
            "1": 56.204963971176944,
            "hypercube": 48.11849479583667
        },
        "0.6": {
            "0": 51.080864691753405,
            "1": 48.919135308246595,
            "hypercube": 40.27221777421938
        },
        "0.7": {
            "0": 39.55164131305044,
            "1": 44.435548438751,
            "hypercube": 32.826261008807045
        },
        "0.8": {
            "0": 28.34267413931145,
            "1": 33.94715772618094,
            "hypercube": 23.058446757405925
        },
        "0.9": {
            "0": 19.53562850280224,
            "1": 21.136909527622098,
            "hypercube": 13.771016813450759
        }
    },