{
    "0": {
        "0.1": {
            "0": 90.08,
            "1": 90.16,
            "hypercube": 88.56
        },
        "0.2": {
            "0": 83.76,
            "1": 79.67999999999999,
            "hypercube": 78.16
        },
        "0.3": {
            "0": 68.16,
            "1": 68.64,
            "hypercube": 61.919999999999995
        },
        "0.4": {
            "0": 62.88,
            "1": 64.64,
            "hypercube": 55.279999999999994
        },
        "0.5": {
            "0": 55.44,
            "1": 61.36000000000001,
            "hypercube": 49.120000000000005
        },
        "0.6": {
            "0": 46.800000000000004,
            "1": 52.559999999999995,
            "hypercube": 40.48
        },
        "0.7": {
            "0": 33.12,
            "1": 40.88,
            "hypercube": 28.4
        },
        "0.8": {
            "0": 25.679999999999996,
            "1": 28.48,
            "hypercube": 19.52
        },
        "0.9": {
            "0": 13.68,
            "1": 17.119999999999997,
            "hypercube": 8.959999999999999
        }
    },
    "1": {
        "0.1": {
            "0": 94.16,
            "1": 91.52,
            "hypercube": 91.12
        },
        "0.2": {
            "0": 88.32,
            "1": 88.32,
            "hypercube": 85.44
        },
        "0.3": {
            "0": 76.72,
            "1": 76.96,
            "hypercube": 72.88
        },
        "0.4": {
            "0": 70.72,
            "1": 68.24,
            "hypercube": 62.63999999999999
        },
        "0.5": {
            "0": 60.64000000000001,
            "1": 57.599999999999994,
            "hypercube": 50.0
        },
        "0.6": {
            "0": 43.120000000000005,
            "1": 48.0,
            "hypercube": 35.199999999999996
        },
        "0.7": {
            "0": 36.96,
            "1": 39.92,
            "hypercube": 29.2
        },
        "0.8": {
            "0": 27.439999999999998,
            "1": 25.759999999999998,
            "hypercube": 19.6
        },
        "0.9": {
            "0": 14.16,
            "1": 10.32,
            "hypercube": 6.800000000000001
        }
    },
    "2": {
        "0.1": {
            "0": 88.96,
            "1": 86.4,
            "hypercube": 84.64
        },
        "0.2": {
            "0": 76.24,
            "1": 76.55999999999999,
            "hypercube": 71.84
        },
        "0.3": {
            "0": 66.16,
            "1": 67.52,
            "hypercube": 58.48
        },
        "0.4": {
            "0": 56.64,
            "1": 62.4,
            "hypercube": 50.0
        },
        "0.5": {
            "0": 52.800000000000004,
            "1": 53.839999999999996,
            "hypercube": 43.28
        },
        "0.6": {
            "0": 50.080000000000005,
            "1": 50.72,
            "hypercube": 39.519999999999996
        },
        "0.7": {
            "0": 42.88,
            "1": 41.760000000000005,
            "hypercube": 32.08
        },
        "0.8": {
            "0": 32.96,
            "1": 34.4,
            "hypercube": 25.2
        },
        "0.9": {
            "0": 14.64,
            "1": 15.6,
            "hypercube": 9.36
        }
    },
    "3": {
        "0.1": {
            "0": 90.72,
            "1": 92.32000000000001,
            "hypercube": 89.84
        },
        "0.2": {
            "0": 89.44,
            "1": 87.52,
            "hypercube": 85.36
        },
        "0.3": {
            "0": 70.48,
            "1": 74.08,
            "hypercube": 66.0
        },
        "0.4": {
            "0": 63.28,
            "1": 67.12,
            "hypercube": 55.76
        },
        "0.5": {
            "0": 55.84,
            "1": 58.48,
            "hypercube": 45.839999999999996
        },
        "0.6": {
            "0": 41.04,
            "1": 50.56,
            "hypercube": 35.199999999999996
        },
        "0.7": {
            "0": 29.360000000000003,
            "1": 34.88,
            "hypercube": 23.919999999999998
        },
        "0.8": {
            "0": 23.200000000000003,
            "1": 21.12,
            "hypercube": 15.440000000000001
        },
        "0.9": {
            "0": 14.000000000000002,
            "1": 7.920000000000001,
            "hypercube": 4.72
        }
    },
    "4": {
        "0.1": {
            "0": 95.04,
            "1": 92.56,
            "hypercube": 92.4
        },
        "0.2": {
            "0": 86.24000000000001,
            "1": 86.64,
            "hypercube": 83.28
        },
        "0.3": {
            "0": 78.56,
            "1": 77.44,
            "hypercube": 73.83999999999999
        },
        "0.4": {
            "0": 67.2,
            "1": 67.2,
            "hypercube": 59.36
        },
        "0.5": {
            "0": 49.919999999999995,
            "1": 57.84,
            "hypercube": 43.76
        },
        "0.6": {
            "0": 42.8,
            "1": 47.199999999999996,
            "hypercube": 36.32
        },
        "0.7": {
            "0": 28.08,
            "1": 30.880000000000003,
            "hypercube": 22.24
        },
        "0.8": {
            "0": 19.6,
            "1": 21.12,
            "hypercube": 14.32
        },
        "0.9": {
            "0": 12.8,
            "1": 13.44,
            "hypercube": 8.32
        }
    },
    "5": {
        "0.1": {
            "0": 90.23218574859888,
            "1": 89.35148118494796,
            "hypercube": 88.15052041633307
        },
        "0.2": {
            "0": 82.94635708566854,
            "1": 78.8630904723779,
            "hypercube": 76.38110488390713
        },
        "0.3": {
            "0": 73.09847878302642,
            "1": 74.3795036028823,
            "hypercube": 68.29463570856686
        },
        "0.4": {
            "0": 64.29143314651722,
            "1": 65.5724579663731,
            "hypercube": 57.245796637309844
        },
        "0.5": {
            "0": 59.167333867093674,
            "1": 61.24899919935949,
            "hypercube": 52.041633306645316
        },
        "0.6": {
            "0": 49.31945556445156,
            "1": 50.600480384307446,
            "hypercube": 41.87349879903923
        },
        "0.7": {
            "0": 45.716573258606886,
            "1": 42.273819055244196,
            "hypercube": 35.86869495596477
        },
        "0.8": {
            "0": 31.945556445156125,
            "1": 29.46357085668535,
            "hypercube": 22.978382706164933
        },
        "0.9": {
            "0": 12.489991993594876,
            "1": 13.210568454763811,
            "hypercube": 7.125700560448359
        }
    },
    "6": {
        "0.1": {
            "0": 88.31064851881504,
            "1": 90.39231385108086,
            "hypercube": 86.46917534027222
        },
        "0.2": {
            "0": 80.54443554843876,
            "1": 83.58686949559647,
            "hypercube": 77.74219375500401
        },
        "0.3": {
            "0": 72.85828662930345,
            "1": 77.98238590872698,
            "hypercube": 69.89591673338671
        },
        "0.4": {
            "0": 70.21617293835068,
            "1": 63.971176941553246,
            "hypercube": 59.40752602081665
        },
        "0.5": {
            "0": 58.60688550840673,
            "1": 56.925540432345876,
            "hypercube": 49.23939151321057
        },
        "0.6": {
            "0": 53.08246597277822,
            "1": 49.639711769415534,
            "hypercube": 41.39311449159327
        },
        "0.7": {
            "0": 39.55164131305044,
            "1": 44.435548438751,
            "hypercube": 32.826261008807045
        },
        "0.8": {
            "0": 28.34267413931145,
            "1": 33.94715772618094,
            "hypercube": 23.058446757405925
        },
        "0.9": {
            "0": 19.695756605284227,
            "1": 21.377101681345074,
            "hypercube": 13.931144915932748
        }
    },