{
    "0": {
        "0.05131670194948623": {
            "0": 97.28,
            "1": 96.64,
            "hypercube": 96.39999999999999
        },
        "0.10557280900008414": {
            "0": 85.68,
            "1": 83.84,
            "hypercube": 83.12
        },
        "0.16333997346592444": {
            "0": 76.4,
            "1": 80.16,
            "hypercube": 76.16000000000001
        },
        "0.2254033307585166": {
            "0": 72.24000000000001,
            "1": 73.83999999999999,
            "hypercube": 71.04
        },
        "0.2928932188134524": {
            "0": 66.72,
            "1": 65.52,
            "hypercube": 62.0
        },
        "0.3675444679663241": {
            "0": 60.96,
            "1": 60.72,
            "hypercube": 55.52
        },
        "0.4522774424948338": {
            "0": 52.800000000000004,
            "1": 54.48,
            "hypercube": 46.88
        },
        "0.5527864045000421": {
            "0": 48.88,
            "1": 49.04,
            "hypercube": 41.92
        },
        "0.6837722339831621": {
            "0": 38.16,
            "1": 39.68,
            "hypercube": 30.72
        }
    },
    "1": {
        "0.05131670194948623": {
            "0": 96.0,
            "1": 96.16,
            "hypercube": 95.92
        },
        "0.10557280900008414": {
            "0": 91.52,
            "1": 90.24,
            "hypercube": 88.64
        },
        "0.16333997346592444": {
            "0": 84.16,
            "1": 84.32,
            "hypercube": 81.76
        },
        "0.2254033307585166": {
            "0": 77.52,
            "1": 77.52,
            "hypercube": 71.6
        },
        "0.2928932188134524": {
            "0": 73.28,
            "1": 72.72,
            "hypercube": 66.4
        },
        "0.3675444679663241": {
            "0": 66.0,
            "1": 63.2,
            "hypercube": 56.879999999999995
        },
        "0.4522774424948338": {
            "0": 58.56,
            "1": 52.400000000000006,
            "hypercube": 44.16
        },
        "0.5527864045000421": {
            "0": 49.2,
            "1": 41.68,
            "hypercube": 32.4
        },
        "0.6837722339831621": {
            "0": 39.28,
            "1": 29.759999999999998,
            "hypercube": 19.12
        }
    },
    "2": {
        "0.05131670194948623": {
            "0": 91.60000000000001,
            "1": 92.08,
            "hypercube": 90.64
        },
        "0.10557280900008414": {
            "0": 80.72,
            "1": 82.0,
            "hypercube": 78.16
        },
        "0.16333997346592444": {
            "0": 73.36,
            "1": 74.64,
            "hypercube": 69.6
        },
        "0.2254033307585166": {
            "0": 69.19999999999999,
            "1": 70.56,
            "hypercube": 63.519999999999996
        },
        "0.2928932188134524": {
            "0": 65.2,
            "1": 60.88,
            "hypercube": 52.080000000000005
        },
        "0.3675444679663241": {
            "0": 57.36,
            "1": 54.08,
            "hypercube": 41.199999999999996
        },
        "0.4522774424948338": {
            "0": 50.0,
            "1": 50.96000000000001,
            "hypercube": 36.559999999999995
        },
        "0.5527864045000421": {
            "0": 32.48,
            "1": 42.88,
            "hypercube": 23.200000000000003
        },
        "0.6837722339831621": {
            "0": 25.36,
            "1": 32.64,
            "hypercube": 13.68
        }
    },
    "3": {
        "0.05131670194948623": {
            "0": 96.24000000000001,
            "1": 95.6,
            "hypercube": 95.6
        },
        "0.10557280900008414": {
            "0": 90.8,
            "1": 91.12,
            "hypercube": 89.75999999999999
        },
        "0.16333997346592444": {
            "0": 83.84,
            "1": 87.76,
            "hypercube": 83.2
        },
        "0.2254033307585166": {
            "0": 79.67999999999999,
            "1": 82.32000000000001,
            "hypercube": 76.48
        },
        "0.2928932188134524": {
            "0": 71.84,
            "1": 75.76,
            "hypercube": 67.2
        },
        "0.3675444679663241": {
            "0": 64.96,
            "1": 65.36,
            "hypercube": 58.160000000000004
        },
        "0.4522774424948338": {
            "0": 59.12,
            "1": 58.8,
            "hypercube": 49.68
        },
        "0.5527864045000421": {
            "0": 50.4,
            "1": 46.88,
            "hypercube": 37.76
        },
        "0.6837722339831621": {
            "0": 35.199999999999996,
            "1": 33.76,
            "hypercube": 26.32
        }
    },
    "4": {
        "0.05131670194948623": {
            "0": 94.64,
            "1": 93.36,
            "hypercube": 93.12
        },
        "0.10557280900008414": {
            "0": 87.76,
            "1": 88.08,
            "hypercube": 84.96000000000001
        },
        "0.16333997346592444": {
            "0": 84.8,
            "1": 85.84,
            "hypercube": 83.36
        },
        "0.2254033307585166": {
            "0": 80.0,
            "1": 79.2,
            "hypercube": 74.8
        },
        "0.2928932188134524": {
            "0": 68.4,
            "1": 69.84,
            "hypercube": 66.88
        },
        "0.3675444679663241": {
            "0": 62.8,
            "1": 65.03999999999999,
            "hypercube": 60.56
        },
        "0.4522774424948338": {
            "0": 52.0,
            "1": 54.559999999999995,
            "hypercube": 46.160000000000004
        },
        "0.5527864045000421": {
            "0": 43.04,
            "1": 38.48,
            "hypercube": 29.28
        },
        "0.6837722339831621": {
            "0": 31.919999999999998,
            "1": 27.839999999999996,
            "hypercube": 17.04
        }
    },
    "5": {
        "0.05131670194948623": {
            "0": 94.79583666933547,
            "1": 94.95596477181746,
            "hypercube": 94.79583666933547
        },
        "0.10557280900008414": {
            "0": 91.1929543634908,
            "1": 87.99039231385109,
            "hypercube": 87.26981585268214
        },
        "0.16333997346592444": {
            "0": 87.26981585268214,
            "1": 83.58686949559647,
            "hypercube": 83.2666132906325
        },
        "0.2254033307585166": {
            "0": 79.50360288230584,
            "1": 79.82385908726981,
            "hypercube": 76.94155324259407
        },
        "0.2928932188134524": {
            "0": 70.85668534827863,
            "1": 74.61969575660528,
            "hypercube": 69.73578863090472
        },
        "0.3675444679663241": {
            "0": 67.65412329863891,
            "1": 64.29143314651722,
            "hypercube": 61.569255404323464
        },
        "0.4522774424948338": {
            "0": 55.964771817453965,
            "1": 53.322658126501196,
            "hypercube": 43.15452361889512
        },
        "0.5527864045000421": {
            "0": 44.515612489991994,
            "1": 45.476381104883906,
            "hypercube": 30.50440352281825
        },
        "0.6837722339831621": {
            "0": 32.506004803843076,
            "1": 32.345876701361085,
            "hypercube": 18.734987990392312
        }
    },
    "6": {
        "0.05131670194948623": {
            "0": 95.5964771817454,
            "1": 95.5164131305044,
            "hypercube": 95.5164131305044
        },
        "0.10557280900008414": {
            "0": 90.55244195356285,
            "1": 91.83346677341873,
            "hypercube": 89.27141713370696
        },
        "0.16333997346592444": {
            "0": 86.38911128903123,
            "1": 87.59007205764611,
            "hypercube": 85.5084067253803
        },
        "0.2254033307585166": {
            "0": 79.90392313851082,
            "1": 82.78622898318655,