{
    "0": {
        "0.05131670194948623": {
            "0": 97.04,
            "1": 98.56,
            "hypercube": 97.04
        },
        "0.10557280900008414": {
            "0": 88.08,
            "1": 85.44,
            "hypercube": 83.36
        },
        "0.16333997346592444": {
            "0": 85.76,
            "1": 80.56,
            "hypercube": 78.88
        },
        "0.2254033307585166": {
            "0": 75.84,
            "1": 75.92,
            "hypercube": 71.67999999999999
        },
        "0.2928932188134524": {
            "0": 64.72,
            "1": 66.16,
            "hypercube": 57.68
        },
        "0.3675444679663241": {
            "0": 58.96,
            "1": 62.32,
            "hypercube": 51.44
        },
        "0.4522774424948338": {
            "0": 52.400000000000006,
            "1": 58.08,
            "hypercube": 45.6
        },
        "0.5527864045000421": {
            "0": 44.800000000000004,
            "1": 51.28,
            "hypercube": 39.44
        },
        "0.6837722339831621": {
            "0": 28.48,
            "1": 37.519999999999996,
            "hypercube": 24.08
        }
    },
    "1": {
        "0.05131670194948623": {
            "0": 97.2,
            "1": 96.56,
            "hypercube": 96.39999999999999
        },
        "0.10557280900008414": {
            "0": 92.4,
            "1": 89.52,
            "hypercube": 88.64
        },
        "0.16333997346592444": {
            "0": 88.32,
            "1": 88.32,
            "hypercube": 85.44
        },
        "0.2254033307585166": {
            "0": 81.76,
            "1": 81.04,
            "hypercube": 78.0
        },
        "0.2928932188134524": {
            "0": 74.16,
            "1": 75.44,
            "hypercube": 70.48
        },
        "0.3675444679663241": {
            "0": 68.72,
            "1": 65.12,
            "hypercube": 58.96
        },
        "0.4522774424948338": {
            "0": 59.040000000000006,
            "1": 55.44,
            "hypercube": 47.28
        },
        "0.5527864045000421": {
            "0": 41.28,
            "1": 46.239999999999995,
            "hypercube": 33.76
        },
        "0.6837722339831621": {
            "0": 33.12,
            "1": 30.159999999999997,
            "hypercube": 23.919999999999998
        }
    },
    "2": {
        "0.05131670194948623": {
            "0": 95.28,
            "1": 93.67999999999999,
            "hypercube": 93.52000000000001
        },
        "0.10557280900008414": {
            "0": 88.24,
            "1": 84.16,
            "hypercube": 82.56
        },
        "0.16333997346592444": {
            "0": 78.72,
            "1": 78.72,
            "hypercube": 74.64
        },
        "0.2254033307585166": {
            "0": 70.88,
            "1": 75.12,
            "hypercube": 67.52
        },
        "0.2928932188134524": {
            "0": 59.36,
            "1": 65.03999999999999,
            "hypercube": 52.239999999999995
        },
        "0.3675444679663241": {
            "0": 54.72,
            "1": 55.76,
            "hypercube": 44.96
        },
        "0.4522774424948338": {
            "0": 51.12,
            "1": 51.2,
            "hypercube": 40.400000000000006
        },
        "0.5527864045000421": {
            "0": 46.08,
            "1": 43.76,
            "hypercube": 34.88
        },
        "0.6837722339831621": {
            "0": 33.040000000000006,
            "1": 35.36,
            "hypercube": 25.840000000000003
        }
    },
    "3": {
        "0.05131670194948623": {
            "0": 96.72,
            "1": 95.84,
            "hypercube": 95.44
        },
        "0.10557280900008414": {
            "0": 90.56,
            "1": 92.32000000000001,
            "hypercube": 89.75999999999999
        },
        "0.16333997346592444": {
            "0": 89.60000000000001,
            "1": 88.64,
            "hypercube": 86.48
        },
        "0.2254033307585166": {
            "0": 84.96000000000001,
            "1": 79.44,
            "hypercube": 77.44
        },
        "0.2928932188134524": {
            "0": 67.36,
            "1": 69.04,
            "hypercube": 60.0
        },
        "0.3675444679663241": {
            "0": 61.040000000000006,
            "1": 66.24,
            "hypercube": 53.2
        },
        "0.4522774424948338": {
            "0": 54.08,
            "1": 56.32,
            "hypercube": 44.080000000000005
        },
        "0.5527864045000421": {
            "0": 35.839999999999996,
            "1": 47.44,
            "hypercube": 31.28
        },
        "0.6837722339831621": {
            "0": 26.08,
            "1": 31.2,
            "hypercube": 21.279999999999998
        }
    },
    "4": {
        "0.05131670194948623": {
            "0": 97.84,
            "1": 97.52,
            "hypercube": 97.36
        },
        "0.10557280900008414": {
            "0": 91.03999999999999,
            "1": 90.64,
            "hypercube": 88.96
        },
        "0.16333997346592444": {
            "0": 89.12,
            "1": 87.44,
            "hypercube": 85.44
        },
        "0.2254033307585166": {
            "0": 81.52000000000001,
            "1": 82.16,
            "hypercube": 78.4
        },
        "0.2928932188134524": {
            "0": 75.03999999999999,
            "1": 76.0,
            "hypercube": 70.56
        },
        "0.3675444679663241": {
            "0": 67.2,
            "1": 66.56,
            "hypercube": 58.879999999999995
        },
        "0.4522774424948338": {
            "0": 48.88,
            "1": 56.879999999999995,
            "hypercube": 42.88
        },
        "0.5527864045000421": {
            "0": 38.16,
            "1": 45.6,
            "hypercube": 32.879999999999995
        },
        "0.6837722339831621": {
            "0": 24.88,
            "1": 29.439999999999998,
            "hypercube": 19.84
        }
    },
    "5": {
        "0.05131670194948623": {
            "0": 96.6373098478783,
            "1": 96.07686148919136,
            "hypercube": 95.99679743795036
        },
        "0.10557280900008414": {
            "0": 89.11128903122498,
            "1": 87.42994395516413,
            "hypercube": 86.14891913530825
        },
        "0.16333997346592444": {
            "0": 83.66693354683747,
            "1": 82.2257806244996,
            "hypercube": 79.10328262610088
        },
        "0.2254033307585166": {
            "0": 74.69975980784628,
            "1": 75.6605284227382,
            "hypercube": 70.13610888710969
        },
        "0.2928932188134524": {
            "0": 69.57566052842273,
            "1": 70.69655724579663,
            "hypercube": 63.730984787830266
        },
        "0.3675444679663241": {
            "0": 60.68855084067254,
            "1": 63.090472377902316,
            "hypercube": 53.56285028022418
        },
        "0.4522774424948338": {
            "0": 56.44515612489992,
            "1": 55.32425940752602,
            "hypercube": 47.47798238590873
        },
        "0.5527864045000421": {
            "0": 46.75740592473979,
            "1": 44.11529223378703,
            "hypercube": 37.30984787830264
        },
        "0.6837722339831621": {
            "0": 38.11048839071257,
            "1": 36.028823058446754,
            "hypercube": 29.62369895916733
        }
    },
    "6": {
        "0.05131670194948623": {
            "0": 95.91673338670937,
            "1": 94.95596477181746,
            "hypercube": 94.95596477181746
        },
        "0.10557280900008414": {
            "0": 84.62770216172937,
            "1": 89.9919935948759,
            "hypercube": 83.74699759807847
        },
        "0.16333997346592444": {
            "0": 81.18494795836669,
            "1": 85.18815052041633,
            "hypercube": 78.78302642113691
        },
        "0.2254033307585166": {
            "0": 76.7013610888711,