{
    "0": {
        "0.05131670194948623": {
            "0": 94.8,
            "1": 94.72,
            "hypercube": 94.48
        },
        "0.10557280900008414": {
            "0": 88.16000000000001,
            "1": 89.28,
            "hypercube": 86.96000000000001
        },
        "0.16333997346592444": {
            "0": 81.67999999999999,
            "1": 80.80000000000001,
            "hypercube": 79.44
        },
        "0.2254033307585166": {
            "0": 74.56,
            "1": 75.36,
            "hypercube": 72.64
        },
        "0.2928932188134524": {
            "0": 67.92,
            "1": 68.16,
            "hypercube": 61.519999999999996
        },
        "0.3675444679663241": {
            "0": 61.68,
            "1": 61.6,
            "hypercube": 50.96000000000001
        },
        "0.4522774424948338": {
            "0": 55.120000000000005,
            "1": 54.400000000000006,
            "hypercube": 40.160000000000004
        },
        "0.5527864045000421": {
            "0": 43.84,
            "1": 42.480000000000004,
            "hypercube": 26.32
        },
        "0.6837722339831621": {
            "0": 32.96,
            "1": 28.000000000000004,
            "hypercube": 11.12
        }
    },
    "1": {
        "0.05131670194948623": {
            "0": 93.76,
            "1": 92.80000000000001,
            "hypercube": 92.0
        },
        "0.10557280900008414": {
            "0": 86.32,
            "1": 87.92,
            "hypercube": 85.44
        },
        "0.16333997346592444": {
            "0": 82.48,
            "1": 80.72,
            "hypercube": 77.75999999999999
        },
        "0.2254033307585166": {
            "0": 77.2,
            "1": 74.32,
            "hypercube": 71.2
        },
        "0.2928932188134524": {
            "0": 69.36,
            "1": 68.64,
            "hypercube": 65.75999999999999
        },
        "0.3675444679663241": {
            "0": 62.88,
            "1": 61.519999999999996,
            "hypercube": 58.8
        },
        "0.4522774424948338": {
            "0": 54.24,
            "1": 53.52,
            "hypercube": 49.120000000000005
        },
        "0.5527864045000421": {
            "0": 44.16,
            "1": 47.04,
            "hypercube": 39.6
        },
        "0.6837722339831621": {
            "0": 32.0,
            "1": 32.32,
            "hypercube": 23.599999999999998
        }
    },
    "2": {
        "0.05131670194948623": {
            "0": 92.80000000000001,
            "1": 92.88,
            "hypercube": 91.84
        },
        "0.10557280900008414": {
            "0": 87.28,
            "1": 86.24000000000001,
            "hypercube": 85.28
        },
        "0.16333997346592444": {
            "0": 80.88,
            "1": 81.36,
            "hypercube": 79.2
        },
        "0.2254033307585166": {
            "0": 73.36,
            "1": 74.0,
            "hypercube": 70.72
        },
        "0.2928932188134524": {
            "0": 65.36,
            "1": 67.67999999999999,
            "hypercube": 61.28
        },
        "0.3675444679663241": {
            "0": 58.8,
            "1": 63.2,
            "hypercube": 54.400000000000006
        },
        "0.4522774424948338": {
            "0": 52.239999999999995,
            "1": 53.6,
            "hypercube": 43.36
        },
        "0.5527864045000421": {
            "0": 43.2,
            "1": 40.400000000000006,
            "hypercube": 30.0
        },
        "0.6837722339831621": {
            "0": 31.680000000000003,
            "1": 29.04,
            "hypercube": 16.88
        }
    },
    "3": {
        "0.05131670194948623": {
            "0": 95.76,
            "1": 95.19999999999999,
            "hypercube": 94.96
        },
        "0.10557280900008414": {
            "0": 89.36,
            "1": 90.32,
            "hypercube": 86.0
        },
        "0.16333997346592444": {
            "0": 83.52000000000001,
            "1": 85.04,
            "hypercube": 77.36
        },
        "0.2254033307585166": {
            "0": 78.08,
            "1": 79.52,
            "hypercube": 72.32
        },
        "0.2928932188134524": {
            "0": 71.52,
            "1": 73.44000000000001,
            "hypercube": 65.52
        },
        "0.3675444679663241": {
            "0": 62.239999999999995,
            "1": 66.0,
            "hypercube": 52.32
        },
        "0.4522774424948338": {
            "0": 52.88,
            "1": 58.160000000000004,
            "hypercube": 37.36
        },
        "0.5527864045000421": {
            "0": 43.919999999999995,
            "1": 45.12,
            "hypercube": 22.24
        },
        "0.6837722339831621": {
            "0": 30.880000000000003,
            "1": 31.04,
            "hypercube": 10.0
        }
    },
    "4": {
        "0.05131670194948623": {
            "0": 93.60000000000001,
            "1": 93.76,
            "hypercube": 92.80000000000001
        },
        "0.10557280900008414": {
            "0": 87.52,
            "1": 88.56,
            "hypercube": 86.48
        },
        "0.16333997346592444": {
            "0": 82.39999999999999,
            "1": 81.76,
            "hypercube": 79.03999999999999
        },
        "0.2254033307585166": {
            "0": 76.08,
            "1": 76.0,
            "hypercube": 71.52
        },
        "0.2928932188134524": {
            "0": 67.52,
            "1": 68.88,
            "hypercube": 65.03999999999999
        },
        "0.3675444679663241": {
            "0": 60.88,
            "1": 63.36000000000001,
            "hypercube": 57.04
        },
        "0.4522774424948338": {
            "0": 52.559999999999995,
            "1": 56.24,
            "hypercube": 46.160000000000004
        },
        "0.5527864045000421": {
            "0": 40.239999999999995,
            "1": 44.16,
            "hypercube": 32.16
        },
        "0.6837722339831621": {
            "0": 26.400000000000002,
            "1": 30.320000000000004,
            "hypercube": 16.24
        }
    },
    "5": {
        "0.05131670194948623": {
            "0": 94.95596477181746,
            "1": 95.19615692554044,
            "hypercube": 94.79583666933547
        },
        "0.10557280900008414": {
            "0": 91.1929543634908,
            "1": 91.11289031224979,
            "hypercube": 89.35148118494796
        },
        "0.16333997346592444": {
            "0": 84.14731785428343,
            "1": 85.02802241793435,
            "hypercube": 82.94635708566854
        },
        "0.2254033307585166": {
            "0": 77.58206565252202,
            "1": 77.662129703763,
            "hypercube": 73.81905524419535
        },
        "0.2928932188134524": {
            "0": 72.1377101681345,
            "1": 71.81745396317054,
            "hypercube": 70.69655724579663
        },
        "0.3675444679663241": {
            "0": 63.01040832666133,
            "1": 65.01200960768615,
            "hypercube": 59.167333867093674
        },
        "0.4522774424948338": {
            "0": 53.40272217774219,
            "1": 56.36509207365893,
            "hypercube": 47.157726180944756
        },
        "0.5527864045000421": {
            "0": 42.03362690152122,
            "1": 45.236188951160926,
            "hypercube": 31.30504403522818
        },
        "0.6837722339831621": {
            "0": 30.424339471577262,
            "1": 32.42594075260208,
            "hypercube": 17.7742193755004
        }
    },
    "6": {
        "0.05131670194948623": {
            "0": 94.87590072057645,
            "1": 95.27622097678142,
            "hypercube": 94.71577261809448
        },
        "0.10557280900008414": {
            "0": 89.51160928742993,
            "1": 90.63250600480384,
            "hypercube": 88.63090472377903
        },
        "0.16333997346592444": {
            "0": 84.70776621297038,
            "1": 84.3875100080064,