{
    "0": {
        "0.1": {
            "0": 92.4,
            "1": 91.75999999999999,
            "hypercube": 90.96
        },
        "0.2": {
            "0": 84.24000000000001,
            "1": 84.72,
            "hypercube": 82.72
        },
        "0.3": {
            "0": 75.68,
            "1": 75.6,
            "hypercube": 73.44000000000001
        },
        "0.4": {
            "0": 67.92,
            "1": 68.16,
            "hypercube": 61.519999999999996
        },
        "0.5": {
            "0": 60.88,
            "1": 60.72,
            "hypercube": 49.519999999999996
        },
        "0.6": {
            "0": 54.800000000000004,
            "1": 52.64,
            "hypercube": 38.64
        },
        "0.7": {
            "0": 43.68,
            "1": 41.68,
            "hypercube": 25.840000000000003
        },
        "0.8": {
            "0": 34.56,
            "1": 28.799999999999997,
            "hypercube": 12.0
        },
        "0.9": {
            "0": 24.88,
            "1": 18.8,
            "hypercube": 4.08
        }
    },
    "1": {
        "0.1": {
            "0": 88.72,
            "1": 89.03999999999999,
            "hypercube": 87.44
        },
        "0.2": {
            "0": 82.56,
            "1": 80.72,
            "hypercube": 77.75999999999999
        },
        "0.3": {
            "0": 75.2,
            "1": 73.2,
            "hypercube": 70.48
        },
        "0.4": {
            "0": 65.84,
            "1": 64.96,
            "hypercube": 62.160000000000004
        },
        "0.5": {
            "0": 57.68,
            "1": 57.599999999999994,
            "hypercube": 53.76
        },
        "0.6": {
            "0": 47.92,
            "1": 49.28,
            "hypercube": 43.28
        },
        "0.7": {
            "0": 39.92,
            "1": 39.36,
            "hypercube": 31.919999999999998
        },
        "0.8": {
            "0": 27.200000000000003,
            "1": 29.68,
            "hypercube": 18.0
        },
        "0.9": {
            "0": 15.920000000000002,
            "1": 15.6,
            "hypercube": 4.32
        }
    },
    "2": {
        "0.1": {
            "0": 89.44,
            "1": 89.75999999999999,
            "hypercube": 87.36
        },
        "0.2": {
            "0": 81.67999999999999,
            "1": 81.36,
            "hypercube": 79.36
        },
        "0.3": {
            "0": 72.0,
            "1": 72.72,
            "hypercube": 68.96
        },
        "0.4": {
            "0": 62.96000000000001,
            "1": 65.68,
            "hypercube": 58.48
        },
        "0.5": {
            "0": 55.2,
            "1": 59.919999999999995,
            "hypercube": 50.0
        },
        "0.6": {
            "0": 48.8,
            "1": 47.839999999999996,
            "hypercube": 36.720000000000006
        },
        "0.7": {
            "0": 41.68,
            "1": 37.519999999999996,
            "hypercube": 27.439999999999998
        },
        "0.8": {
            "0": 30.72,
            "1": 27.839999999999996,
            "hypercube": 15.440000000000001
        },
        "0.9": {
            "0": 18.16,
            "1": 14.64,
            "hypercube": 5.4399999999999995
        }
    },
    "3": {
        "0.1": {
            "0": 93.92,
            "1": 93.76,
            "hypercube": 92.16
        },
        "0.2": {
            "0": 87.52,
            "1": 87.36,
            "hypercube": 82.16
        },
        "0.3": {
            "0": 79.92,
            "1": 82.08,
            "hypercube": 73.83999999999999
        },
        "0.4": {
            "0": 72.64,
            "1": 75.44,
            "hypercube": 67.60000000000001
        },
        "0.5": {
            "0": 63.68000000000001,
            "1": 67.75999999999999,
            "hypercube": 55.279999999999994
        },
        "0.6": {
            "0": 55.52,
            "1": 59.68,
            "hypercube": 40.64
        },
        "0.7": {
            "0": 45.92,
            "1": 49.76,
            "hypercube": 26.96
        },
        "0.8": {
            "0": 35.36,
            "1": 37.04,
            "hypercube": 13.600000000000001
        },
        "0.9": {
            "0": 21.2,
            "1": 23.68,
            "hypercube": 5.36
        }
    },
    "4": {
        "0.1": {
            "0": 90.96,
            "1": 90.08,
            "hypercube": 88.64
        },
        "0.2": {
            "0": 82.39999999999999,
            "1": 82.0,
            "hypercube": 79.28
        },
        "0.3": {
            "0": 72.88,
            "1": 73.28,
            "hypercube": 69.12
        },
        "0.4": {
            "0": 64.88000000000001,
            "1": 66.24,
            "hypercube": 62.0
        },
        "0.5": {
            "0": 56.39999999999999,
            "1": 59.28,
            "hypercube": 50.480000000000004
        },
        "0.6": {
            "0": 44.4,
            "1": 49.2,
            "hypercube": 36.64
        },
        "0.7": {
            "0": 32.48,
            "1": 38.0,
            "hypercube": 23.84
        },
        "0.8": {
            "0": 23.68,
            "1": 27.52,
            "hypercube": 13.44
        },
        "0.9": {
            "0": 13.919999999999998,
            "1": 14.08,
            "hypercube": 4.08
        }
    },
    "5": {
        "0.1": {
            "0": 93.91513210568455,
            "1": 93.75500400320256,
            "hypercube": 93.11449159327462
        },
        "0.2": {
            "0": 84.4675740592474,
            "1": 86.30904723779024,
            "hypercube": 83.58686949559647
        },
        "0.3": {
            "0": 77.26180944755805,
            "1": 76.5412329863891,
            "hypercube": 73.41873498799039
        },
        "0.4": {
            "0": 68.61489191353083,
            "1": 70.13610888710969,
            "hypercube": 67.89431545236188
        },
        "0.5": {
            "0": 58.366693354683754,
            "1": 61.088871096877504,
            "hypercube": 53.803042433947155
        },
        "0.6": {
            "0": 49.159327461969575,
            "1": 51.48118494795837,
            "hypercube": 40.99279423538831
        },
        "0.7": {
            "0": 38.75100080064051,
            "1": 41.79343474779824,
            "hypercube": 26.34107285828663
        },
        "0.8": {
            "0": 28.903122497998403,
            "1": 30.50440352281825,
            "hypercube": 15.852682145716573
        },
        "0.9": {
            "0": 17.854283426741393,
            "1": 17.854283426741393,
            "hypercube": 5.924739791833467
        }
    },
    "6": {
        "0.1": {
            "0": 91.91353082465973,
            "1": 93.59487590072058,
            "hypercube": 90.87269815852682
        },
        "0.2": {
            "0": 85.26821457165732,
            "1": 85.58847077662129,
            "hypercube": 84.4675740592474
        },
        "0.3": {
            "0": 77.34187349879905,
            "1": 78.38270616493195,
            "hypercube": 75.34027221777421
        },
        "0.4": {
            "0": 67.41393114491594,
            "1": 68.53482786228983,
            "hypercube": 63.250600480384314
        },
        "0.5": {
            "0": 58.44675740592474,
            "1": 59.647718174539634,
            "hypercube": 50.92073658927142
        },
        "0.6": {
            "0": 49.9599679743795,
            "1": 53.08246597277822,
            "hypercube": 40.27221777421938
        },
        "0.7": {
            "0": 40.912730184147314,
            "1": 40.832666132906326,
            "hypercube": 26.261008807045638
        },
        "0.8": {
            "0": 29.943955164131303,
            "1": 32.506004803843076,
            "hypercube": 16.33306645316253
        },
        "0.9": {
            "0": 18.494795836669336,
            "1": 17.69415532425941,
            "hypercube": 8.807045636509207
        }
    },