{
    "0": {
        "0.05131670194948623": {
            "0": 95.36,
            "1": 95.28,
            "hypercube": 94.72
        },
        "0.10557280900008414": {
            "0": 89.2,
            "1": 89.60000000000001,
            "hypercube": 87.28
        },
        "0.16333997346592444": {
            "0": 84.32,
            "1": 83.67999999999999,
            "hypercube": 80.72
        },
        "0.2254033307585166": {
            "0": 78.08,
            "1": 76.24,
            "hypercube": 73.11999999999999
        },
        "0.2928932188134524": {
            "0": 71.2,
            "1": 69.44,
            "hypercube": 63.36000000000001
        },
        "0.3675444679663241": {
            "0": 64.32,
            "1": 62.480000000000004,
            "hypercube": 54.800000000000004
        },
        "0.4522774424948338": {
            "0": 55.76,
            "1": 55.52,
            "hypercube": 46.400000000000006
        },
        "0.5527864045000421": {
            "0": 45.6,
            "1": 45.519999999999996,
            "hypercube": 37.6
        },
        "0.6837722339831621": {
            "0": 33.12,
            "1": 32.96,
            "hypercube": 25.2
        }
    },
    "1": {
        "0.05131670194948623": {
            "0": 94.0,
            "1": 93.67999999999999,
            "hypercube": 92.96
        },
        "0.10557280900008414": {
            "0": 88.32,
            "1": 88.0,
            "hypercube": 85.6
        },
        "0.16333997346592444": {
            "0": 82.64,
            "1": 81.12,
            "hypercube": 79.03999999999999
        },
        "0.2254033307585166": {
            "0": 78.0,
            "1": 73.2,
            "hypercube": 71.36
        },
        "0.2928932188134524": {
            "0": 72.32,
            "1": 67.75999999999999,
            "hypercube": 63.68000000000001
        },
        "0.3675444679663241": {
            "0": 64.72,
            "1": 60.88,
            "hypercube": 53.52
        },
        "0.4522774424948338": {
            "0": 53.76,
            "1": 51.2,
            "hypercube": 42.4
        },
        "0.5527864045000421": {
            "0": 44.48,
            "1": 44.16,
            "hypercube": 34.96
        },
        "0.6837722339831621": {
            "0": 31.04,
            "1": 30.64,
            "hypercube": 22.56
        }
    },
    "2": {
        "0.05131670194948623": {
            "0": 93.2,
            "1": 93.28,
            "hypercube": 92.56
        },
        "0.10557280900008414": {
            "0": 87.36,
            "1": 87.76,
            "hypercube": 84.72
        },
        "0.16333997346592444": {
            "0": 81.2,
            "1": 81.6,
            "hypercube": 77.28
        },
        "0.2254033307585166": {
            "0": 73.36,
            "1": 74.48,
            "hypercube": 69.84
        },
        "0.2928932188134524": {
            "0": 65.68,
            "1": 67.04,
            "hypercube": 58.720000000000006
        },
        "0.3675444679663241": {
            "0": 56.32,
            "1": 60.480000000000004,
            "hypercube": 49.120000000000005
        },
        "0.4522774424948338": {
            "0": 49.44,
            "1": 51.92,
            "hypercube": 41.44
        },
        "0.5527864045000421": {
            "0": 40.0,
            "1": 42.559999999999995,
            "hypercube": 33.6
        },
        "0.6837722339831621": {
            "0": 29.04,
            "1": 28.4,
            "hypercube": 22.8
        }
    },
    "3": {
        "0.05131670194948623": {
            "0": 94.0,
            "1": 94.8,
            "hypercube": 93.36
        },
        "0.10557280900008414": {
            "0": 90.0,
            "1": 90.32,
            "hypercube": 87.36
        },
        "0.16333997346592444": {
            "0": 85.44,
            "1": 84.72,
            "hypercube": 80.56
        },
        "0.2254033307585166": {
            "0": 79.36,
            "1": 78.08,
            "hypercube": 73.76
        },
        "0.2928932188134524": {
            "0": 71.2,
            "1": 70.32000000000001,
            "hypercube": 63.519999999999996
        },
        "0.3675444679663241": {
            "0": 60.64000000000001,
            "1": 62.63999999999999,
            "hypercube": 52.16
        },
        "0.4522774424948338": {
            "0": 53.36,
            "1": 53.6,
            "hypercube": 43.28
        },
        "0.5527864045000421": {
            "0": 41.44,
            "1": 44.48,
            "hypercube": 33.040000000000006
        },
        "0.6837722339831621": {
            "0": 28.4,
            "1": 31.840000000000003,
            "hypercube": 22.32
        }
    },
    "4": {
        "0.05131670194948623": {
            "0": 95.04,
            "1": 94.48,
            "hypercube": 94.32000000000001
        },
        "0.10557280900008414": {
            "0": 89.52,
            "1": 89.36,
            "hypercube": 86.64
        },
        "0.16333997346592444": {
            "0": 81.12,
            "1": 83.44,
            "hypercube": 77.92
        },
        "0.2254033307585166": {
            "0": 76.4,
            "1": 78.4,
            "hypercube": 72.08
        },
        "0.2928932188134524": {
            "0": 70.0,
            "1": 70.0,
            "hypercube": 62.08
        },
        "0.3675444679663241": {
            "0": 61.040000000000006,
            "1": 60.31999999999999,
            "hypercube": 51.519999999999996
        },
        "0.4522774424948338": {
            "0": 50.8,
            "1": 49.44,
            "hypercube": 39.36
        },
        "0.5527864045000421": {
            "0": 42.16,
            "1": 42.16,
            "hypercube": 32.48
        },
        "0.6837722339831621": {
            "0": 26.32,
            "1": 29.84,
            "hypercube": 20.16
        }
    },
    "5": {
        "0.05131670194948623": {
            "0": 95.75660528422738,
            "1": 95.11609287429944,
            "hypercube": 95.03602882305844
        },
        "0.10557280900008414": {
            "0": 89.75180144115292,
            "1": 89.75180144115292,
            "hypercube": 87.9103282626101
        },
        "0.16333997346592444": {
            "0": 84.86789431545236,
            "1": 85.26821457165732,
            "hypercube": 81.90552441953562
        },
        "0.2254033307585166": {
            "0": 79.74379503602881,
            "1": 77.822257806245,
            "hypercube": 74.85988791032825
        },
        "0.2928932188134524": {
            "0": 71.73738991192954,
            "1": 69.41553242594075,
            "hypercube": 64.61168935148119
        },
        "0.3675444679663241": {
            "0": 60.68855084067254,
            "1": 62.289831865492395,
            "hypercube": 52.68214571657326
        },
        "0.4522774424948338": {
            "0": 52.2017614091273,
            "1": 54.12329863891113,
            "hypercube": 43.795036028823056
        },
        "0.5527864045000421": {
            "0": 45.39631705364292,
            "1": 46.75740592473979,
            "hypercube": 36.58927141713371
        },
        "0.6837722339831621": {
            "0": 34.90792634107286,
            "1": 35.38831064851882,
            "hypercube": 27.542033626901517
        }
    },
    "6": {
        "0.05131670194948623": {
            "0": 95.19615692554044,
            "1": 94.95596477181746,
            "hypercube": 94.55564451561249
        },
        "0.10557280900008414": {
            "0": 88.791032826261,
            "1": 90.55244195356285,
            "hypercube": 87.34987990392314
        },
        "0.16333997346592444": {
            "0": 81.42514011208966,
            "1": 84.54763811048839,
            "hypercube": 79.02321857485988
        },
        "0.2254033307585166": {
            "0": 75.5004003202562,
            "1": 77.662129703763,
            "hypercube": 72.61809447558046
        },