{
    "0": {
        "0.1": {
            "0": 90.4,
            "1": 90.64,
            "hypercube": 89.2
        },
        "0.2": {
            "0": 84.24000000000001,
            "1": 82.96,
            "hypercube": 80.4
        },
        "0.3": {
            "0": 76.72,
            "1": 73.68,
            "hypercube": 70.48
        },
        "0.4": {
            "0": 69.19999999999999,
            "1": 67.2,
            "hypercube": 60.480000000000004
        },
        "0.5": {
            "0": 59.28,
            "1": 58.56,
            "hypercube": 50.0
        },
        "0.6": {
            "0": 50.239999999999995,
            "1": 49.28,
            "hypercube": 40.8
        },
        "0.7": {
            "0": 41.120000000000005,
            "1": 40.88,
            "hypercube": 32.96
        },
        "0.8": {
            "0": 29.12,
            "1": 27.68,
            "hypercube": 20.96
        },
        "0.9": {
            "0": 15.68,
            "1": 15.76,
            "hypercube": 9.2
        }
    },
    "1": {
        "0.1": {
            "0": 90.48,
            "1": 90.32,
            "hypercube": 88.72
        },
        "0.2": {
            "0": 82.48,
            "1": 81.04,
            "hypercube": 78.96
        },
        "0.3": {
            "0": 76.48,
            "1": 71.12,
            "hypercube": 68.96
        },
        "0.4": {
            "0": 69.67999999999999,
            "1": 66.0,
            "hypercube": 60.72
        },
        "0.5": {
            "0": 60.160000000000004,
            "1": 58.48,
            "hypercube": 49.919999999999995
        },
        "0.6": {
            "0": 50.080000000000005,
            "1": 48.8,
            "hypercube": 39.76
        },
        "0.7": {
            "0": 40.160000000000004,
            "1": 40.48,
            "hypercube": 30.8
        },
        "0.8": {
            "0": 29.12,
            "1": 27.439999999999998,
            "hypercube": 20.48
        },
        "0.9": {
            "0": 16.32,
            "1": 15.76,
            "hypercube": 9.92
        }
    },
    "2": {
        "0.1": {
            "0": 89.52,
            "1": 89.68,
            "hypercube": 87.76
        },
        "0.2": {
            "0": 82.64,
            "1": 83.04,
            "hypercube": 78.96
        },
        "0.3": {
            "0": 69.84,
            "1": 72.32,
            "hypercube": 65.28
        },
        "0.4": {
            "0": 61.28,
            "1": 64.8,
            "hypercube": 54.64
        },
        "0.5": {
            "0": 53.28000000000001,
            "1": 55.76,
            "hypercube": 45.2
        },
        "0.6": {
            "0": 42.16,
            "1": 45.6,
            "hypercube": 35.28
        },
        "0.7": {
            "0": 35.6,
            "1": 34.32,
            "hypercube": 28.32
        },
        "0.8": {
            "0": 24.959999999999997,
            "1": 24.32,
            "hypercube": 19.28
        },
        "0.9": {
            "0": 16.88,
            "1": 14.16,
            "hypercube": 9.2
        }
    },
    "3": {
        "0.1": {
            "0": 91.52,
            "1": 92.32000000000001,
            "hypercube": 90.24
        },
        "0.2": {
            "0": 85.44,
            "1": 84.8,
            "hypercube": 80.56
        },
        "0.3": {
            "0": 77.12,
            "1": 75.44,
            "hypercube": 70.72
        },
        "0.4": {
            "0": 67.28,
            "1": 68.0,
            "hypercube": 59.28
        },
        "0.5": {
            "0": 56.56,
            "1": 57.92,
            "hypercube": 47.04
        },
        "0.6": {
            "0": 48.24,
            "1": 49.6,
            "hypercube": 38.48
        },
        "0.7": {
            "0": 35.04,
            "1": 39.44,
            "hypercube": 28.4
        },
        "0.8": {
            "0": 24.16,
            "1": 27.36,
            "hypercube": 18.4
        },
        "0.9": {
            "0": 12.479999999999999,
            "1": 12.0,
            "hypercube": 6.800000000000001
        }
    },
    "4": {
        "0.1": {
            "0": 91.75999999999999,
            "1": 92.47999999999999,
            "hypercube": 90.48
        },
        "0.2": {
            "0": 80.88,
            "1": 82.64,
            "hypercube": 77.52
        },
        "0.3": {
            "0": 74.08,
            "1": 75.44,
            "hypercube": 69.28
        },
        "0.4": {
            "0": 67.67999999999999,
            "1": 67.52,
            "hypercube": 58.879999999999995
        },
        "0.5": {
            "0": 54.96,
            "1": 54.72,
            "hypercube": 45.04
        },
        "0.6": {
            "0": 46.400000000000006,
            "1": 47.12,
            "hypercube": 36.480000000000004
        },
        "0.7": {
            "0": 34.239999999999995,
            "1": 35.839999999999996,
            "hypercube": 26.400000000000002
        },
        "0.8": {
            "0": 23.919999999999998,
            "1": 26.8,
            "hypercube": 18.16
        },
        "0.9": {
            "0": 14.64,
            "1": 14.32,
            "hypercube": 9.120000000000001
        }
    },
    "5": {
        "0.1": {
            "0": 91.51321056845477,
            "1": 91.35308246597278,
            "hypercube": 90.31224979983988
        },
        "0.2": {
            "0": 84.86789431545236,
            "1": 85.02802241793435,
            "hypercube": 81.82546036829463
        },
        "0.3": {
            "0": 75.10008006405124,
            "1": 74.5396317053643,
            "hypercube": 70.13610888710969
        },
        "0.4": {
            "0": 67.65412329863891,
            "1": 65.17213771016813,
            "hypercube": 58.8470776621297
        },
        "0.5": {
            "0": 55.964771817453965,
            "1": 56.36509207365893,
            "hypercube": 47.23779023218575
        },
        "0.6": {
            "0": 47.397918334667736,
            "1": 49.399519615692554,
            "hypercube": 38.8310648518815
        },
        "0.7": {
            "0": 40.19215372297838,
            "1": 42.514011208967176,
            "hypercube": 33.46677341873499
        },
        "0.8": {
            "0": 30.184147317854283,
            "1": 29.943955164131303,
            "hypercube": 22.738190552441953
        },
        "0.9": {
            "0": 16.89351481184948,
            "1": 18.975180144115292,
            "hypercube": 11.529223378702962
        }
    },
    "6": {
        "0.1": {
            "0": 90.63250600480384,
            "1": 91.59327461969575,
            "hypercube": 89.51160928742993
        },
        "0.2": {
            "0": 81.18494795836669,
            "1": 83.74699759807847,
            "hypercube": 78.38270616493195
        },
        "0.3": {
            "0": 73.57886309047238,
            "1": 73.81905524419535,
            "hypercube": 69.17534027221778
        },
        "0.4": {
            "0": 67.8142514011209,
            "1": 65.73258606885508,
            "hypercube": 59.48759007205765
        },
        "0.5": {
            "0": 57.96637309847878,
            "1": 58.12650120096077,
            "hypercube": 49.55964771817454
        },
        "0.6": {
            "0": 49.079263410728586,
            "1": 50.52041633306645,
            "hypercube": 39.63170536429143
        },
        "0.7": {
            "0": 35.5484387510008,
            "1": 40.75260208166534,
            "hypercube": 29.78382706164932
        },
        "0.8": {
            "0": 25.780624499599682,
            "1": 27.622097678142516,
            "hypercube": 18.65492393915132
        },
        "0.9": {
            "0": 12.32986389111289,
            "1": 16.01281024819856,
            "hypercube": 8.486789431545235
        }
    },
    "7": {
        "0.1": {
            "0": 92.55404323458767,
            "1": 90.79263410728583,
            "hypercube": 90.0720576461169
        },