{
    "0": {
        "0.1": {
            "0": 89.52,
            "1": 89.84,
            "hypercube": 88.0
        },
        "0.2": {
            "0": 78.8,
            "1": 78.64,
            "hypercube": 76.72
        },
        "0.3": {
            "0": 71.2,
            "1": 72.48,
            "hypercube": 67.67999999999999
        },
        "0.4": {
            "0": 65.60000000000001,
            "1": 66.64,
            "hypercube": 58.32000000000001
        },
        "0.5": {
            "0": 61.28,
            "1": 61.36000000000001,
            "hypercube": 50.32
        },
        "0.6": {
            "0": 55.84,
            "1": 55.76,
            "hypercube": 41.68
        },
        "0.7": {
            "0": 47.52,
            "1": 45.04,
            "hypercube": 30.080000000000002
        },
        "0.8": {
            "0": 39.12,
            "1": 35.120000000000005,
            "hypercube": 17.76
        },
        "0.9": {
            "0": 29.84,
            "1": 23.599999999999998,
            "hypercube": 8.48
        }
    },
    "1": {
        "0.1": {
            "0": 86.88,
            "1": 88.56,
            "hypercube": 86.32
        },
        "0.2": {
            "0": 82.39999999999999,
            "1": 80.0,
            "hypercube": 77.03999999999999
        },
        "0.3": {
            "0": 73.68,
            "1": 72.48,
            "hypercube": 69.19999999999999
        },
        "0.4": {
            "0": 64.08,
            "1": 62.239999999999995,
            "hypercube": 59.919999999999995
        },
        "0.5": {
            "0": 56.00000000000001,
            "1": 56.16,
            "hypercube": 51.76
        },
        "0.6": {
            "0": 45.04,
            "1": 47.92,
            "hypercube": 40.64
        },
        "0.7": {
            "0": 39.12,
            "1": 39.2,
            "hypercube": 31.119999999999997
        },
        "0.8": {
            "0": 28.96,
            "1": 31.2,
            "hypercube": 20.72
        },
        "0.9": {
            "0": 20.880000000000003,
            "1": 23.52,
            "hypercube": 10.639999999999999
        }
    },
    "2": {
        "0.1": {
            "0": 89.2,
            "1": 89.36,
            "hypercube": 87.12
        },
        "0.2": {
            "0": 78.4,
            "1": 79.75999999999999,
            "hypercube": 76.24
        },
        "0.3": {
            "0": 70.24000000000001,
            "1": 69.67999999999999,
            "hypercube": 65.03999999999999
        },
        "0.4": {
            "0": 62.63999999999999,
            "1": 65.03999999999999,
            "hypercube": 57.84
        },
        "0.5": {
            "0": 54.879999999999995,
            "1": 59.519999999999996,
            "hypercube": 49.36
        },
        "0.6": {
            "0": 50.080000000000005,
            "1": 48.8,
            "hypercube": 38.56
        },
        "0.7": {
            "0": 42.72,
            "1": 38.0,
            "hypercube": 28.000000000000004
        },
        "0.8": {
            "0": 33.52,
            "1": 29.68,
            "hypercube": 18.16
        },
        "0.9": {
            "0": 23.04,
            "1": 18.4,
            "hypercube": 7.359999999999999
        }
    },
    "3": {
        "0.1": {
            "0": 92.96,
            "1": 93.04,
            "hypercube": 90.64
        },
        "0.2": {
            "0": 87.44,
            "1": 86.88,
            "hypercube": 81.76
        },
        "0.3": {
            "0": 78.96,
            "1": 80.16,
            "hypercube": 72.96000000000001
        },
        "0.4": {
            "0": 67.2,
            "1": 70.96000000000001,
            "hypercube": 61.040000000000006
        },
        "0.5": {
            "0": 62.0,
            "1": 64.64,
            "hypercube": 50.88
        },
        "0.6": {
            "0": 56.24,
            "1": 59.68,
            "hypercube": 41.36
        },
        "0.7": {
            "0": 48.72,
            "1": 53.52,
            "hypercube": 31.44
        },
        "0.8": {
            "0": 40.8,
            "1": 42.64,
            "hypercube": 19.2
        },
        "0.9": {
            "0": 30.959999999999997,
            "1": 31.44,
            "hypercube": 10.08
        }
    },
    "4": {
        "0.1": {
            "0": 90.08,
            "1": 89.60000000000001,
            "hypercube": 88.0
        },
        "0.2": {
            "0": 82.16,
            "1": 81.76,
            "hypercube": 78.8
        },
        "0.3": {
            "0": 71.28,
            "1": 70.96000000000001,
            "hypercube": 67.36
        },
        "0.4": {
            "0": 62.08,
            "1": 64.08,
            "hypercube": 58.4
        },
        "0.5": {
            "0": 55.84,
            "1": 59.12,
            "hypercube": 50.0
        },
        "0.6": {
            "0": 44.4,
            "1": 49.2,
            "hypercube": 36.64
        },
        "0.7": {
            "0": 33.36,
            "1": 38.4,
            "hypercube": 24.72
        },
        "0.8": {
            "0": 26.72,
            "1": 31.36,
            "hypercube": 17.119999999999997
        },
        "0.9": {
            "0": 18.4,
            "1": 19.2,
            "hypercube": 7.4399999999999995
        }
    },
    "5": {
        "0.1": {
            "0": 93.59487590072058,
            "1": 92.47397918334667,
            "hypercube": 91.51321056845477
        },
        "0.2": {
            "0": 81.66533226581265,
            "1": 82.14571657325861,
            "hypercube": 78.8630904723779
        },
        "0.3": {
            "0": 72.45796637309849,
            "1": 72.37790232185749,
            "hypercube": 71.0968775020016
        },
        "0.4": {
            "0": 63.49079263410729,
            "1": 65.17213771016813,
            "hypercube": 59.647718174539634
        },
        "0.5": {
            "0": 55.64451561248999,
            "1": 58.44675740592474,
            "hypercube": 50.200160128102475
        },
        "0.6": {
            "0": 49.159327461969575,
            "1": 51.48118494795837,
            "hypercube": 40.99279423538831
        },
        "0.7": {
            "0": 40.75260208166534,
            "1": 43.95516413130505,
            "hypercube": 29.303442754203363
        },
        "0.8": {
            "0": 34.58767013610889,
            "1": 37.630104083266616,
            "hypercube": 21.21697357886309
        },
        "0.9": {
            "0": 24.819855884707767,
            "1": 25.86068855084067,
            "hypercube": 11.128903122497999
        }
    },
    "6": {
        "0.1": {
            "0": 90.87269815852682,
            "1": 92.95436349079263,
            "hypercube": 90.0720576461169
        },
        "0.2": {
            "0": 83.50680544435548,
            "1": 82.70616493194555,
            "hypercube": 81.42514011208966
        },
        "0.3": {
            "0": 72.45796637309849,
            "1": 72.93835068054445,
            "hypercube": 70.69655724579663
        },
        "0.4": {
            "0": 64.93194555644516,
            "1": 65.73258606885508,
            "hypercube": 59.48759007205765
        },
        "0.5": {
            "0": 57.245796637309844,
            "1": 59.087269815852686,
            "hypercube": 49.71977582065652
        },
        "0.6": {
            "0": 52.12169735788631,
            "1": 55.484387510008006,
            "hypercube": 43.39471577261809
        },
        "0.7": {
            "0": 46.437149719775825,
            "1": 47.157726180944756,
            "hypercube": 33.70696557245797
        },
        "0.8": {
            "0": 36.98959167333867,
            "1": 37.229783827061645,
            "hypercube": 21.537229783827062
        },
        "0.9": {
            "0": 22.65812650120096,
            "1": 24.97998398718975,
            "hypercube": 11.20896717373899
        }
    },
    "7": {
        "0.1": {
            "0": 91.75340272217774,