{
    "0": {
        "0.1": {
            "0": 91.28,
            "1": 92.24,
            "hypercube": 90.56
        },
        "0.2": {
            "0": 84.64,
            "1": 83.76,
            "hypercube": 81.04
        },
        "0.3": {
            "0": 76.72,
            "1": 74.08,
            "hypercube": 70.8
        },
        "0.4": {
            "0": 68.64,
            "1": 65.60000000000001,
            "hypercube": 59.199999999999996
        },
        "0.5": {
            "0": 58.24,
            "1": 57.28,
            "hypercube": 48.64
        },
        "0.6": {
            "0": 48.72,
            "1": 48.4,
            "hypercube": 39.839999999999996
        },
        "0.7": {
            "0": 40.32,
            "1": 39.839999999999996,
            "hypercube": 31.759999999999998
        },
        "0.8": {
            "0": 30.080000000000002,
            "1": 28.88,
            "hypercube": 21.84
        },
        "0.9": {
            "0": 17.599999999999998,
            "1": 16.48,
            "hypercube": 10.24
        }
    },
    "1": {
        "0.1": {
            "0": 91.03999999999999,
            "1": 90.4,
            "hypercube": 89.12
        },
        "0.2": {
            "0": 84.72,
            "1": 82.16,
            "hypercube": 80.16
        },
        "0.3": {
            "0": 77.44,
            "1": 71.76,
            "hypercube": 69.67999999999999
        },
        "0.4": {
            "0": 68.24,
            "1": 65.36,
            "hypercube": 59.040000000000006
        },
        "0.5": {
            "0": 58.48,
            "1": 57.76,
            "hypercube": 48.64
        },
        "0.6": {
            "0": 48.8,
            "1": 47.599999999999994,
            "hypercube": 38.56
        },
        "0.7": {
            "0": 40.0,
            "1": 40.239999999999995,
            "hypercube": 30.72
        },
        "0.8": {
            "0": 29.04,
            "1": 27.200000000000003,
            "hypercube": 20.32
        },
        "0.9": {
            "0": 16.08,
            "1": 15.440000000000001,
            "hypercube": 9.68
        }
    },
    "2": {
        "0.1": {
            "0": 89.60000000000001,
            "1": 90.0,
            "hypercube": 88.08
        },
        "0.2": {
            "0": 81.67999999999999,
            "1": 81.84,
            "hypercube": 77.60000000000001
        },
        "0.3": {
            "0": 70.72,
            "1": 73.2,
            "hypercube": 66.96
        },
        "0.4": {
            "0": 60.4,
            "1": 62.72,
            "hypercube": 52.239999999999995
        },
        "0.5": {
            "0": 52.72,
            "1": 55.04,
            "hypercube": 44.48
        },
        "0.6": {
            "0": 42.16,
            "1": 46.72,
            "hypercube": 35.92
        },
        "0.7": {
            "0": 35.6,
            "1": 34.32,
            "hypercube": 28.32
        },
        "0.8": {
            "0": 25.840000000000003,
            "1": 26.08,
            "hypercube": 20.32
        },
        "0.9": {
            "0": 16.32,
            "1": 13.600000000000001,
            "hypercube": 8.64
        }
    },
    "3": {
        "0.1": {
            "0": 91.67999999999999,
            "1": 93.36,
            "hypercube": 91.03999999999999
        },
        "0.2": {
            "0": 86.48,
            "1": 85.11999999999999,
            "hypercube": 81.2
        },
        "0.3": {
            "0": 77.28,
            "1": 76.16000000000001,
            "hypercube": 71.12
        },
        "0.4": {
            "0": 66.16,
            "1": 67.36,
            "hypercube": 57.99999999999999
        },
        "0.5": {
            "0": 55.92,
            "1": 56.8,
            "hypercube": 46.160000000000004
        },
        "0.6": {
            "0": 47.04,
            "1": 48.32,
            "hypercube": 37.12
        },
        "0.7": {
            "0": 35.04,
            "1": 39.44,
            "hypercube": 28.4
        },
        "0.8": {
            "0": 24.959999999999997,
            "1": 28.64,
            "hypercube": 19.36
        },
        "0.9": {
            "0": 14.799999999999999,
            "1": 13.76,
            "hypercube": 8.559999999999999
        }
    },
    "4": {
        "0.1": {
            "0": 91.75999999999999,
            "1": 92.16,
            "hypercube": 90.24
        },
        "0.2": {
            "0": 81.28,
            "1": 84.8,
            "hypercube": 78.48
        },
        "0.3": {
            "0": 75.12,
            "1": 76.24,
            "hypercube": 70.8
        },
        "0.4": {
            "0": 65.92,
            "1": 66.24,
            "hypercube": 57.36
        },
        "0.5": {
            "0": 54.32,
            "1": 54.0,
            "hypercube": 44.32
        },
        "0.6": {
            "0": 45.12,
            "1": 45.839999999999996,
            "hypercube": 35.44
        },
        "0.7": {
            "0": 34.4,
            "1": 36.16,
            "hypercube": 26.479999999999997
        },
        "0.8": {
            "0": 23.919999999999998,
            "1": 26.8,
            "hypercube": 18.16
        },
        "0.9": {
            "0": 14.32,
            "1": 13.84,
            "hypercube": 8.959999999999999
        }
    },
    "5": {
        "0.1": {
            "0": 92.3138510808647,
            "1": 92.2337870296237,
            "hypercube": 91.43314651721377
        },
        "0.2": {
            "0": 84.86789431545236,
            "1": 85.02802241793435,
            "hypercube": 81.82546036829463
        },
        "0.3": {
            "0": 77.42193755004003,
            "1": 75.42033626901521,
            "hypercube": 71.89751801441153
        },
        "0.4": {
            "0": 66.53322658126501,
            "1": 64.77181745396317,
            "hypercube": 58.28662930344275
        },
        "0.5": {
            "0": 55.964771817453965,
            "1": 56.36509207365893,
            "hypercube": 47.23779023218575
        },
        "0.6": {
            "0": 47.31785428342674,
            "1": 49.079263410728586,
            "hypercube": 38.75100080064051
        },
        "0.7": {
            "0": 40.0320256204964,
            "1": 41.87349879903923,
            "hypercube": 32.986389111289036
        },
        "0.8": {
            "0": 30.74459567654123,
            "1": 30.424339471577262,
            "hypercube": 23.138510808646917
        },
        "0.9": {
            "0": 16.89351481184948,
            "1": 18.975180144115292,
            "hypercube": 11.529223378702962
        }
    },
    "6": {
        "0.1": {
            "0": 92.47397918334667,
            "1": 93.03442754203363,
            "hypercube": 91.67333867093676
        },
        "0.2": {
            "0": 81.42514011208966,
            "1": 84.4675740592474,
            "hypercube": 78.9431545236189
        },
        "0.3": {
            "0": 73.97918334667735,
            "1": 75.42033626901521,
            "hypercube": 70.13610888710969
        },
        "0.4": {
            "0": 66.21297037630104,
            "1": 64.13130504403523,
            "hypercube": 57.00560448358687
        },
        "0.5": {
            "0": 55.484387510008006,
            "1": 56.84547638110489,
            "hypercube": 47.71817453963171
        },
        "0.6": {
            "0": 47.397918334667736,
            "1": 49.23939151321057,
            "hypercube": 37.870296236989596
        },
        "0.7": {
            "0": 35.78863090472378,
            "1": 41.072858286629305,
            "hypercube": 30.0240192153723
        },
        "0.8": {
            "0": 27.061649319455565,
            "1": 27.622097678142516,
            "hypercube": 19.21537229783827
        },
        "0.9": {
            "0": 12.089671737389912,
            "1": 15.852682145716573,
            "hypercube": 8.246597277822259
        }
    },
    "7": {
        "0.1": {
            "0": 92.71417133706964,