{
    "0": {
        "0.1": {
            "0": 92.72,
            "1": 92.80000000000001,
            "hypercube": 91.44
        },
        "0.2": {
            "0": 83.76,
            "1": 84.24000000000001,
            "hypercube": 81.92
        },
        "0.3": {
            "0": 76.48,
            "1": 76.72,
            "hypercube": 71.36
        },
        "0.4": {
            "0": 67.84,
            "1": 67.60000000000001,
            "hypercube": 63.12
        },
        "0.5": {
            "0": 60.72,
            "1": 59.12,
            "hypercube": 52.72
        },
        "0.6": {
            "0": 52.559999999999995,
            "1": 52.239999999999995,
            "hypercube": 42.88
        },
        "0.7": {
            "0": 39.12,
            "1": 42.4,
            "hypercube": 29.84
        },
        "0.8": {
            "0": 29.12,
            "1": 33.040000000000006,
            "hypercube": 18.4
        },
        "0.9": {
            "0": 16.72,
            "1": 18.8,
            "hypercube": 7.6
        }
    },
    "1": {
        "0.1": {
            "0": 93.76,
            "1": 94.0,
            "hypercube": 92.08
        },
        "0.2": {
            "0": 86.16,
            "1": 88.8,
            "hypercube": 83.6
        },
        "0.3": {
            "0": 78.08,
            "1": 79.28,
            "hypercube": 68.88
        },
        "0.4": {
            "0": 70.88,
            "1": 72.08,
            "hypercube": 57.68
        },
        "0.5": {
            "0": 64.4,
            "1": 63.44,
            "hypercube": 48.16
        },
        "0.6": {
            "0": 54.800000000000004,
            "1": 56.96,
            "hypercube": 36.720000000000006
        },
        "0.7": {
            "0": 47.599999999999994,
            "1": 48.4,
            "hypercube": 26.400000000000002
        },
        "0.8": {
            "0": 36.4,
            "1": 36.88,
            "hypercube": 12.879999999999999
        },
        "0.9": {
            "0": 23.119999999999997,
            "1": 25.44,
            "hypercube": 4.96
        }
    },
    "2": {
        "0.1": {
            "0": 89.92,
            "1": 90.56,
            "hypercube": 88.72
        },
        "0.2": {
            "0": 81.28,
            "1": 81.92,
            "hypercube": 78.24
        },
        "0.3": {
            "0": 72.96000000000001,
            "1": 71.76,
            "hypercube": 69.92
        },
        "0.4": {
            "0": 64.08,
            "1": 63.28,
            "hypercube": 61.12
        },
        "0.5": {
            "0": 55.84,
            "1": 55.76,
            "hypercube": 50.72
        },
        "0.6": {
            "0": 48.72,
            "1": 44.32,
            "hypercube": 37.36
        },
        "0.7": {
            "0": 37.84,
            "1": 35.6,
            "hypercube": 25.44
        },
        "0.8": {
            "0": 25.52,
            "1": 26.96,
            "hypercube": 17.36
        },
        "0.9": {
            "0": 13.68,
            "1": 15.68,
            "hypercube": 9.92
        }
    },
    "3": {
        "0.1": {
            "0": 92.56,
            "1": 93.28,
            "hypercube": 91.52
        },
        "0.2": {
            "0": 83.76,
            "1": 85.04,
            "hypercube": 81.36
        },
        "0.3": {
            "0": 74.72,
            "1": 75.68,
            "hypercube": 70.32000000000001
        },
        "0.4": {
            "0": 66.24,
            "1": 66.96,
            "hypercube": 63.75999999999999
        },
        "0.5": {
            "0": 57.52,
            "1": 57.440000000000005,
            "hypercube": 51.839999999999996
        },
        "0.6": {
            "0": 46.32,
            "1": 49.36,
            "hypercube": 39.6
        },
        "0.7": {
            "0": 36.559999999999995,
            "1": 39.04,
            "hypercube": 26.96
        },
        "0.8": {
            "0": 26.08,
            "1": 29.2,
            "hypercube": 14.000000000000002
        },
        "0.9": {
            "0": 14.16,
            "1": 18.64,
            "hypercube": 3.52
        }
    },
    "4": {
        "0.1": {
            "0": 91.67999999999999,
            "1": 91.67999999999999,
            "hypercube": 90.08
        },
        "0.2": {
            "0": 85.04,
            "1": 83.44,
            "hypercube": 81.44
        },
        "0.3": {
            "0": 75.92,
            "1": 75.03999999999999,
            "hypercube": 72.8
        },
        "0.4": {
            "0": 66.08000000000001,
            "1": 65.68,
            "hypercube": 62.0
        },
        "0.5": {
            "0": 57.36,
            "1": 57.92,
            "hypercube": 50.0
        },
        "0.6": {
            "0": 48.8,
            "1": 50.080000000000005,
            "hypercube": 37.92
        },
        "0.7": {
            "0": 38.24,
            "1": 41.68,
            "hypercube": 26.479999999999997
        },
        "0.8": {
            "0": 28.4,
            "1": 31.36,
            "hypercube": 15.2
        },
        "0.9": {
            "0": 17.44,
            "1": 17.919999999999998,
            "hypercube": 7.04
        }
    },
    "5": {
        "0.1": {
            "0": 92.87429943955165,
            "1": 93.67493995196156,
            "hypercube": 91.83346677341873
        },
        "0.2": {
            "0": 85.5084067253803,
            "1": 86.38911128903123,
            "hypercube": 81.66533226581265
        },
        "0.3": {
            "0": 78.38270616493195,
            "1": 78.14251401120896,
            "hypercube": 72.45796637309849
        },
        "0.4": {
            "0": 70.13610888710969,
            "1": 68.9351481184948,
            "hypercube": 65.5724579663731
        },
        "0.5": {
            "0": 61.88951160928743,
            "1": 61.40912730184147,
            "hypercube": 55.40432345876701
        },
        "0.6": {
            "0": 51.561248999199364,
            "1": 52.68214571657326,
            "hypercube": 42.03362690152122
        },
        "0.7": {
            "0": 42.273819055244196,
            "1": 45.476381104883906,
            "hypercube": 29.62369895916733
        },
        "0.8": {
            "0": 30.424339471577262,
            "1": 34.02722177742194,
            "hypercube": 16.09287429943955
        },
        "0.9": {
            "0": 15.452361889511609,
            "1": 21.056845476381106,
            "hypercube": 4.643714971977582
        }
    },
    "6": {
        "0.1": {
            "0": 92.07365892714171,
            "1": 93.03442754203363,
            "hypercube": 90.79263410728583
        },
        "0.2": {
            "0": 86.06885508406725,
            "1": 85.34827862289832,
            "hypercube": 84.30744595676542
        },
        "0.3": {
            "0": 78.22257806244995,
            "1": 76.46116893514812,
            "hypercube": 75.18014411529224
        },
        "0.4": {
            "0": 68.45476381104884,
            "1": 69.81585268214572,
            "hypercube": 65.89271417133708
        },
        "0.5": {
            "0": 59.087269815852686,
            "1": 61.48919135308246,
            "hypercube": 51.080864691753405
        },
        "0.6": {
            "0": 49.71977582065652,
            "1": 52.92233787029623,
            "hypercube": 39.47157726180945
        },
        "0.7": {
            "0": 40.352281825460366,
            "1": 41.71337069655724,
            "hypercube": 28.742994395516412
        },
        "0.8": {
            "0": 30.74459567654123,
            "1": 30.10408326661329,
            "hypercube": 19.135308246597276
        },
        "0.9": {
            "0": 17.7742193755004,
            "1": 17.53402722177742,
            "hypercube": 8.486789431545235
        }
    },
    "7": {
        "0.1": {
            "0": 93.51481184947959,
            "1": 93.11449159327462,
            "hypercube": 92.1537229783827
        },