{
    "0": {
        "0.05131670194948623": {
            "0": 95.6,
            "1": 94.56,
            "hypercube": 94.39999999999999
        },
        "0.10557280900008414": {
            "0": 90.32,
            "1": 89.44,
            "hypercube": 87.76
        },
        "0.16333997346592444": {
            "0": 85.11999999999999,
            "1": 85.52,
            "hypercube": 82.16
        },
        "0.2254033307585166": {
            "0": 78.32000000000001,
            "1": 78.56,
            "hypercube": 74.16
        },
        "0.2928932188134524": {
            "0": 72.0,
            "1": 70.88,
            "hypercube": 65.60000000000001
        },
        "0.3675444679663241": {
            "0": 65.68,
            "1": 65.03999999999999,
            "hypercube": 57.84
        },
        "0.4522774424948338": {
            "0": 57.92,
            "1": 57.440000000000005,
            "hypercube": 48.480000000000004
        },
        "0.5527864045000421": {
            "0": 46.32,
            "1": 46.48,
            "hypercube": 37.44
        },
        "0.6837722339831621": {
            "0": 32.96,
            "1": 31.04,
            "hypercube": 23.919999999999998
        }
    },
    "1": {
        "0.05131670194948623": {
            "0": 94.72,
            "1": 95.28,
            "hypercube": 94.32000000000001
        },
        "0.10557280900008414": {
            "0": 89.28,
            "1": 89.60000000000001,
            "hypercube": 87.03999999999999
        },
        "0.16333997346592444": {
            "0": 84.32,
            "1": 83.84,
            "hypercube": 80.32000000000001
        },
        "0.2254033307585166": {
            "0": 78.16,
            "1": 77.52,
            "hypercube": 74.08
        },
        "0.2928932188134524": {
            "0": 72.8,
            "1": 69.6,
            "hypercube": 64.88000000000001
        },
        "0.3675444679663241": {
            "0": 63.6,
            "1": 63.04,
            "hypercube": 54.400000000000006
        },
        "0.4522774424948338": {
            "0": 55.52,
            "1": 53.92,
            "hypercube": 44.4
        },
        "0.5527864045000421": {
            "0": 42.16,
            "1": 44.16,
            "hypercube": 33.36
        },
        "0.6837722339831621": {
            "0": 29.599999999999998,
            "1": 30.959999999999997,
            "hypercube": 22.32
        }
    },
    "2": {
        "0.05131670194948623": {
            "0": 93.44,
            "1": 93.52000000000001,
            "hypercube": 93.04
        },
        "0.10557280900008414": {
            "0": 88.48,
            "1": 87.68,
            "hypercube": 85.6
        },
        "0.16333997346592444": {
            "0": 83.44,
            "1": 83.2,
            "hypercube": 80.24
        },
        "0.2254033307585166": {
            "0": 76.72,
            "1": 76.4,
            "hypercube": 72.39999999999999
        },
        "0.2928932188134524": {
            "0": 68.4,
            "1": 69.12,
            "hypercube": 62.0
        },
        "0.3675444679663241": {
            "0": 60.160000000000004,
            "1": 61.919999999999995,
            "hypercube": 51.68000000000001
        },
        "0.4522774424948338": {
            "0": 52.72,
            "1": 53.68000000000001,
            "hypercube": 43.28
        },
        "0.5527864045000421": {
            "0": 44.0,
            "1": 43.76,
            "hypercube": 34.160000000000004
        },
        "0.6837722339831621": {
            "0": 30.56,
            "1": 31.6,
            "hypercube": 23.599999999999998
        }
    },
    "3": {
        "0.05131670194948623": {
            "0": 94.88,
            "1": 94.56,
            "hypercube": 93.92
        },
        "0.10557280900008414": {
            "0": 90.08,
            "1": 90.24,
            "hypercube": 88.08
        },
        "0.16333997346592444": {
            "0": 84.8,
            "1": 83.91999999999999,
            "hypercube": 80.24
        },
        "0.2254033307585166": {
            "0": 76.08,
            "1": 77.03999999999999,
            "hypercube": 71.67999999999999
        },
        "0.2928932188134524": {
            "0": 69.19999999999999,
            "1": 68.8,
            "hypercube": 61.44
        },
        "0.3675444679663241": {
            "0": 62.0,
            "1": 62.8,
            "hypercube": 52.72
        },
        "0.4522774424948338": {
            "0": 51.2,
            "1": 52.400000000000006,
            "hypercube": 40.96
        },
        "0.5527864045000421": {
            "0": 42.16,
            "1": 42.8,
            "hypercube": 32.08
        },
        "0.6837722339831621": {
            "0": 27.12,
            "1": 28.24,
            "hypercube": 20.16
        }
    },
    "4": {
        "0.05131670194948623": {
            "0": 95.52000000000001,
            "1": 95.36,
            "hypercube": 95.12
        },
        "0.10557280900008414": {
            "0": 90.16,
            "1": 91.03999999999999,
            "hypercube": 88.4
        },
        "0.16333997346592444": {
            "0": 82.96,
            "1": 83.36,
            "hypercube": 79.52
        },
        "0.2254033307585166": {
            "0": 77.52,
            "1": 77.36,
            "hypercube": 72.96000000000001
        },
        "0.2928932188134524": {
            "0": 70.88,
            "1": 70.48,
            "hypercube": 64.8
        },
        "0.3675444679663241": {
            "0": 62.72,
            "1": 62.239999999999995,
            "hypercube": 53.44
        },
        "0.4522774424948338": {
            "0": 54.08,
            "1": 54.48,
            "hypercube": 44.879999999999995
        },
        "0.5527864045000421": {
            "0": 44.080000000000005,
            "1": 44.080000000000005,
            "hypercube": 34.56
        },
        "0.6837722339831621": {
            "0": 30.959999999999997,
            "1": 31.04,
            "hypercube": 22.96
        }
    },
    "5": {
        "0.05131670194948623": {
            "0": 95.03602882305844,
            "1": 95.5164131305044,
            "hypercube": 94.79583666933547
        },
        "0.10557280900008414": {
            "0": 90.23218574859888,
            "1": 89.83186549239392,
            "hypercube": 88.55084067253803
        },
        "0.16333997346592444": {
            "0": 83.98718975180144,
            "1": 84.70776621297038,
            "hypercube": 81.1048839071257
        },
        "0.2254033307585166": {
            "0": 77.58206565252202,
            "1": 77.50200160128102,
            "hypercube": 74.45956765412329
        },
        "0.2928932188134524": {
            "0": 71.41713370696557,
            "1": 69.41553242594075,
            "hypercube": 64.69175340272217
        },
        "0.3675444679663241": {
            "0": 61.48919135308246,
            "1": 63.41072858286629,
            "hypercube": 54.12329863891113
        },
        "0.4522774424948338": {
            "0": 53.64291433146518,
            "1": 54.84387510008006,
            "hypercube": 44.99599679743795
        },
        "0.5527864045000421": {
            "0": 44.99599679743795,
            "1": 44.515612489991994,
            "hypercube": 35.708566853482786
        },
        "0.6837722339831621": {
            "0": 34.267413931144915,
            "1": 33.62690152121697,
            "hypercube": 26.501200960768617
        }
    },
    "6": {
        "0.05131670194948623": {
            "0": 95.11609287429944,
            "1": 95.11609287429944,
            "hypercube": 94.79583666933547
        },
        "0.10557280900008414": {
            "0": 91.1929543634908,
            "1": 91.51321056845477,
            "hypercube": 89.27141713370696
        },
        "0.16333997346592444": {
            "0": 84.22738190552442,
            "1": 85.58847077662129,
            "hypercube": 81.18494795836669
        },