{
    "0": {
        "0.1": {
            "0": 92.0,
            "1": 92.16,
            "hypercube": 90.72
        },
        "0.2": {
            "0": 85.44,
            "1": 85.6,
            "hypercube": 82.32000000000001
        },
        "0.3": {
            "0": 75.92,
            "1": 76.24,
            "hypercube": 71.92
        },
        "0.4": {
            "0": 68.72,
            "1": 68.08,
            "hypercube": 61.519999999999996
        },
        "0.5": {
            "0": 60.08,
            "1": 59.84,
            "hypercube": 51.6
        },
        "0.6": {
            "0": 49.04,
            "1": 50.72,
            "hypercube": 40.56
        },
        "0.7": {
            "0": 40.48,
            "1": 39.519999999999996,
            "hypercube": 32.16
        },
        "0.8": {
            "0": 29.28,
            "1": 27.68,
            "hypercube": 21.44
        },
        "0.9": {
            "0": 16.400000000000002,
            "1": 16.56,
            "hypercube": 10.4
        }
    },
    "1": {
        "0.1": {
            "0": 91.75999999999999,
            "1": 91.84,
            "hypercube": 90.24
        },
        "0.2": {
            "0": 84.32,
            "1": 83.84,
            "hypercube": 80.32000000000001
        },
        "0.3": {
            "0": 76.24,
            "1": 74.48,
            "hypercube": 70.39999999999999
        },
        "0.4": {
            "0": 68.88,
            "1": 66.47999999999999,
            "hypercube": 59.84
        },
        "0.5": {
            "0": 58.56,
            "1": 57.28,
            "hypercube": 48.24
        },
        "0.6": {
            "0": 48.24,
            "1": 48.0,
            "hypercube": 37.6
        },
        "0.7": {
            "0": 36.32,
            "1": 39.519999999999996,
            "hypercube": 29.2
        },
        "0.8": {
            "0": 25.840000000000003,
            "1": 27.04,
            "hypercube": 19.12
        },
        "0.9": {
            "0": 15.6,
            "1": 15.120000000000001,
            "hypercube": 9.84
        }
    },
    "2": {
        "0.1": {
            "0": 90.56,
            "1": 90.88000000000001,
            "hypercube": 89.2
        },
        "0.2": {
            "0": 83.6,
            "1": 83.28,
            "hypercube": 80.24
        },
        "0.3": {
            "0": 73.28,
            "1": 74.64,
            "hypercube": 69.19999999999999
        },
        "0.4": {
            "0": 64.64,
            "1": 65.44,
            "hypercube": 56.720000000000006
        },
        "0.5": {
            "0": 55.76,
            "1": 56.8,
            "hypercube": 46.239999999999995
        },
        "0.6": {
            "0": 48.24,
            "1": 48.64,
            "hypercube": 38.24
        },
        "0.7": {
            "0": 38.16,
            "1": 37.84,
            "hypercube": 29.759999999999998
        },
        "0.8": {
            "0": 27.6,
            "1": 26.400000000000002,
            "hypercube": 20.96
        },
        "0.9": {
            "0": 15.36,
            "1": 16.56,
            "hypercube": 9.44
        }
    },
    "3": {
        "0.1": {
            "0": 92.4,
            "1": 93.28,
            "hypercube": 91.36
        },
        "0.2": {
            "0": 84.8,
            "1": 83.91999999999999,
            "hypercube": 80.24
        },
        "0.3": {
            "0": 74.48,
            "1": 75.03999999999999,
            "hypercube": 69.36
        },
        "0.4": {
            "0": 65.75999999999999,
            "1": 66.8,
            "hypercube": 57.76
        },
        "0.5": {
            "0": 55.60000000000001,
            "1": 55.92,
            "hypercube": 45.6
        },
        "0.6": {
            "0": 46.0,
            "1": 47.04,
            "hypercube": 36.08
        },
        "0.7": {
            "0": 35.6,
            "1": 36.24,
            "hypercube": 27.439999999999998
        },
        "0.8": {
            "0": 25.040000000000003,
            "1": 24.560000000000002,
            "hypercube": 17.76
        },
        "0.9": {
            "0": 13.04,
            "1": 12.32,
            "hypercube": 7.4399999999999995
        }
    },
    "4": {
        "0.1": {
            "0": 92.80000000000001,
            "1": 92.4,
            "hypercube": 91.12
        },
        "0.2": {
            "0": 82.96,
            "1": 83.36,
            "hypercube": 79.52
        },
        "0.3": {
            "0": 74.64,
            "1": 75.2,
            "hypercube": 70.16
        },
        "0.4": {
            "0": 67.12,
            "1": 66.16,
            "hypercube": 58.160000000000004
        },
        "0.5": {
            "0": 56.64,
            "1": 56.96,
            "hypercube": 47.36
        },
        "0.6": {
            "0": 48.16,
            "1": 47.52,
            "hypercube": 38.32
        },
        "0.7": {
            "0": 37.12,
            "1": 36.720000000000006,
            "hypercube": 28.4
        },
        "0.8": {
            "0": 26.16,
            "1": 27.439999999999998,
            "hypercube": 20.080000000000002
        },
        "0.9": {
            "0": 15.2,
            "1": 14.879999999999999,
            "hypercube": 9.120000000000001
        }
    },
    "5": {
        "0.1": {
            "0": 92.47397918334667,
            "1": 92.2337870296237,
            "hypercube": 91.67333867093676
        },
        "0.2": {
            "0": 83.74699759807847,
            "1": 84.22738190552442,
            "hypercube": 80.70456365092073
        },
        "0.3": {
            "0": 75.26020816653323,
            "1": 75.26020816653323,
            "hypercube": 71.33706965572458
        },
        "0.4": {
            "0": 66.13290632506005,
            "1": 65.65252201761409,
            "hypercube": 59.00720576461169
        },
        "0.5": {
            "0": 56.84547638110489,
            "1": 56.6052842273819,
            "hypercube": 48.11849479583667
        },
        "0.6": {
            "0": 48.678943154523616,
            "1": 47.157726180944756,
            "hypercube": 37.950360288230584
        },
        "0.7": {
            "0": 38.99119295436349,
            "1": 39.23138510808647,
            "hypercube": 31.144915932746198
        },
        "0.8": {
            "0": 30.34427542033627,
            "1": 30.10408326661329,
            "hypercube": 22.898318654923937
        },
        "0.9": {
            "0": 19.055244195356284,
            "1": 17.69415532425941,
            "hypercube": 11.689351481184948
        }
    },
    "6": {
        "0.1": {
            "0": 93.11449159327462,
            "1": 93.03442754203363,
            "hypercube": 91.75340272217774
        },
        "0.2": {
            "0": 84.62770216172937,
            "1": 86.14891913530825,
            "hypercube": 81.50520416333067
        },
        "0.3": {
            "0": 74.77982385908727,
            "1": 75.90072057646117,
            "hypercube": 70.53642914331465
        },
        "0.4": {
            "0": 67.01361088871097,
            "1": 65.73258606885508,
            "hypercube": 58.8470776621297
        },
        "0.5": {
            "0": 55.40432345876701,
            "1": 56.04483586869495,
            "hypercube": 47.07766212970376
        },
        "0.6": {
            "0": 47.63811048839071,
            "1": 47.7982385908727,
            "hypercube": 36.6693354683747
        },
        "0.7": {
            "0": 36.429143314651725,
            "1": 38.75100080064051,
            "hypercube": 27.942353883106485
        },
        "0.8": {
            "0": 25.22017614091273,
            "1": 28.903122497998403,
            "hypercube": 18.734987990392312
        },
        "0.9": {
            "0": 12.810248198558845,
            "1": 15.212169735788631,
            "hypercube": 8.326661329063251
        }
    },
    "7": {
        "0.1": {
            "0": 91.91353082465973,
            "1": 91.35308246597278,