{
    "0": {
        "0.1": {
            "0": 91.92,
            "1": 91.84,
            "hypercube": 90.32
        },
        "0.2": {
            "0": 84.8,
            "1": 85.44,
            "hypercube": 82.0
        },
        "0.3": {
            "0": 74.64,
            "1": 73.83999999999999,
            "hypercube": 69.67999999999999
        },
        "0.4": {
            "0": 69.52000000000001,
            "1": 68.64,
            "hypercube": 62.239999999999995
        },
        "0.5": {
            "0": 60.8,
            "1": 60.160000000000004,
            "hypercube": 52.080000000000005
        },
        "0.6": {
            "0": 49.519999999999996,
            "1": 51.839999999999996,
            "hypercube": 41.44
        },
        "0.7": {
            "0": 41.120000000000005,
            "1": 39.92,
            "hypercube": 32.72
        },
        "0.8": {
            "0": 27.439999999999998,
            "1": 26.96,
            "hypercube": 20.24
        },
        "0.9": {
            "0": 16.72,
            "1": 16.88,
            "hypercube": 10.879999999999999
        }
    },
    "1": {
        "0.1": {
            "0": 91.44,
            "1": 91.36,
            "hypercube": 89.60000000000001
        },
        "0.2": {
            "0": 84.32,
            "1": 83.84,
            "hypercube": 80.32000000000001
        },
        "0.3": {
            "0": 75.6,
            "1": 73.6,
            "hypercube": 69.52000000000001
        },
        "0.4": {
            "0": 68.8,
            "1": 66.32000000000001,
            "hypercube": 59.760000000000005
        },
        "0.5": {
            "0": 58.64,
            "1": 57.440000000000005,
            "hypercube": 48.4
        },
        "0.6": {
            "0": 50.63999999999999,
            "1": 49.6,
            "hypercube": 39.12
        },
        "0.7": {
            "0": 36.480000000000004,
            "1": 39.92,
            "hypercube": 29.360000000000003
        },
        "0.8": {
            "0": 25.36,
            "1": 26.400000000000002,
            "hypercube": 18.88
        },
        "0.9": {
            "0": 15.6,
            "1": 15.120000000000001,
            "hypercube": 9.84
        }
    },
    "2": {
        "0.1": {
            "0": 90.0,
            "1": 90.56,
            "hypercube": 88.48
        },
        "0.2": {
            "0": 83.6,
            "1": 83.28,
            "hypercube": 80.24
        },
        "0.3": {
            "0": 72.56,
            "1": 74.64,
            "hypercube": 68.8
        },
        "0.4": {
            "0": 65.68,
            "1": 65.92,
            "hypercube": 57.599999999999994
        },
        "0.5": {
            "0": 56.48,
            "1": 57.199999999999996,
            "hypercube": 46.88
        },
        "0.6": {
            "0": 49.04,
            "1": 49.68,
            "hypercube": 39.2
        },
        "0.7": {
            "0": 38.16,
            "1": 37.84,
            "hypercube": 29.759999999999998
        },
        "0.8": {
            "0": 27.52,
            "1": 25.919999999999998,
            "hypercube": 20.72
        },
        "0.9": {
            "0": 15.36,
            "1": 16.56,
            "hypercube": 9.44
        }
    },
    "3": {
        "0.1": {
            "0": 92.4,
            "1": 93.28,
            "hypercube": 91.36
        },
        "0.2": {
            "0": 84.72,
            "1": 83.36,
            "hypercube": 79.84
        },
        "0.3": {
            "0": 74.08,
            "1": 74.32,
            "hypercube": 68.72
        },
        "0.4": {
            "0": 68.08,
            "1": 67.52,
            "hypercube": 59.760000000000005
        },
        "0.5": {
            "0": 56.8,
            "1": 57.92,
            "hypercube": 47.12
        },
        "0.6": {
            "0": 46.160000000000004,
            "1": 47.68,
            "hypercube": 36.480000000000004
        },
        "0.7": {
            "0": 34.96,
            "1": 35.199999999999996,
            "hypercube": 26.640000000000004
        },
        "0.8": {
            "0": 24.08,
            "1": 23.52,
            "hypercube": 16.56
        },
        "0.9": {
            "0": 13.76,
            "1": 12.4,
            "hypercube": 7.68
        }
    },
    "4": {
        "0.1": {
            "0": 92.64,
            "1": 92.4,
            "hypercube": 91.03999999999999
        },
        "0.2": {
            "0": 82.96,
            "1": 83.36,
            "hypercube": 79.52
        },
        "0.3": {
            "0": 73.68,
            "1": 73.04,
            "hypercube": 67.52
        },
        "0.4": {
            "0": 67.44,
            "1": 66.8,
            "hypercube": 59.040000000000006
        },
        "0.5": {
            "0": 57.599999999999994,
            "1": 57.76,
            "hypercube": 48.24
        },
        "0.6": {
            "0": 49.120000000000005,
            "1": 49.519999999999996,
            "hypercube": 39.839999999999996
        },
        "0.7": {
            "0": 35.92,
            "1": 36.4,
            "hypercube": 27.36
        },
        "0.8": {
            "0": 25.919999999999998,
            "1": 27.279999999999998,
            "hypercube": 19.84
        },
        "0.9": {
            "0": 15.28,
            "1": 15.040000000000001,
            "hypercube": 9.2
        }
    },
    "5": {
        "0.1": {
            "0": 92.47397918334667,
            "1": 91.59327461969575,
            "hypercube": 91.03282626100881
        },
        "0.2": {
            "0": 83.98718975180144,
            "1": 84.78783026421138,
            "hypercube": 81.18494795836669
        },
        "0.3": {
            "0": 74.5396317053643,
            "1": 73.2586068855084,
            "hypercube": 69.81585268214572
        },
        "0.4": {
            "0": 66.13290632506005,
            "1": 65.65252201761409,
            "hypercube": 59.00720576461169
        },
        "0.5": {
            "0": 57.485988791032824,
            "1": 57.96637309847878,
            "hypercube": 49.55964771817454
        },
        "0.6": {
            "0": 49.71977582065652,
            "1": 49.399519615692554,
            "hypercube": 39.87189751801441
        },
        "0.7": {
            "0": 40.19215372297838,
            "1": 40.27221777421938,
            "hypercube": 32.02562049639712
        },
        "0.8": {
            "0": 29.543634907926343,
            "1": 30.0240192153723,
            "hypercube": 22.257806244995997
        },
        "0.9": {
            "0": 18.014411529223377,
            "1": 17.373899119295437,
            "hypercube": 11.289031224979984
        }
    },
    "6": {
        "0.1": {
            "0": 92.79423538831065,
            "1": 93.03442754203363,
            "hypercube": 91.51321056845477
        },
        "0.2": {
            "0": 83.90712570056044,
            "1": 83.90712570056044,
            "hypercube": 80.0640512409928
        },
        "0.3": {
            "0": 73.49879903923139,
            "1": 74.21937550040032,
            "hypercube": 69.01521216973579
        },
        "0.4": {
            "0": 67.17373899119295,
            "1": 66.37309847878302,
            "hypercube": 59.167333867093674
        },
        "0.5": {
            "0": 56.6853482786229,
            "1": 57.56605284227382,
            "hypercube": 48.27862289831866
        },
        "0.6": {
            "0": 49.079263410728586,
            "1": 50.600480384307446,
            "hypercube": 39.23138510808647
        },
        "0.7": {
            "0": 38.27061649319455,
            "1": 40.11208967173739,
            "hypercube": 29.703763010408323
        },
        "0.8": {
            "0": 25.540432345876702,
            "1": 28.903122497998403,
            "hypercube": 18.815052041633308
        },
        "0.9": {
            "0": 12.810248198558845,
            "1": 15.212169735788631,