{
    "0": {
        "0.1": {
            "0": 92.4,
            "1": 92.32000000000001,
            "hypercube": 90.88000000000001
        },
        "0.2": {
            "0": 81.12,
            "1": 81.12,
            "hypercube": 78.88
        },
        "0.3": {
            "0": 75.84,
            "1": 75.28,
            "hypercube": 70.0
        },
        "0.4": {
            "0": 66.32000000000001,
            "1": 64.0,
            "hypercube": 59.599999999999994
        },
        "0.5": {
            "0": 59.84,
            "1": 58.4,
            "hypercube": 51.519999999999996
        },
        "0.6": {
            "0": 52.16,
            "1": 52.0,
            "hypercube": 42.480000000000004
        },
        "0.7": {
            "0": 39.76,
            "1": 42.88,
            "hypercube": 30.48
        },
        "0.8": {
            "0": 33.040000000000006,
            "1": 36.720000000000006,
            "hypercube": 21.52
        },
        "0.9": {
            "0": 20.72,
            "1": 22.64,
            "hypercube": 10.879999999999999
        }
    },
    "1": {
        "0.1": {
            "0": 92.72,
            "1": 93.44,
            "hypercube": 90.48
        },
        "0.2": {
            "0": 83.52000000000001,
            "1": 84.8,
            "hypercube": 78.64
        },
        "0.3": {
            "0": 77.68,
            "1": 77.44,
            "hypercube": 67.2
        },
        "0.4": {
            "0": 70.88,
            "1": 72.08,
            "hypercube": 57.68
        },
        "0.5": {
            "0": 63.44,
            "1": 63.04,
            "hypercube": 47.44
        },
        "0.6": {
            "0": 55.04,
            "1": 57.120000000000005,
            "hypercube": 36.88
        },
        "0.7": {
            "0": 48.96,
            "1": 51.28,
            "hypercube": 29.360000000000003
        },
        "0.8": {
            "0": 41.52,
            "1": 42.72,
            "hypercube": 19.2
        },
        "0.9": {
            "0": 30.320000000000004,
            "1": 32.72,
            "hypercube": 8.64
        }
    },
    "2": {
        "0.1": {
            "0": 89.92,
            "1": 90.56,
            "hypercube": 88.72
        },
        "0.2": {
            "0": 80.56,
            "1": 81.04,
            "hypercube": 77.68
        },
        "0.3": {
            "0": 67.84,
            "1": 67.44,
            "hypercube": 66.64
        },
        "0.4": {
            "0": 61.44,
            "1": 61.519999999999996,
            "hypercube": 58.32000000000001
        },
        "0.5": {
            "0": 55.76,
            "1": 55.44,
            "hypercube": 50.32
        },
        "0.6": {
            "0": 49.84,
            "1": 45.519999999999996,
            "hypercube": 38.800000000000004
        },
        "0.7": {
            "0": 41.839999999999996,
            "1": 37.84,
            "hypercube": 28.96
        },
        "0.8": {
            "0": 30.320000000000004,
            "1": 29.439999999999998,
            "hypercube": 19.68
        },
        "0.9": {
            "0": 13.68,
            "1": 15.68,
            "hypercube": 9.92
        }
    },
    "3": {
        "0.1": {
            "0": 92.56,
            "1": 92.72,
            "hypercube": 90.96
        },
        "0.2": {
            "0": 83.04,
            "1": 83.52000000000001,
            "hypercube": 79.2
        },
        "0.3": {
            "0": 71.52,
            "1": 71.67999999999999,
            "hypercube": 68.47999999999999
        },
        "0.4": {
            "0": 63.6,
            "1": 63.04,
            "hypercube": 60.0
        },
        "0.5": {
            "0": 53.92,
            "1": 54.879999999999995,
            "hypercube": 48.64
        },
        "0.6": {
            "0": 44.72,
            "1": 46.800000000000004,
            "hypercube": 37.2
        },
        "0.7": {
            "0": 36.64,
            "1": 39.12,
            "hypercube": 27.04
        },
        "0.8": {
            "0": 31.2,
            "1": 32.800000000000004,
            "hypercube": 18.48
        },
        "0.9": {
            "0": 22.16,
            "1": 24.32,
            "hypercube": 9.68
        }
    },
    "4": {
        "0.1": {
            "0": 90.72,
            "1": 91.36,
            "hypercube": 89.52
        },
        "0.2": {
            "0": 83.76,
            "1": 82.39999999999999,
            "hypercube": 79.36
        },
        "0.3": {
            "0": 69.92,
            "1": 69.04,
            "hypercube": 67.67999999999999
        },
        "0.4": {
            "0": 63.839999999999996,
            "1": 63.44,
            "hypercube": 57.99999999999999
        },
        "0.5": {
            "0": 56.16,
            "1": 56.879999999999995,
            "hypercube": 48.24
        },
        "0.6": {
            "0": 49.519999999999996,
            "1": 50.63999999999999,
            "hypercube": 38.96
        },
        "0.7": {
            "0": 40.64,
            "1": 43.519999999999996,
            "hypercube": 28.4
        },
        "0.8": {
            "0": 32.32,
            "1": 34.88,
            "hypercube": 18.72
        },
        "0.9": {
            "0": 21.68,
            "1": 22.32,
            "hypercube": 9.6
        }
    },
    "5": {
        "0.1": {
            "0": 92.2337870296237,
            "1": 93.1945556445156,
            "hypercube": 91.2730184147318
        },
        "0.2": {
            "0": 84.06725380304243,
            "1": 85.98879103282626,
            "hypercube": 80.70456365092073
        },
        "0.3": {
            "0": 77.18174539631705,
            "1": 77.42193755004003,
            "hypercube": 71.2570056044836
        },
        "0.4": {
            "0": 66.29303442754203,
            "1": 65.01200960768615,
            "hypercube": 60.52842273819056
        },
        "0.5": {
            "0": 57.726180944755804,
            "1": 58.76701361088871,
            "hypercube": 50.680544435548434
        },
        "0.6": {
            "0": 50.36028823058447,
            "1": 51.72137710168134,
            "hypercube": 40.43234587670136
        },
        "0.7": {
            "0": 42.67413931144916,
            "1": 46.196957566052845,
            "hypercube": 30.58446757405925
        },
        "0.8": {
            "0": 36.82946357085669,
            "1": 38.99119295436349,
            "hypercube": 20.816653322658127
        },
        "0.9": {
            "0": 22.41793434747798,
            "1": 26.661329063250598,
            "hypercube": 11.369095276220976
        }
    },
    "6": {
        "0.1": {
            "0": 91.43314651721377,
            "1": 92.87429943955165,
            "hypercube": 90.23218574859888
        },
        "0.2": {
            "0": 84.22738190552442,
            "1": 82.54603682946357,
            "hypercube": 81.66533226581265
        },
        "0.3": {
            "0": 74.29943955164131,
            "1": 73.65892714171338,
            "hypercube": 71.41713370696557
        },
        "0.4": {
            "0": 65.33226581265012,
            "1": 67.25380304243394,
            "hypercube": 61.1689351481185
        },
        "0.5": {
            "0": 59.087269815852686,
            "1": 61.48919135308246,
            "hypercube": 51.080864691753405
        },
        "0.6": {
            "0": 52.2017614091273,
            "1": 54.84387510008006,
            "hypercube": 42.67413931144916
        },
        "0.7": {
            "0": 42.91433146517214,
            "1": 44.83586869495596,
            "hypercube": 31.545236188951158
        },
        "0.8": {
            "0": 33.94715772618094,
            "1": 32.66613290632506,
            "hypercube": 21.77742193755004
        },
        "0.9": {
            "0": 22.978382706164933,
            "1": 22.65812650120096,
            "hypercube": 12.169735788630904
        }
    },
    "7": {
        "0.1": {
            "0": 92.1537229783827,