{
    "0": {
        "0.05131670194948623": {
            "0": 94.56,
            "1": 94.64,
            "hypercube": 94.16
        },
        "0.10557280900008414": {
            "0": 90.0,
            "1": 89.75999999999999,
            "hypercube": 87.52
        },
        "0.16333997346592444": {
            "0": 83.12,
            "1": 83.44,
            "hypercube": 81.52000000000001
        },
        "0.2254033307585166": {
            "0": 77.44,
            "1": 77.60000000000001,
            "hypercube": 72.39999999999999
        },
        "0.2928932188134524": {
            "0": 70.39999999999999,
            "1": 69.92,
            "hypercube": 65.68
        },
        "0.3675444679663241": {
            "0": 65.03999999999999,
            "1": 62.0,
            "hypercube": 57.599999999999994
        },
        "0.4522774424948338": {
            "0": 56.879999999999995,
            "1": 56.08,
            "hypercube": 47.760000000000005
        },
        "0.5527864045000421": {
            "0": 44.48,
            "1": 47.12,
            "hypercube": 35.52
        },
        "0.6837722339831621": {
            "0": 31.2,
            "1": 35.28,
            "hypercube": 20.0
        }
    },
    "1": {
        "0.05131670194948623": {
            "0": 95.12,
            "1": 95.44,
            "hypercube": 94.8
        },
        "0.10557280900008414": {
            "0": 88.4,
            "1": 90.32,
            "hypercube": 85.68
        },
        "0.16333997346592444": {
            "0": 82.08,
            "1": 83.67999999999999,
            "hypercube": 76.24
        },
        "0.2254033307585166": {
            "0": 75.92,
            "1": 76.64,
            "hypercube": 64.64
        },
        "0.2928932188134524": {
            "0": 68.72,
            "1": 69.44,
            "hypercube": 55.04
        },
        "0.3675444679663241": {
            "0": 60.24,
            "1": 62.0,
            "hypercube": 44.56
        },
        "0.4522774424948338": {
            "0": 52.400000000000006,
            "1": 54.32,
            "hypercube": 33.6
        },
        "0.5527864045000421": {
            "0": 43.44,
            "1": 44.56,
            "hypercube": 21.04
        },
        "0.6837722339831621": {
            "0": 29.520000000000003,
            "1": 31.6,
            "hypercube": 8.0
        }
    },
    "2": {
        "0.05131670194948623": {
            "0": 93.04,
            "1": 92.32000000000001,
            "hypercube": 91.75999999999999
        },
        "0.10557280900008414": {
            "0": 87.83999999999999,
            "1": 87.76,
            "hypercube": 86.0
        },
        "0.16333997346592444": {
            "0": 81.28,
            "1": 81.92,
            "hypercube": 78.24
        },
        "0.2254033307585166": {
            "0": 75.52,
            "1": 74.8,
            "hypercube": 71.12
        },
        "0.2928932188134524": {
            "0": 67.84,
            "1": 67.44,
            "hypercube": 66.64
        },
        "0.3675444679663241": {
            "0": 60.88,
            "1": 60.8,
            "hypercube": 57.599999999999994
        },
        "0.4522774424948338": {
            "0": 53.6,
            "1": 53.44,
            "hypercube": 47.199999999999996
        },
        "0.5527864045000421": {
            "0": 45.36,
            "1": 40.400000000000006,
            "hypercube": 32.64
        },
        "0.6837722339831621": {
            "0": 31.52,
            "1": 29.759999999999998,
            "hypercube": 20.080000000000002
        }
    },
    "3": {
        "0.05131670194948623": {
            "0": 95.12,
            "1": 95.67999999999999,
            "hypercube": 94.88
        },
        "0.10557280900008414": {
            "0": 90.16,
            "1": 90.16,
            "hypercube": 87.36
        },
        "0.16333997346592444": {
            "0": 83.44,
            "1": 83.6,
            "hypercube": 79.60000000000001
        },
        "0.2254033307585166": {
            "0": 76.55999999999999,
            "1": 77.2,
            "hypercube": 72.0
        },
        "0.2928932188134524": {
            "0": 69.44,
            "1": 69.6,
            "hypercube": 66.56
        },
        "0.3675444679663241": {
            "0": 63.28,
            "1": 62.8,
            "hypercube": 59.760000000000005
        },
        "0.4522774424948338": {
            "0": 53.04,
            "1": 54.48,
            "hypercube": 47.68
        },
        "0.5527864045000421": {
            "0": 41.760000000000005,
            "1": 43.68,
            "hypercube": 33.839999999999996
        },
        "0.6837722339831621": {
            "0": 28.4,
            "1": 31.680000000000003,
            "hypercube": 15.76
        }
    },
    "4": {
        "0.05131670194948623": {
            "0": 94.56,
            "1": 95.04,
            "hypercube": 94.48
        },
        "0.10557280900008414": {
            "0": 89.03999999999999,
            "1": 89.60000000000001,
            "hypercube": 87.2
        },
        "0.16333997346592444": {
            "0": 84.64,
            "1": 83.28,
            "hypercube": 81.12
        },
        "0.2254033307585166": {
            "0": 77.03999999999999,
            "1": 76.48,
            "hypercube": 73.11999999999999
        },
        "0.2928932188134524": {
            "0": 69.36,
            "1": 67.92,
            "hypercube": 66.4
        },
        "0.3675444679663241": {
            "0": 61.519999999999996,
            "1": 62.08,
            "hypercube": 55.52
        },
        "0.4522774424948338": {
            "0": 51.76,
            "1": 53.44,
            "hypercube": 42.4
        },
        "0.5527864045000421": {
            "0": 42.72,
            "1": 45.28,
            "hypercube": 30.8
        },
        "0.6837722339831621": {
            "0": 31.119999999999997,
            "1": 32.879999999999995,
            "hypercube": 17.36
        }
    },
    "5": {
        "0.05131670194948623": {
            "0": 95.11609287429944,
            "1": 95.03602882305844,
            "hypercube": 94.79583666933547
        },
        "0.10557280900008414": {
            "0": 90.0720576461169,
            "1": 91.67333867093676,
            "hypercube": 88.31064851881504
        },
        "0.16333997346592444": {
            "0": 83.98718975180144,
            "1": 85.98879103282626,
            "hypercube": 80.70456365092073
        },
        "0.2254033307585166": {
            "0": 78.70296236989591,
            "1": 78.30264211369095,
            "hypercube": 72.85828662930345
        },
        "0.2928932188134524": {
            "0": 71.81745396317054,
            "1": 71.33706965572458,
            "hypercube": 67.09367493995197
        },
        "0.3675444679663241": {
            "0": 64.13130504403523,
            "1": 63.89111289031225,
            "hypercube": 58.52682145716573
        },
        "0.4522774424948338": {
            "0": 54.52361889511609,
            "1": 56.36509207365893,
            "hypercube": 46.91753402722178
        },
        "0.5527864045000421": {
            "0": 43.87510008006405,
            "1": 47.63811048839071,
            "hypercube": 32.66613290632506
        },
        "0.6837722339831621": {
            "0": 30.58446757405925,
            "1": 34.10728582866293,
            "hypercube": 16.253002401921538
        }
    },
    "6": {
        "0.05131670194948623": {
            "0": 95.19615692554044,
            "1": 95.43634907926342,
            "hypercube": 95.03602882305844
        },
        "0.10557280900008414": {
            "0": 89.75180144115292,
            "1": 91.03282626100881,
            "hypercube": 87.9103282626101
        },
        "0.16333997346592444": {
            "0": 85.26821457165732,
            "1": 85.26821457165732,
            "hypercube": 83.82706164931946
        },
        "0.2254033307585166": {
            "0": 80.22417934347477,